HG002vGRCh38_wm_50md_PBCCS_sniffles_0_77596	0.1.0.0.0
HG002vGRCh38_wm_50md_PBCCS_sniffles_0_77595	0.1.1.0.0
HG003vGRCh38_wm_50md_PBCCS_sniffles_0_75836	0.1.1.0.0
HG003vGRCh38_wm_50md_PBCCS_sniffles_0_75837	0.1.1.0.0
HG004vGRCh38_wm_50md_PBCCS_sniffles_0_74382	0.1.1.0.0
HG002vGRCh38_wm_50md_PBCCS_sniffles_0_77594	0.1.1.0.1
HG003vGRCh38_wm_50md_PBCCS_sniffles_0_75868	0.10.0.0
HG003vGRCh38_wm_50md_PBCCS_sniffles_0_76039	0.101.0.0
HG002vGRCh38_wm_50md_PBCCS_sniffles_0_77798	0.103.0.0
HG003vGRCh38_wm_50md_PBCCS_sniffles_0_76044	0.103.0.0
HG004vGRCh38_wm_50md_PBCCS_sniffles_0_74562	0.104.0.0
HG002vGRCh38_wm_50md_PBCCS_sniffles_0_77799	0.104.0.0
HG002vGRCh38_wm_50md_PBCCS_sniffles_0_77807	0.107.0.0
HG003vGRCh38_wm_50md_PBCCS_sniffles_0_76050	0.107.0.0
HG004vGRCh38_wm_50md_PBCCS_sniffles_0_74566	0.107.0.0
HG002vGRCh38_wm_50md_PBCCS_sniffles_0_77808	0.108.0.0
HG004vGRCh38_wm_50md_PBCCS_sniffles_0_74567	0.108.0.0
HG002vGRCh38_wm_50md_PBCCS_sniffles_0_77809	0.110.0.0
HG003vGRCh38_wm_50md_PBCCS_sniffles_0_76052	0.110.0.0
HG004vGRCh38_wm_50md_PBCCS_sniffles_0_74569	0.110.0.0
HG003vGRCh38_wm_50md_PBCCS_sniffles_0_76053	0.110.0.1
HG003vGRCh38_wm_50md_PBCCS_sniffles_0_76057	0.112.0.0
HG004vGRCh38_wm_50md_PBCCS_sniffles_0_74573	0.112.0.0
HG002vGRCh38_wm_50md_PBCCS_sniffles_0_77826	0.114.0.0
HG003vGRCh38_wm_50md_PBCCS_sniffles_0_76068	0.114.0.0
HG004vGRCh38_wm_50md_PBCCS_sniffles_0_74581	0.114.0.0
HG002vGRCh38_wm_50md_PBCCS_sniffles_0_77827	0.115.0.0
HG003vGRCh38_wm_50md_PBCCS_sniffles_0_76069	0.115.0.0
HG004vGRCh38_wm_50md_PBCCS_sniffles_0_74582	0.115.0.0
HG004vGRCh38_wm_50md_PBCCS_sniffles_0_74584	0.116.0.0
HG003vGRCh38_wm_50md_PBCCS_sniffles_0_76071	0.117.0.0
HG002vGRCh38_wm_50md_PBCCS_sniffles_0_77832	0.117.0.0
HG002vGRCh38_wm_50md_PBCCS_sniffles_0_77833	0.117.0.1
HG002vGRCh38_wm_50md_PBCCS_sniffles_0_77836	0.119.0.0
HG003vGRCh38_wm_50md_PBCCS_sniffles_0_75873	0.12.0.0
HG004vGRCh38_wm_50md_PBCCS_sniffles_0_74391	0.12.0.1
HG002vGRCh38_wm_50md_PBCCS_sniffles_0_77623	0.12.0.1
HG002vGRCh38_wm_50md_PBCCS_sniffles_0_77838	0.120.0.0
HG004vGRCh38_wm_50md_PBCCS_sniffles_0_74592	0.120.0.0
HG002vGRCh38_wm_50md_PBCCS_sniffles_0_77841	0.121.0.0
HG004vGRCh38_wm_50md_PBCCS_sniffles_0_74595	0.121.0.0
HG004vGRCh38_wm_50md_PBCCS_sniffles_0_74598	0.124.0.0
HG002vGRCh38_wm_50md_PBCCS_sniffles_0_77843	0.124.0.0
HG003vGRCh38_wm_50md_PBCCS_sniffles_0_76078	0.124.0.0
HG003vGRCh38_wm_50md_PBCCS_sniffles_0_76081	0.126.0.0
HG004vGRCh38_wm_50md_PBCCS_sniffles_0_74602	0.126.0.0
HG004vGRCh38_wm_50md_PBCCS_sniffles_0_74612	0.129.0.0
HG004vGRCh38_wm_50md_PBCCS_sniffles_0_74613	0.129.0.1
HG004vGRCh38_wm_50md_PBCCS_sniffles_0_74392	0.13.0.0
HG002vGRCh38_wm_50md_PBCCS_sniffles_0_77624	0.13.0.0
HG003vGRCh38_wm_50md_PBCCS_sniffles_0_76098	0.130.0.0
HG002vGRCh38_wm_50md_PBCCS_sniffles_0_77864	0.130.0.0
HG004vGRCh38_wm_50md_PBCCS_sniffles_0_74623	0.130.0.0
HG002vGRCh38_wm_50md_PBCCS_sniffles_0_77868	0.132.0.0.0
HG003vGRCh38_wm_50md_PBCCS_sniffles_0_76102	0.132.0.0.0
HG003vGRCh38_wm_50md_PBCCS_sniffles_0_76103	0.132.1.0.0
HG003vGRCh38_wm_50md_PBCCS_sniffles_0_76104	0.133.0.0
HG002vGRCh38_wm_50md_PBCCS_sniffles_0_77877	0.136.0.0
HG003vGRCh38_wm_50md_PBCCS_sniffles_0_76115	0.136.0.0
HG002vGRCh38_wm_50md_PBCCS_sniffles_0_77878	0.137.0.0
HG003vGRCh38_wm_50md_PBCCS_sniffles_0_76116	0.137.0.0
HG003vGRCh38_wm_50md_PBCCS_sniffles_0_76117	0.138.0.0
HG002vGRCh38_wm_50md_PBCCS_sniffles_0_77879	0.138.0.0
HG004vGRCh38_wm_50md_PBCCS_sniffles_0_74633	0.139.0.0
HG002vGRCh38_wm_50md_PBCCS_sniffles_0_77880	0.139.0.0
HG003vGRCh38_wm_50md_PBCCS_sniffles_0_76118	0.139.0.0
HG002vGRCh38_wm_50md_PBCCS_sniffles_0_77625	0.14.0.0
HG003vGRCh38_wm_50md_PBCCS_sniffles_0_75874	0.14.0.0
HG004vGRCh38_wm_50md_PBCCS_sniffles_0_74393	0.14.0.0
HG002vGRCh38_wm_50md_PBCCS_sniffles_0_77898	0.141.0.0
HG003vGRCh38_wm_50md_PBCCS_sniffles_0_76130	0.141.0.0
HG004vGRCh38_wm_50md_PBCCS_sniffles_0_74644	0.142.0.0
HG003vGRCh38_wm_50md_PBCCS_sniffles_0_76131	0.143.0.0
HG004vGRCh38_wm_50md_PBCCS_sniffles_0_74645	0.143.0.0
HG002vGRCh38_wm_50md_PBCCS_sniffles_0_77899	0.143.0.0
HG003vGRCh38_wm_50md_PBCCS_sniffles_0_76132	0.144.0.0
HG002vGRCh38_wm_50md_PBCCS_sniffles_0_77900	0.144.0.0
HG004vGRCh38_wm_50md_PBCCS_sniffles_0_74646	0.144.0.0
HG002vGRCh38_wm_50md_PBCCS_sniffles_0_77910	0.146.0.0
HG003vGRCh38_wm_50md_PBCCS_sniffles_0_76138	0.146.0.0
HG004vGRCh38_wm_50md_PBCCS_sniffles_0_74655	0.146.0.0
HG003vGRCh38_wm_50md_PBCCS_sniffles_0_76142	0.147.0.0
HG004vGRCh38_wm_50md_PBCCS_sniffles_0_74659	0.147.0.0
HG002vGRCh38_wm_50md_PBCCS_sniffles_0_77914	0.147.0.0
HG003vGRCh38_wm_50md_PBCCS_sniffles_0_76144	0.148.0.0
HG004vGRCh38_wm_50md_PBCCS_sniffles_0_74660	0.148.0.0
HG002vGRCh38_wm_50md_PBCCS_sniffles_0_77916	0.148.0.0
HG004vGRCh38_wm_50md_PBCCS_sniffles_0_74398	0.15.0.0
HG003vGRCh38_wm_50md_PBCCS_sniffles_0_75878	0.15.0.0
HG002vGRCh38_wm_50md_PBCCS_sniffles_0_77626	0.15.0.0
HG002vGRCh38_wm_50md_PBCCS_sniffles_0_77920	0.150.0.0
HG003vGRCh38_wm_50md_PBCCS_sniffles_0_76148	0.150.0.0
HG004vGRCh38_wm_50md_PBCCS_sniffles_0_74663	0.150.0.0
HG003vGRCh38_wm_50md_PBCCS_sniffles_0_76157	0.152.0.0
HG004vGRCh38_wm_50md_PBCCS_sniffles_0_74669	0.152.0.0
HG002vGRCh38_wm_50md_PBCCS_sniffles_0_77926	0.152.0.0
HG004vGRCh38_wm_50md_PBCCS_sniffles_0_74672	0.153.0.0
HG002vGRCh38_wm_50md_PBCCS_sniffles_0_77929	0.153.0.0
HG003vGRCh38_wm_50md_PBCCS_sniffles_0_76159	0.153.0.0
HG002vGRCh38_wm_50md_PBCCS_sniffles_0_77935	0.155.0.0
HG003vGRCh38_wm_50md_PBCCS_sniffles_0_76162	0.155.0.0
HG004vGRCh38_wm_50md_PBCCS_sniffles_0_74678	0.155.0.0
HG002vGRCh38_wm_50md_PBCCS_sniffles_0_77936	0.156.0.0
HG004vGRCh38_wm_50md_PBCCS_sniffles_0_74679	0.156.0.0
HG003vGRCh38_wm_50md_PBCCS_sniffles_0_76165	0.158.0.0
HG002vGRCh38_wm_50md_PBCCS_sniffles_0_77944	0.159.0.0
HG004vGRCh38_wm_50md_PBCCS_sniffles_0_74687	0.159.0.0
HG004vGRCh38_wm_50md_PBCCS_sniffles_0_74402	0.16.0.1.0.0
HG003vGRCh38_wm_50md_PBCCS_sniffles_0_75882	0.16.1.1.0.0
HG003vGRCh38_wm_50md_PBCCS_sniffles_0_75880	0.16.2.0.0
HG002vGRCh38_wm_50md_PBCCS_sniffles_0_77628	0.16.2.0.0
HG002vGRCh38_wm_50md_PBCCS_sniffles_0_77945	0.160.0.0
HG004vGRCh38_wm_50md_PBCCS_sniffles_0_74688	0.160.0.0
HG004vGRCh38_wm_50md_PBCCS_sniffles_0_74706	0.169.0.0
HG002vGRCh38_wm_50md_PBCCS_sniffles_0_77972	0.172.0.0
HG003vGRCh38_wm_50md_PBCCS_sniffles_0_76197	0.172.0.0
HG004vGRCh38_wm_50md_PBCCS_sniffles_0_74714	0.172.0.0
HG002vGRCh38_wm_50md_PBCCS_sniffles_0_77973	0.173.0.0
HG003vGRCh38_wm_50md_PBCCS_sniffles_0_76199	0.173.0.0
HG004vGRCh38_wm_50md_PBCCS_sniffles_0_74715	0.173.0.0
HG002vGRCh38_wm_50md_PBCCS_sniffles_0_77978	0.175.0.0
HG003vGRCh38_wm_50md_PBCCS_sniffles_0_76206	0.175.0.0
HG004vGRCh38_wm_50md_PBCCS_sniffles_0_74720	0.175.0.0
HG002vGRCh38_wm_50md_PBCCS_sniffles_0_77981	0.176.0.0
HG003vGRCh38_wm_50md_PBCCS_sniffles_0_76209	0.176.0.0
HG004vGRCh38_wm_50md_PBCCS_sniffles_0_74723	0.176.0.0
HG004vGRCh38_wm_50md_PBCCS_sniffles_0_74403	0.18.0.0
HG003vGRCh38_wm_50md_PBCCS_sniffles_0_75883	0.18.0.0
HG002vGRCh38_wm_50md_PBCCS_sniffles_0_77999	0.180.0.0
HG002vGRCh38_wm_50md_PBCCS_sniffles_0_78006	0.182.0.0
HG003vGRCh38_wm_50md_PBCCS_sniffles_0_76223	0.182.0.0
HG004vGRCh38_wm_50md_PBCCS_sniffles_0_74741	0.182.0.0
HG004vGRCh38_wm_50md_PBCCS_sniffles_0_74744	0.183.0.0
HG004vGRCh38_wm_50md_PBCCS_sniffles_0_74747	0.187.0.0
HG003vGRCh38_wm_50md_PBCCS_sniffles_0_76231	0.187.0.0
HG003vGRCh38_wm_50md_PBCCS_sniffles_0_76232	0.188.0.0
HG004vGRCh38_wm_50md_PBCCS_sniffles_0_74749	0.188.0.0
HG002vGRCh38_wm_50md_PBCCS_sniffles_0_78021	0.188.0.0
HG003vGRCh38_wm_50md_PBCCS_sniffles_0_76234	0.189.1.0.0
HG004vGRCh38_wm_50md_PBCCS_sniffles_0_74750	0.189.1.0.0
HG002vGRCh38_wm_50md_PBCCS_sniffles_0_78022	0.189.1.0.0
HG003vGRCh38_wm_50md_PBCCS_sniffles_0_76235	0.189.1.0.0
HG002vGRCh38_wm_50md_PBCCS_sniffles_0_78025	0.189.1.0.0
HG004vGRCh38_wm_50md_PBCCS_sniffles_0_74753	0.189.1.0.0
HG002vGRCh38_wm_50md_PBCCS_sniffles_0_78023	0.189.1.0.1
HG003vGRCh38_wm_50md_PBCCS_sniffles_0_76233	0.189.1.0.1
HG002vGRCh38_wm_50md_PBCCS_sniffles_0_78024	0.189.1.0.2
HG003vGRCh38_wm_50md_PBCCS_sniffles_0_76236	0.189.1.0.2
HG002vGRCh38_wm_50md_PBCCS_sniffles_0_77636	0.19.0.0
HG004vGRCh38_wm_50md_PBCCS_sniffles_0_74408	0.19.0.0
HG004vGRCh38_wm_50md_PBCCS_sniffles_0_74761	0.191.0.0
HG002vGRCh38_wm_50md_PBCCS_sniffles_0_78040	0.192.0.0
HG003vGRCh38_wm_50md_PBCCS_sniffles_0_76247	0.192.0.0
HG002vGRCh38_wm_50md_PBCCS_sniffles_0_78053	0.194.0.0
HG003vGRCh38_wm_50md_PBCCS_sniffles_0_76258	0.194.0.0
HG004vGRCh38_wm_50md_PBCCS_sniffles_0_74771	0.194.0.0
HG002vGRCh38_wm_50md_PBCCS_sniffles_0_78056	0.197.0.0.0
HG004vGRCh38_wm_50md_PBCCS_sniffles_0_74775	0.197.1.0.0
HG003vGRCh38_wm_50md_PBCCS_sniffles_0_76262	0.197.1.0.0
HG004vGRCh38_wm_50md_PBCCS_sniffles_0_74776	0.197.2.0.0
HG002vGRCh38_wm_50md_PBCCS_sniffles_0_78057	0.197.2.0.0
HG003vGRCh38_wm_50md_PBCCS_sniffles_0_76261	0.197.2.0.0
HG003vGRCh38_wm_50md_PBCCS_sniffles_0_76263	0.198.0.0
HG004vGRCh38_wm_50md_PBCCS_sniffles_0_74777	0.198.0.0
HG003vGRCh38_wm_50md_PBCCS_sniffles_0_76272	0.199.0.0
HG004vGRCh38_wm_50md_PBCCS_sniffles_0_74787	0.199.0.0
HG002vGRCh38_wm_50md_PBCCS_sniffles_0_77597	0.2.0.0
HG003vGRCh38_wm_50md_PBCCS_sniffles_0_75838	0.2.0.0
HG002vGRCh38_wm_50md_PBCCS_sniffles_0_77644	0.20.0.0
HG003vGRCh38_wm_50md_PBCCS_sniffles_0_75891	0.20.0.0
HG004vGRCh38_wm_50md_PBCCS_sniffles_0_74415	0.20.0.0
HG003vGRCh38_wm_50md_PBCCS_sniffles_0_76273	0.203.0.0
HG004vGRCh38_wm_50md_PBCCS_sniffles_0_74792	0.203.0.0
HG002vGRCh38_wm_50md_PBCCS_sniffles_0_78075	0.205.0.0
HG002vGRCh38_wm_50md_PBCCS_sniffles_0_79026	0.213.1.0.0
HG003vGRCh38_wm_50md_PBCCS_sniffles_0_77409	0.213.1.0.0
HG004vGRCh38_wm_50md_PBCCS_sniffles_0_75773	0.213.1.0.0
HG004vGRCh38_wm_50md_PBCCS_sniffles_0_75820	0.216.0.0
HG002vGRCh38_wm_50md_PBCCS_sniffles_0_79095	0.218.0.0
HG004vGRCh38_wm_50md_PBCCS_sniffles_0_75829	0.218.0.0
HG002vGRCh38_wm_50md_PBCCS_sniffles_0_79097	0.220.0.0
HG003vGRCh38_wm_50md_PBCCS_sniffles_0_77463	0.220.0.0
HG004vGRCh38_wm_50md_PBCCS_sniffles_0_75831	0.220.0.0
HG003vGRCh38_wm_50md_PBCCS_sniffles_0_77468	0.222.0.0
HG002vGRCh38_wm_50md_PBCCS_sniffles_0_79099	0.222.0.0
HG003vGRCh38_wm_50md_PBCCS_sniffles_0_77469	0.223.0.0
HG002vGRCh38_wm_50md_PBCCS_sniffles_0_79102	0.223.0.0
HG004vGRCh38_wm_50md_PBCCS_sniffles_0_75834	0.224.1.0.0
HG002vGRCh38_wm_50md_PBCCS_sniffles_0_79105	0.224.1.0.0
HG003vGRCh38_wm_50md_PBCCS_sniffles_0_77471	0.224.1.0.0
HG002vGRCh38_wm_50md_PBCCS_sniffles_0_79106	0.224.1.0.0
HG004vGRCh38_wm_50md_PBCCS_sniffles_0_75835	0.224.1.0.0
HG003vGRCh38_wm_50md_PBCCS_sniffles_0_77472	0.224.1.0.0
HG004vGRCh38_wm_50md_PBCCS_sniffles_0_75837	0.224.1.0.0
HG003vGRCh38_wm_50md_PBCCS_sniffles_0_77470	0.224.1.0.1
HG004vGRCh38_wm_50md_PBCCS_sniffles_0_75833	0.224.1.0.1
HG002vGRCh38_wm_50md_PBCCS_sniffles_0_79103	0.224.1.0.1
HG002vGRCh38_wm_50md_PBCCS_sniffles_0_79108	0.225.0.0
HG003vGRCh38_wm_50md_PBCCS_sniffles_0_77474	0.225.0.0
HG004vGRCh38_wm_50md_PBCCS_sniffles_0_75841	0.225.0.0
HG002vGRCh38_wm_50md_PBCCS_sniffles_0_79109	0.226.0.0
HG003vGRCh38_wm_50md_PBCCS_sniffles_0_77475	0.226.0.0
HG004vGRCh38_wm_50md_PBCCS_sniffles_0_75843	0.226.0.0
HG002vGRCh38_wm_50md_PBCCS_sniffles_0_79112	0.227.0.0
HG004vGRCh38_wm_50md_PBCCS_sniffles_0_75844	0.227.0.0
HG003vGRCh38_wm_50md_PBCCS_sniffles_0_75893	0.23.0.0
HG002vGRCh38_wm_50md_PBCCS_sniffles_0_79117	0.230.0.0
HG003vGRCh38_wm_50md_PBCCS_sniffles_0_77480	0.230.0.0
HG004vGRCh38_wm_50md_PBCCS_sniffles_0_75848	0.230.0.0
HG002vGRCh38_wm_50md_PBCCS_sniffles_0_79119	0.232.0.0
HG003vGRCh38_wm_50md_PBCCS_sniffles_0_77482	0.232.0.0
HG004vGRCh38_wm_50md_PBCCS_sniffles_0_75851	0.232.0.0
HG002vGRCh38_wm_50md_PBCCS_sniffles_0_79120	0.232.0.1
HG002vGRCh38_wm_50md_PBCCS_sniffles_0_79129	0.236.1.0.0
HG004vGRCh38_wm_50md_PBCCS_sniffles_0_75861	0.236.1.0.0
HG003vGRCh38_wm_50md_PBCCS_sniffles_0_77493	0.236.1.0.1
HG004vGRCh38_wm_50md_PBCCS_sniffles_0_75864	0.236.1.0.1
HG004vGRCh38_wm_50md_PBCCS_sniffles_0_74421	0.24.0.0
HG002vGRCh38_wm_50md_PBCCS_sniffles_0_79138	0.241.0.0
HG004vGRCh38_wm_50md_PBCCS_sniffles_0_75872	0.241.0.0
HG002vGRCh38_wm_50md_PBCCS_sniffles_0_79139	0.242.0.0
HG003vGRCh38_wm_50md_PBCCS_sniffles_0_77500	0.242.0.0
HG004vGRCh38_wm_50md_PBCCS_sniffles_0_75873	0.242.0.0
HG002vGRCh38_wm_50md_PBCCS_sniffles_0_79145	0.246.0.0
HG002vGRCh38_wm_50md_PBCCS_sniffles_0_79153	0.248.0.0
HG004vGRCh38_wm_50md_PBCCS_sniffles_0_75881	0.248.0.0
HG003vGRCh38_wm_50md_PBCCS_sniffles_0_77510	0.248.0.0
HG002vGRCh38_wm_50md_PBCCS_sniffles_0_79154	0.249.0.0
HG004vGRCh38_wm_50md_PBCCS_sniffles_0_75882	0.249.0.0
HG002vGRCh38_wm_50md_PBCCS_sniffles_0_77649	0.25.0.0
HG003vGRCh38_wm_50md_PBCCS_sniffles_0_75895	0.25.0.0
HG004vGRCh38_wm_50md_PBCCS_sniffles_0_74422	0.25.0.0
HG002vGRCh38_wm_50md_PBCCS_sniffles_0_79160	0.250.0.0
HG002vGRCh38_wm_50md_PBCCS_sniffles_0_79170	0.255.0.0
HG003vGRCh38_wm_50md_PBCCS_sniffles_0_77520	0.255.0.0
HG004vGRCh38_wm_50md_PBCCS_sniffles_0_75897	0.255.0.0
HG004vGRCh38_wm_50md_PBCCS_sniffles_0_75898	0.256.0.0
HG002vGRCh38_wm_50md_PBCCS_sniffles_0_79171	0.256.0.0
HG002vGRCh38_wm_50md_PBCCS_sniffles_0_79179	0.258.0.0
HG003vGRCh38_wm_50md_PBCCS_sniffles_0_77527	0.259.0.0
HG004vGRCh38_wm_50md_PBCCS_sniffles_0_75906	0.259.0.0
HG002vGRCh38_wm_50md_PBCCS_sniffles_0_79180	0.259.0.0
HG004vGRCh38_wm_50md_PBCCS_sniffles_0_75911	0.260.0.0
HG002vGRCh38_wm_50md_PBCCS_sniffles_0_79184	0.260.0.0
HG003vGRCh38_wm_50md_PBCCS_sniffles_0_77531	0.260.0.0
HG003vGRCh38_wm_50md_PBCCS_sniffles_0_77545	0.262.0.0
HG002vGRCh38_wm_50md_PBCCS_sniffles_0_79196	0.263.0.0
HG003vGRCh38_wm_50md_PBCCS_sniffles_0_77547	0.263.0.0
HG004vGRCh38_wm_50md_PBCCS_sniffles_0_75922	0.263.0.0
HG003vGRCh38_wm_50md_PBCCS_sniffles_0_77550	0.265.0.0
HG002vGRCh38_wm_50md_PBCCS_sniffles_0_79201	0.266.0.0
HG004vGRCh38_wm_50md_PBCCS_sniffles_0_75925	0.266.0.0
HG002vGRCh38_wm_50md_PBCCS_sniffles_0_79202	0.267.0.0
HG003vGRCh38_wm_50md_PBCCS_sniffles_0_77557	0.267.0.0
HG003vGRCh38_wm_50md_PBCCS_sniffles_0_77561	0.269.0.0
HG002vGRCh38_wm_50md_PBCCS_sniffles_0_77660	0.27.0.0
HG003vGRCh38_wm_50md_PBCCS_sniffles_0_75908	0.27.0.0
HG004vGRCh38_wm_50md_PBCCS_sniffles_0_74430	0.27.0.0
HG002vGRCh38_wm_50md_PBCCS_sniffles_0_79213	0.272.0.0
HG003vGRCh38_wm_50md_PBCCS_sniffles_0_77577	0.272.0.0
HG004vGRCh38_wm_50md_PBCCS_sniffles_0_75939	0.272.0.0
HG004vGRCh38_wm_50md_PBCCS_sniffles_0_75940	0.273.0.0
HG003vGRCh38_wm_50md_PBCCS_sniffles_0_77584	0.274.0.0
HG004vGRCh38_wm_50md_PBCCS_sniffles_0_75943	0.274.0.0
HG004vGRCh38_wm_50md_PBCCS_sniffles_0_75953	0.278.0.0
HG002vGRCh38_wm_50md_PBCCS_sniffles_0_79221	0.278.0.0
HG004vGRCh38_wm_50md_PBCCS_sniffles_0_75954	0.279.0.0
HG002vGRCh38_wm_50md_PBCCS_sniffles_0_79222	0.281.0.0
HG003vGRCh38_wm_50md_PBCCS_sniffles_0_77594	0.281.0.0
HG003vGRCh38_wm_50md_PBCCS_sniffles_0_77601	0.285.0.0
HG003vGRCh38_wm_50md_PBCCS_sniffles_0_77615	0.287.0.0
HG004vGRCh38_wm_50md_PBCCS_sniffles_0_75969	0.287.0.0
HG002vGRCh38_wm_50md_PBCCS_sniffles_0_79234	0.287.0.0
HG003vGRCh38_wm_50md_PBCCS_sniffles_0_77616	0.288.0.0
HG002vGRCh38_wm_50md_PBCCS_sniffles_0_79235	0.289.0.0
HG003vGRCh38_wm_50md_PBCCS_sniffles_0_77617	0.289.0.0
HG004vGRCh38_wm_50md_PBCCS_sniffles_0_75970	0.289.0.0
HG003vGRCh38_wm_50md_PBCCS_sniffles_0_77625	0.292.0.0
HG002vGRCh38_wm_50md_PBCCS_sniffles_0_79244	0.293.0.0
HG003vGRCh38_wm_50md_PBCCS_sniffles_0_77626	0.293.0.0
HG003vGRCh38_wm_50md_PBCCS_sniffles_0_77627	0.294.0.0
HG004vGRCh38_wm_50md_PBCCS_sniffles_0_75977	0.294.0.0
HG003vGRCh38_wm_50md_PBCCS_sniffles_0_77632	0.296.0.0
HG002vGRCh38_wm_50md_PBCCS_sniffles_0_79252	0.299.0.0.0
HG003vGRCh38_wm_50md_PBCCS_sniffles_0_77638	0.299.0.0.0
HG004vGRCh38_wm_50md_PBCCS_sniffles_0_75983	0.299.1.0.0
HG002vGRCh38_wm_50md_PBCCS_sniffles_0_79251	0.299.1.0.0
HG003vGRCh38_wm_50md_PBCCS_sniffles_0_77637	0.299.1.0.0
HG004vGRCh38_wm_50md_PBCCS_sniffles_0_75987	0.301.0.0
HG002vGRCh38_wm_50md_PBCCS_sniffles_0_79256	0.301.0.0
HG004vGRCh38_wm_50md_PBCCS_sniffles_0_75995	0.303.0.0
HG002vGRCh38_wm_50md_PBCCS_sniffles_0_79264	0.303.0.0
HG004vGRCh38_wm_50md_PBCCS_sniffles_0_75997	0.303.0.0
HG002vGRCh38_wm_50md_PBCCS_sniffles_0_79265	0.303.0.0
HG003vGRCh38_wm_50md_PBCCS_sniffles_0_77648	0.303.0.0
HG004vGRCh38_wm_50md_PBCCS_sniffles_0_75998	0.304.0.0
HG002vGRCh38_wm_50md_PBCCS_sniffles_0_79266	0.304.0.0
HG002vGRCh38_wm_50md_PBCCS_sniffles_0_79277	0.309.0.0
HG003vGRCh38_wm_50md_PBCCS_sniffles_0_77661	0.309.0.0
HG003vGRCh38_wm_50md_PBCCS_sniffles_0_77662	0.309.0.1
HG002vGRCh38_wm_50md_PBCCS_sniffles_0_79297	0.312.0.0
HG004vGRCh38_wm_50md_PBCCS_sniffles_0_76025	0.312.0.0
HG004vGRCh38_wm_50md_PBCCS_sniffles_0_76042	0.315.0.0
HG003vGRCh38_wm_50md_PBCCS_sniffles_0_77685	0.317.0.0
HG002vGRCh38_wm_50md_PBCCS_sniffles_0_79311	0.317.0.0
HG003vGRCh38_wm_50md_PBCCS_sniffles_0_77687	0.317.0.0
HG003vGRCh38_wm_50md_PBCCS_sniffles_0_77692	0.318.0.0
HG004vGRCh38_wm_50md_PBCCS_sniffles_0_76052	0.318.0.0
HG002vGRCh38_wm_50md_PBCCS_sniffles_0_79315	0.318.0.0
HG004vGRCh38_wm_50md_PBCCS_sniffles_0_76053	0.319.0.0
HG002vGRCh38_wm_50md_PBCCS_sniffles_0_79316	0.319.0.0
HG003vGRCh38_wm_50md_PBCCS_sniffles_0_77693	0.319.0.0
HG004vGRCh38_wm_50md_PBCCS_sniffles_0_76056	0.321.0.0
HG002vGRCh38_wm_50md_PBCCS_sniffles_0_79321	0.322.0.0
HG004vGRCh38_wm_50md_PBCCS_sniffles_0_76057	0.322.0.0
HG002vGRCh38_wm_50md_PBCCS_sniffles_0_79322	0.323.0.0
HG003vGRCh38_wm_50md_PBCCS_sniffles_0_77700	0.323.0.0
HG004vGRCh38_wm_50md_PBCCS_sniffles_0_76058	0.324.0.0
HG003vGRCh38_wm_50md_PBCCS_sniffles_0_77701	0.325.0.0
HG002vGRCh38_wm_50md_PBCCS_sniffles_0_79323	0.325.0.0
HG004vGRCh38_wm_50md_PBCCS_sniffles_0_76061	0.325.0.0
HG003vGRCh38_wm_50md_PBCCS_sniffles_0_77712	0.328.0.0
HG002vGRCh38_wm_50md_PBCCS_sniffles_0_79329	0.328.0.0
HG003vGRCh38_wm_50md_PBCCS_sniffles_0_75915	0.33.0.0
HG002vGRCh38_wm_50md_PBCCS_sniffles_0_77670	0.33.0.0
HG004vGRCh38_wm_50md_PBCCS_sniffles_0_74438	0.33.0.0
HG004vGRCh38_wm_50md_PBCCS_sniffles_0_74439	0.33.0.0
HG002vGRCh38_wm_50md_PBCCS_sniffles_0_77671	0.33.0.0
HG004vGRCh38_wm_50md_PBCCS_sniffles_0_74440	0.33.0.0
HG004vGRCh38_wm_50md_PBCCS_sniffles_0_76082	0.330.0.0
HG003vGRCh38_wm_50md_PBCCS_sniffles_0_77722	0.331.0.0
HG004vGRCh38_wm_50md_PBCCS_sniffles_0_76083	0.331.0.0
HG003vGRCh38_wm_50md_PBCCS_sniffles_0_77725	0.332.0.0
HG004vGRCh38_wm_50md_PBCCS_sniffles_0_76086	0.332.0.0
HG003vGRCh38_wm_50md_PBCCS_sniffles_0_77726	0.333.0.0
HG004vGRCh38_wm_50md_PBCCS_sniffles_0_76087	0.333.0.0
HG002vGRCh38_wm_50md_PBCCS_sniffles_0_79338	0.333.0.0
HG002vGRCh38_wm_50md_PBCCS_sniffles_0_79342	0.337.0.0
HG004vGRCh38_wm_50md_PBCCS_sniffles_0_76091	0.337.0.0
HG003vGRCh38_wm_50md_PBCCS_sniffles_0_77731	0.338.0.0
HG003vGRCh38_wm_50md_PBCCS_sniffles_0_75924	0.34.0.0
HG004vGRCh38_wm_50md_PBCCS_sniffles_0_74449	0.34.0.0
HG002vGRCh38_wm_50md_PBCCS_sniffles_0_77683	0.34.0.0
HG004vGRCh38_wm_50md_PBCCS_sniffles_0_76095	0.341.0.0.0
HG003vGRCh38_wm_50md_PBCCS_sniffles_0_77734	0.341.0.0.0
HG002vGRCh38_wm_50md_PBCCS_sniffles_0_79344	0.341.0.0.0
HG004vGRCh38_wm_50md_PBCCS_sniffles_0_76096	0.341.1.0.0
HG002vGRCh38_wm_50md_PBCCS_sniffles_0_79345	0.341.1.0.0
HG003vGRCh38_wm_50md_PBCCS_sniffles_0_77735	0.341.1.0.0
HG002vGRCh38_wm_50md_PBCCS_sniffles_0_79346	0.341.1.0.0
HG004vGRCh38_wm_50md_PBCCS_sniffles_0_76106	0.342.0.0
HG002vGRCh38_wm_50md_PBCCS_sniffles_0_79349	0.342.0.1
HG004vGRCh38_wm_50md_PBCCS_sniffles_0_76111	0.344.0.0
HG003vGRCh38_wm_50md_PBCCS_sniffles_0_77741	0.344.0.0
HG002vGRCh38_wm_50md_PBCCS_sniffles_0_79354	0.344.0.0
HG003vGRCh38_wm_50md_PBCCS_sniffles_0_77743	0.346.0.0
HG002vGRCh38_wm_50md_PBCCS_sniffles_0_79358	0.347.0.0
HG003vGRCh38_wm_50md_PBCCS_sniffles_0_77744	0.347.0.0
HG003vGRCh38_wm_50md_PBCCS_sniffles_0_77748	0.349.0.0
HG004vGRCh38_wm_50md_PBCCS_sniffles_0_76120	0.349.0.0
HG002vGRCh38_wm_50md_PBCCS_sniffles_0_79361	0.349.0.0
HG002vGRCh38_wm_50md_PBCCS_sniffles_0_77684	0.35.0.0
HG004vGRCh38_wm_50md_PBCCS_sniffles_0_74450	0.35.0.0
HG004vGRCh38_wm_50md_PBCCS_sniffles_0_76127	0.354.0.0
HG002vGRCh38_wm_50md_PBCCS_sniffles_0_79372	0.354.0.0
HG003vGRCh38_wm_50md_PBCCS_sniffles_0_77759	0.354.0.0
HG003vGRCh38_wm_50md_PBCCS_sniffles_0_77762	0.356.0.0
HG002vGRCh38_wm_50md_PBCCS_sniffles_0_79375	0.356.0.0
HG004vGRCh38_wm_50md_PBCCS_sniffles_0_76130	0.356.0.0
HG003vGRCh38_wm_50md_PBCCS_sniffles_0_77763	0.356.0.0
HG004vGRCh38_wm_50md_PBCCS_sniffles_0_76132	0.356.0.0
HG004vGRCh38_wm_50md_PBCCS_sniffles_0_74455	0.36.0.0
HG002vGRCh38_wm_50md_PBCCS_sniffles_0_77691	0.36.0.0
HG003vGRCh38_wm_50md_PBCCS_sniffles_0_77765	0.360.0.0
HG004vGRCh38_wm_50md_PBCCS_sniffles_0_76136	0.360.0.0
HG002vGRCh38_wm_50md_PBCCS_sniffles_0_79376	0.362.0.0
HG003vGRCh38_wm_50md_PBCCS_sniffles_0_77767	0.362.0.0
HG004vGRCh38_wm_50md_PBCCS_sniffles_0_76138	0.362.0.0
HG002vGRCh38_wm_50md_PBCCS_sniffles_0_79377	0.363.0.0
HG003vGRCh38_wm_50md_PBCCS_sniffles_0_77768	0.363.0.0
HG004vGRCh38_wm_50md_PBCCS_sniffles_0_76139	0.363.0.0
HG002vGRCh38_wm_50md_PBCCS_sniffles_0_79415	0.372.0.0
HG003vGRCh38_wm_50md_PBCCS_sniffles_0_77806	0.372.0.0
HG004vGRCh38_wm_50md_PBCCS_sniffles_0_76174	0.372.0.0
HG002vGRCh38_wm_50md_PBCCS_sniffles_0_79422	0.374.0.0
HG004vGRCh38_wm_50md_PBCCS_sniffles_0_76180	0.374.0.0
HG002vGRCh38_wm_50md_PBCCS_sniffles_0_79423	0.375.0.0
HG003vGRCh38_wm_50md_PBCCS_sniffles_0_77816	0.375.0.0
HG004vGRCh38_wm_50md_PBCCS_sniffles_0_76181	0.375.0.0
HG004vGRCh38_wm_50md_PBCCS_sniffles_0_76184	0.376.0.0
HG002vGRCh38_wm_50md_PBCCS_sniffles_0_79425	0.377.0.0
HG003vGRCh38_wm_50md_PBCCS_sniffles_0_77819	0.377.0.0
HG004vGRCh38_wm_50md_PBCCS_sniffles_0_76185	0.377.0.0
HG003vGRCh38_wm_50md_PBCCS_sniffles_0_77821	0.378.0.0
HG003vGRCh38_wm_50md_PBCCS_sniffles_0_77822	0.379.0.0
HG002vGRCh38_wm_50md_PBCCS_sniffles_0_79426	0.379.0.0
HG004vGRCh38_wm_50md_PBCCS_sniffles_0_76189	0.379.0.0
HG003vGRCh38_wm_50md_PBCCS_sniffles_0_75931	0.38.0.0.0
HG003vGRCh38_wm_50md_PBCCS_sniffles_0_75933	0.38.1.0.0
HG002vGRCh38_wm_50md_PBCCS_sniffles_0_79437	0.385.0.0
HG003vGRCh38_wm_50md_PBCCS_sniffles_0_77831	0.385.0.0
HG004vGRCh38_wm_50md_PBCCS_sniffles_0_76199	0.385.0.0
HG003vGRCh38_wm_50md_PBCCS_sniffles_0_77832	0.386.0.0
HG002vGRCh38_wm_50md_PBCCS_sniffles_0_79438	0.386.0.0
HG004vGRCh38_wm_50md_PBCCS_sniffles_0_76200	0.386.0.0
HG003vGRCh38_wm_50md_PBCCS_sniffles_0_77833	0.387.0.0
HG002vGRCh38_wm_50md_PBCCS_sniffles_0_79439	0.388.0.0
HG003vGRCh38_wm_50md_PBCCS_sniffles_0_77834	0.388.0.0
HG002vGRCh38_wm_50md_PBCCS_sniffles_0_79440	0.389.0.0
HG003vGRCh38_wm_50md_PBCCS_sniffles_0_77835	0.389.0.0
HG004vGRCh38_wm_50md_PBCCS_sniffles_0_76202	0.389.0.0
HG004vGRCh38_wm_50md_PBCCS_sniffles_0_74457	0.39.0.0
HG002vGRCh38_wm_50md_PBCCS_sniffles_0_77693	0.39.0.0
HG003vGRCh38_wm_50md_PBCCS_sniffles_0_75935	0.39.0.0
HG002vGRCh38_wm_50md_PBCCS_sniffles_0_79441	0.390.0.0
HG004vGRCh38_wm_50md_PBCCS_sniffles_0_76203	0.390.0.0
HG002vGRCh38_wm_50md_PBCCS_sniffles_0_79449	0.392.0.0
HG004vGRCh38_wm_50md_PBCCS_sniffles_0_76218	0.396.0.0
HG002vGRCh38_wm_50md_PBCCS_sniffles_0_79461	0.396.0.0
HG003vGRCh38_wm_50md_PBCCS_sniffles_0_77849	0.396.0.0
HG004vGRCh38_wm_50md_PBCCS_sniffles_0_76220	0.397.0.0
HG002vGRCh38_wm_50md_PBCCS_sniffles_0_79466	0.397.0.0
HG002vGRCh38_wm_50md_PBCCS_sniffles_0_79467	0.398.0.0
HG003vGRCh38_wm_50md_PBCCS_sniffles_0_77855	0.398.0.0
HG004vGRCh38_wm_50md_PBCCS_sniffles_0_76221	0.398.0.0
HG002vGRCh38_wm_50md_PBCCS_sniffles_0_79468	0.399.0.0
HG003vGRCh38_wm_50md_PBCCS_sniffles_0_77856	0.399.0.0
HG003vGRCh38_wm_50md_PBCCS_sniffles_0_75936	0.40.0.0
HG004vGRCh38_wm_50md_PBCCS_sniffles_0_74458	0.40.0.0
HG002vGRCh38_wm_50md_PBCCS_sniffles_0_77694	0.40.0.0
HG003vGRCh38_wm_50md_PBCCS_sniffles_0_77857	0.400.0.0
HG002vGRCh38_wm_50md_PBCCS_sniffles_0_79469	0.402.0.0
HG003vGRCh38_wm_50md_PBCCS_sniffles_0_77859	0.402.0.0
HG003vGRCh38_wm_50md_PBCCS_sniffles_0_77866	0.403.0.0
HG002vGRCh38_wm_50md_PBCCS_sniffles_0_79477	0.405.1.0.0
HG004vGRCh38_wm_50md_PBCCS_sniffles_0_76228	0.405.1.0.0
HG003vGRCh38_wm_50md_PBCCS_sniffles_0_77878	0.406.0.0
HG004vGRCh38_wm_50md_PBCCS_sniffles_0_76231	0.406.0.0
HG002vGRCh38_wm_50md_PBCCS_sniffles_0_79483	0.407.0.0
HG003vGRCh38_wm_50md_PBCCS_sniffles_0_77879	0.407.0.0
HG004vGRCh38_wm_50md_PBCCS_sniffles_0_76232	0.407.0.0
HG002vGRCh38_wm_50md_PBCCS_sniffles_0_79484	0.408.0.0
HG003vGRCh38_wm_50md_PBCCS_sniffles_0_77880	0.409.0.0
HG004vGRCh38_wm_50md_PBCCS_sniffles_0_76233	0.409.0.0
HG003vGRCh38_wm_50md_PBCCS_sniffles_0_75939	0.41.0.0
HG004vGRCh38_wm_50md_PBCCS_sniffles_0_76237	0.410.0.0.0
HG004vGRCh38_wm_50md_PBCCS_sniffles_0_76236	0.410.1.0.0
HG004vGRCh38_wm_50md_PBCCS_sniffles_0_76246	0.413.0.0
HG002vGRCh38_wm_50md_PBCCS_sniffles_0_79501	0.416.0.0
HG004vGRCh38_wm_50md_PBCCS_sniffles_0_76256	0.416.0.0
HG003vGRCh38_wm_50md_PBCCS_sniffles_0_77894	0.416.0.0
HG004vGRCh38_wm_50md_PBCCS_sniffles_0_76257	0.416.0.0
HG003vGRCh38_wm_50md_PBCCS_sniffles_0_77893	0.416.0.0
HG002vGRCh38_wm_50md_PBCCS_sniffles_0_79504	0.417.0.0
HG004vGRCh38_wm_50md_PBCCS_sniffles_0_76258	0.417.0.0
HG003vGRCh38_wm_50md_PBCCS_sniffles_0_77896	0.418.0.0
HG002vGRCh38_wm_50md_PBCCS_sniffles_0_79519	0.421.0.0
HG003vGRCh38_wm_50md_PBCCS_sniffles_0_77913	0.422.0.0
HG002vGRCh38_wm_50md_PBCCS_sniffles_0_79520	0.423.0.0
HG004vGRCh38_wm_50md_PBCCS_sniffles_0_76274	0.423.0.0
HG003vGRCh38_wm_50md_PBCCS_sniffles_0_77914	0.423.0.0
HG002vGRCh38_wm_50md_PBCCS_sniffles_0_79522	0.424.0.0
HG003vGRCh38_wm_50md_PBCCS_sniffles_0_77916	0.424.0.0
HG004vGRCh38_wm_50md_PBCCS_sniffles_0_76276	0.424.0.0
HG004vGRCh38_wm_50md_PBCCS_sniffles_0_76280	0.427.0.0
HG002vGRCh38_wm_50md_PBCCS_sniffles_0_79531	0.429.0.0
HG003vGRCh38_wm_50md_PBCCS_sniffles_0_77922	0.429.0.0
HG002vGRCh38_wm_50md_PBCCS_sniffles_0_79532	0.430.0.0
HG003vGRCh38_wm_50md_PBCCS_sniffles_0_77923	0.430.0.0
HG002vGRCh38_wm_50md_PBCCS_sniffles_0_79535	0.433.0.0
HG003vGRCh38_wm_50md_PBCCS_sniffles_0_77926	0.433.0.0
HG002vGRCh38_wm_50md_PBCCS_sniffles_0_79540	0.436.0.0
HG003vGRCh38_wm_50md_PBCCS_sniffles_0_77929	0.436.0.0
HG004vGRCh38_wm_50md_PBCCS_sniffles_0_76288	0.436.0.0
HG003vGRCh38_wm_50md_PBCCS_sniffles_0_77932	0.437.0.0
HG002vGRCh38_wm_50md_PBCCS_sniffles_0_79544	0.439.0.0
HG003vGRCh38_wm_50md_PBCCS_sniffles_0_77935	0.439.0.0
HG002vGRCh38_wm_50md_PBCCS_sniffles_0_79549	0.440.0.0
HG003vGRCh38_wm_50md_PBCCS_sniffles_0_77939	0.440.0.0
HG004vGRCh38_wm_50md_PBCCS_sniffles_0_76293	0.440.0.0
HG004vGRCh38_wm_50md_PBCCS_sniffles_0_76294	0.441.0.0
HG002vGRCh38_wm_50md_PBCCS_sniffles_0_79550	0.442.0.0
HG002vGRCh38_wm_50md_PBCCS_sniffles_0_79552	0.443.0.0
HG004vGRCh38_wm_50md_PBCCS_sniffles_0_76295	0.443.0.0
HG003vGRCh38_wm_50md_PBCCS_sniffles_0_77944	0.445.0.0
HG003vGRCh38_wm_50md_PBCCS_sniffles_0_77953	0.448.0.0
HG002vGRCh38_wm_50md_PBCCS_sniffles_0_79570	0.448.0.0
HG004vGRCh38_wm_50md_PBCCS_sniffles_0_76314	0.448.0.0
HG003vGRCh38_wm_50md_PBCCS_sniffles_0_77954	0.448.0.0
HG002vGRCh38_wm_50md_PBCCS_sniffles_0_79571	0.448.0.0
HG003vGRCh38_wm_50md_PBCCS_sniffles_0_77964	0.453.0.0
HG002vGRCh38_wm_50md_PBCCS_sniffles_0_79585	0.456.0.0
HG004vGRCh38_wm_50md_PBCCS_sniffles_0_76332	0.456.0.0
HG002vGRCh38_wm_50md_PBCCS_sniffles_0_79587	0.459.0.0
HG002vGRCh38_wm_50md_PBCCS_sniffles_0_79590	0.461.0.0
HG003vGRCh38_wm_50md_PBCCS_sniffles_0_77972	0.461.0.0
HG004vGRCh38_wm_50md_PBCCS_sniffles_0_76335	0.461.0.0
HG004vGRCh38_wm_50md_PBCCS_sniffles_0_76345	0.465.0.0
HG002vGRCh38_wm_50md_PBCCS_sniffles_0_79598	0.465.0.0
HG003vGRCh38_wm_50md_PBCCS_sniffles_0_77982	0.465.0.0
HG002vGRCh38_wm_50md_PBCCS_sniffles_0_79599	0.466.0.0
HG002vGRCh38_wm_50md_PBCCS_sniffles_0_79600	0.467.0.0
HG003vGRCh38_wm_50md_PBCCS_sniffles_0_77986	0.467.0.0
HG004vGRCh38_wm_50md_PBCCS_sniffles_0_76346	0.467.0.0
HG004vGRCh38_wm_50md_PBCCS_sniffles_0_76350	0.469.0.0
HG004vGRCh38_wm_50md_PBCCS_sniffles_0_76351	0.469.0.0
HG004vGRCh38_wm_50md_PBCCS_sniffles_0_76348	0.469.0.0
HG002vGRCh38_wm_50md_PBCCS_sniffles_0_77704	0.47.0.0
HG003vGRCh38_wm_50md_PBCCS_sniffles_0_75945	0.47.0.0
HG003vGRCh38_wm_50md_PBCCS_sniffles_0_77994	0.470.0.0
HG004vGRCh38_wm_50md_PBCCS_sniffles_0_76355	0.471.0.0
HG002vGRCh38_wm_50md_PBCCS_sniffles_0_79604	0.471.0.0
HG003vGRCh38_wm_50md_PBCCS_sniffles_0_77995	0.471.0.0
HG002vGRCh38_wm_50md_PBCCS_sniffles_0_79606	0.472.0.0
HG004vGRCh38_wm_50md_PBCCS_sniffles_0_76356	0.472.0.0
HG004vGRCh38_wm_50md_PBCCS_sniffles_0_76359	0.476.0.0.0
HG003vGRCh38_wm_50md_PBCCS_sniffles_0_77998	0.476.0.0.0
HG002vGRCh38_wm_50md_PBCCS_sniffles_0_79608	0.476.0.0.0
HG003vGRCh38_wm_50md_PBCCS_sniffles_0_78001	0.476.1.0.0
HG002vGRCh38_wm_50md_PBCCS_sniffles_0_79610	0.476.1.0.0
HG004vGRCh38_wm_50md_PBCCS_sniffles_0_76362	0.476.1.0.0
HG002vGRCh38_wm_50md_PBCCS_sniffles_0_79612	0.476.1.0.0
HG003vGRCh38_wm_50md_PBCCS_sniffles_0_78002	0.476.1.0.0
HG004vGRCh38_wm_50md_PBCCS_sniffles_0_76364	0.476.1.0.0
HG003vGRCh38_wm_50md_PBCCS_sniffles_0_75946	0.48.0.0
HG002vGRCh38_wm_50md_PBCCS_sniffles_0_77705	0.48.0.0
HG004vGRCh38_wm_50md_PBCCS_sniffles_0_74465	0.48.0.0
HG004vGRCh38_wm_50md_PBCCS_sniffles_0_76370	0.480.0.0
HG002vGRCh38_wm_50md_PBCCS_sniffles_0_79620	0.480.0.0
HG003vGRCh38_wm_50md_PBCCS_sniffles_0_78009	0.480.0.0
HG003vGRCh38_wm_50md_PBCCS_sniffles_0_78006	0.480.0.0
HG004vGRCh38_wm_50md_PBCCS_sniffles_0_76367	0.480.0.0
HG002vGRCh38_wm_50md_PBCCS_sniffles_0_79618	0.480.0.0
HG003vGRCh38_wm_50md_PBCCS_sniffles_0_78011	0.480.0.0
HG004vGRCh38_wm_50md_PBCCS_sniffles_0_76377	0.482.0.0
HG002vGRCh38_wm_50md_PBCCS_sniffles_0_79634	0.486.0.0
HG002vGRCh38_wm_50md_PBCCS_sniffles_0_79636	0.488.0.0
HG003vGRCh38_wm_50md_PBCCS_sniffles_0_78020	0.488.0.0
HG004vGRCh38_wm_50md_PBCCS_sniffles_0_76390	0.488.0.0
HG004vGRCh38_wm_50md_PBCCS_sniffles_0_76392	0.489.0.0
HG002vGRCh38_wm_50md_PBCCS_sniffles_0_79638	0.489.0.0
HG002vGRCh38_wm_50md_PBCCS_sniffles_0_79639	0.489.0.0
HG003vGRCh38_wm_50md_PBCCS_sniffles_0_78024	0.489.0.0
HG003vGRCh38_wm_50md_PBCCS_sniffles_0_78023	0.489.0.0
HG003vGRCh38_wm_50md_PBCCS_sniffles_0_78022	0.489.0.1
HG002vGRCh38_wm_50md_PBCCS_sniffles_0_79637	0.489.0.1
HG004vGRCh38_wm_50md_PBCCS_sniffles_0_76391	0.489.0.1
HG002vGRCh38_wm_50md_PBCCS_sniffles_0_77710	0.49.0.0
HG003vGRCh38_wm_50md_PBCCS_sniffles_0_75949	0.49.0.0
HG004vGRCh38_wm_50md_PBCCS_sniffles_0_74470	0.49.0.0
HG004vGRCh38_wm_50md_PBCCS_sniffles_0_76395	0.490.0.0
HG002vGRCh38_wm_50md_PBCCS_sniffles_0_79641	0.490.0.0
HG003vGRCh38_wm_50md_PBCCS_sniffles_0_78025	0.490.0.0
HG004vGRCh38_wm_50md_PBCCS_sniffles_0_76398	0.492.0.0
HG002vGRCh38_wm_50md_PBCCS_sniffles_0_79644	0.492.0.0
HG003vGRCh38_wm_50md_PBCCS_sniffles_0_78028	0.492.0.0
HG002vGRCh38_wm_50md_PBCCS_sniffles_0_79662	0.497.0.0
HG004vGRCh38_wm_50md_PBCCS_sniffles_0_76413	0.497.0.0
HG003vGRCh38_wm_50md_PBCCS_sniffles_0_78036	0.497.0.0
HG003vGRCh38_wm_50md_PBCCS_sniffles_0_78041	0.499.0.0
HG004vGRCh38_wm_50md_PBCCS_sniffles_0_74471	0.50.0.0
HG003vGRCh38_wm_50md_PBCCS_sniffles_0_75950	0.50.0.0
HG002vGRCh38_wm_50md_PBCCS_sniffles_0_79670	0.500.0.0
HG003vGRCh38_wm_50md_PBCCS_sniffles_0_78042	0.500.0.0
HG004vGRCh38_wm_50md_PBCCS_sniffles_0_76421	0.501.0.0
HG002vGRCh38_wm_50md_PBCCS_sniffles_0_79672	0.501.0.0
HG002vGRCh38_wm_50md_PBCCS_sniffles_0_79677	0.504.0.0
HG002vGRCh38_wm_50md_PBCCS_sniffles_0_79678	0.505.0.0
HG003vGRCh38_wm_50md_PBCCS_sniffles_0_78049	0.505.0.0
HG004vGRCh38_wm_50md_PBCCS_sniffles_0_76424	0.505.0.0
HG003vGRCh38_wm_50md_PBCCS_sniffles_0_78054	0.507.0.0
HG002vGRCh38_wm_50md_PBCCS_sniffles_0_79684	0.507.0.0
HG002vGRCh38_wm_50md_PBCCS_sniffles_0_79685	0.508.0.0
HG003vGRCh38_wm_50md_PBCCS_sniffles_0_78055	0.508.0.0
HG004vGRCh38_wm_50md_PBCCS_sniffles_0_76430	0.508.0.0
HG004vGRCh38_wm_50md_PBCCS_sniffles_0_76431	0.509.0.0
HG003vGRCh38_wm_50md_PBCCS_sniffles_0_78056	0.509.0.0
HG003vGRCh38_wm_50md_PBCCS_sniffles_0_78062	0.511.0.0
HG003vGRCh38_wm_50md_PBCCS_sniffles_0_78065	0.513.0.0
HG002vGRCh38_wm_50md_PBCCS_sniffles_0_79694	0.513.0.0
HG004vGRCh38_wm_50md_PBCCS_sniffles_0_76444	0.513.0.0
HG004vGRCh38_wm_50md_PBCCS_sniffles_0_76445	0.514.0.0
HG004vGRCh38_wm_50md_PBCCS_sniffles_0_76446	0.515.0.0
HG002vGRCh38_wm_50md_PBCCS_sniffles_0_79695	0.516.0.0
HG004vGRCh38_wm_50md_PBCCS_sniffles_0_76447	0.516.0.0
HG002vGRCh38_wm_50md_PBCCS_sniffles_0_79708	0.518.0.0
HG004vGRCh38_wm_50md_PBCCS_sniffles_0_76457	0.518.0.0
HG002vGRCh38_wm_50md_PBCCS_sniffles_0_79717	0.519.0.0
HG004vGRCh38_wm_50md_PBCCS_sniffles_0_76465	0.519.0.0
HG003vGRCh38_wm_50md_PBCCS_sniffles_0_75952	0.52.0.0
HG002vGRCh38_wm_50md_PBCCS_sniffles_0_77712	0.52.0.0
HG002vGRCh38_wm_50md_PBCCS_sniffles_0_79719	0.521.0.0
HG003vGRCh38_wm_50md_PBCCS_sniffles_0_78087	0.521.0.0
HG002vGRCh38_wm_50md_PBCCS_sniffles_0_79726	0.524.0.0
HG003vGRCh38_wm_50md_PBCCS_sniffles_0_78093	0.524.0.0
HG002vGRCh38_wm_50md_PBCCS_sniffles_0_79728	0.525.0.0
HG003vGRCh38_wm_50md_PBCCS_sniffles_0_78098	0.525.0.0
HG002vGRCh38_wm_50md_PBCCS_sniffles_0_79729	0.526.0.0
HG003vGRCh38_wm_50md_PBCCS_sniffles_0_78099	0.526.0.0
HG004vGRCh38_wm_50md_PBCCS_sniffles_0_76479	0.528.0.1.0.0
HG004vGRCh38_wm_50md_PBCCS_sniffles_0_76478	0.528.1.0.0
HG003vGRCh38_wm_50md_PBCCS_sniffles_0_78102	0.528.1.0.0
HG003vGRCh38_wm_50md_PBCCS_sniffles_0_75953	0.53.0.0.0
HG002vGRCh38_wm_50md_PBCCS_sniffles_0_77713	0.53.0.0.0
HG004vGRCh38_wm_50md_PBCCS_sniffles_0_74474	0.53.0.0.0
HG002vGRCh38_wm_50md_PBCCS_sniffles_0_77715	0.53.1.0.0
HG003vGRCh38_wm_50md_PBCCS_sniffles_0_75955	0.53.1.0.0
HG004vGRCh38_wm_50md_PBCCS_sniffles_0_74476	0.53.1.0.0
HG002vGRCh38_wm_50md_PBCCS_sniffles_0_77714	0.53.2.0.0
HG003vGRCh38_wm_50md_PBCCS_sniffles_0_75954	0.53.2.0.0
HG004vGRCh38_wm_50md_PBCCS_sniffles_0_74475	0.53.2.0.0
HG002vGRCh38_wm_50md_PBCCS_sniffles_0_79738	0.530.0.0
HG003vGRCh38_wm_50md_PBCCS_sniffles_0_78103	0.530.0.0
HG004vGRCh38_wm_50md_PBCCS_sniffles_0_76481	0.530.0.0
HG002vGRCh38_wm_50md_PBCCS_sniffles_0_79741	0.531.0.0
HG004vGRCh38_wm_50md_PBCCS_sniffles_0_76484	0.531.0.0
HG002vGRCh38_wm_50md_PBCCS_sniffles_0_79744	0.532.0.0
HG003vGRCh38_wm_50md_PBCCS_sniffles_0_78104	0.532.0.0
HG004vGRCh38_wm_50md_PBCCS_sniffles_0_76486	0.532.0.0
HG003vGRCh38_wm_50md_PBCCS_sniffles_0_78108	0.534.0.0
HG002vGRCh38_wm_50md_PBCCS_sniffles_0_79750	0.535.0.0
HG004vGRCh38_wm_50md_PBCCS_sniffles_0_76492	0.536.0.0.0
HG004vGRCh38_wm_50md_PBCCS_sniffles_0_76493	0.536.1.0.0
HG004vGRCh38_wm_50md_PBCCS_sniffles_0_76494	0.536.1.0.0
HG002vGRCh38_wm_50md_PBCCS_sniffles_0_79751	0.536.1.0.0
HG003vGRCh38_wm_50md_PBCCS_sniffles_0_78109	0.536.1.0.0
HG002vGRCh38_wm_50md_PBCCS_sniffles_0_79756	0.539.0.0
HG003vGRCh38_wm_50md_PBCCS_sniffles_0_78113	0.539.0.0
HG004vGRCh38_wm_50md_PBCCS_sniffles_0_76500	0.539.0.0
HG003vGRCh38_wm_50md_PBCCS_sniffles_0_78117	0.541.0.0
HG003vGRCh38_wm_50md_PBCCS_sniffles_0_78122	0.544.0.0
HG003vGRCh38_wm_50md_PBCCS_sniffles_0_78127	0.545.0.0
HG004vGRCh38_wm_50md_PBCCS_sniffles_0_76514	0.549.0.0
HG002vGRCh38_wm_50md_PBCCS_sniffles_0_79774	0.549.0.0
HG003vGRCh38_wm_50md_PBCCS_sniffles_0_78135	0.549.0.0
HG002vGRCh38_wm_50md_PBCCS_sniffles_0_77719	0.55.0.0
HG003vGRCh38_wm_50md_PBCCS_sniffles_0_75959	0.55.0.0
HG004vGRCh38_wm_50md_PBCCS_sniffles_0_74481	0.55.0.0
HG002vGRCh38_wm_50md_PBCCS_sniffles_0_79775	0.551.0.0
HG003vGRCh38_wm_50md_PBCCS_sniffles_0_78137	0.551.0.0
HG004vGRCh38_wm_50md_PBCCS_sniffles_0_76515	0.551.0.0
HG002vGRCh38_wm_50md_PBCCS_sniffles_0_79786	0.555.0.0
HG003vGRCh38_wm_50md_PBCCS_sniffles_0_78151	0.555.0.0
HG004vGRCh38_wm_50md_PBCCS_sniffles_0_76528	0.555.0.0
HG004vGRCh38_wm_50md_PBCCS_sniffles_0_76529	0.555.0.1
HG002vGRCh38_wm_50md_PBCCS_sniffles_0_79787	0.555.0.1
HG004vGRCh38_wm_50md_PBCCS_sniffles_0_76537	0.556.0.1.0.0
HG004vGRCh38_wm_50md_PBCCS_sniffles_0_76533	0.556.1.0.0
HG003vGRCh38_wm_50md_PBCCS_sniffles_0_78154	0.556.1.0.0
HG004vGRCh38_wm_50md_PBCCS_sniffles_0_76535	0.556.1.0.0
HG003vGRCh38_wm_50md_PBCCS_sniffles_0_78156	0.556.1.0.0
HG002vGRCh38_wm_50md_PBCCS_sniffles_0_79794	0.556.1.0.1
HG004vGRCh38_wm_50md_PBCCS_sniffles_0_76538	0.556.1.0.1
HG002vGRCh38_wm_50md_PBCCS_sniffles_0_79789	0.556.1.0.2
HG004vGRCh38_wm_50md_PBCCS_sniffles_0_76532	0.556.1.0.2
HG004vGRCh38_wm_50md_PBCCS_sniffles_0_76539	0.557.0.0
HG004vGRCh38_wm_50md_PBCCS_sniffles_0_76540	0.558.0.0
HG002vGRCh38_wm_50md_PBCCS_sniffles_0_79797	0.558.0.0
HG003vGRCh38_wm_50md_PBCCS_sniffles_0_78161	0.558.0.0
HG002vGRCh38_wm_50md_PBCCS_sniffles_0_79808	0.561.0.0
HG003vGRCh38_wm_50md_PBCCS_sniffles_0_78167	0.561.0.0
HG004vGRCh38_wm_50md_PBCCS_sniffles_0_76555	0.561.0.0
HG003vGRCh38_wm_50md_PBCCS_sniffles_0_78170	0.563.0.0
HG002vGRCh38_wm_50md_PBCCS_sniffles_0_79813	0.563.0.0
HG002vGRCh38_wm_50md_PBCCS_sniffles_0_79812	0.563.0.0
HG004vGRCh38_wm_50md_PBCCS_sniffles_0_76564	0.563.0.0
HG003vGRCh38_wm_50md_PBCCS_sniffles_0_78171	0.563.0.0
HG002vGRCh38_wm_50md_PBCCS_sniffles_0_79814	0.563.0.0
HG004vGRCh38_wm_50md_PBCCS_sniffles_0_74482	0.57.0.0
HG003vGRCh38_wm_50md_PBCCS_sniffles_0_75961	0.57.0.0
HG002vGRCh38_wm_50md_PBCCS_sniffles_0_79834	0.572.0.0
HG003vGRCh38_wm_50md_PBCCS_sniffles_0_78194	0.572.0.0
HG004vGRCh38_wm_50md_PBCCS_sniffles_0_76579	0.572.0.0
HG002vGRCh38_wm_50md_PBCCS_sniffles_0_79844	0.574.0.0
HG004vGRCh38_wm_50md_PBCCS_sniffles_0_76589	0.574.0.0
HG002vGRCh38_wm_50md_PBCCS_sniffles_0_79845	0.574.0.0
HG003vGRCh38_wm_50md_PBCCS_sniffles_0_78202	0.574.0.0
HG003vGRCh38_wm_50md_PBCCS_sniffles_0_78203	0.574.0.0
HG003vGRCh38_wm_50md_PBCCS_sniffles_0_78204	0.574.0.0
HG002vGRCh38_wm_50md_PBCCS_sniffles_0_79846	0.574.0.0
HG002vGRCh38_wm_50md_PBCCS_sniffles_0_79847	0.575.0.0
HG004vGRCh38_wm_50md_PBCCS_sniffles_0_76590	0.575.0.0
HG002vGRCh38_wm_50md_PBCCS_sniffles_0_79861	0.578.0.0
HG004vGRCh38_wm_50md_PBCCS_sniffles_0_76606	0.578.0.0
HG003vGRCh38_wm_50md_PBCCS_sniffles_0_78217	0.579.0.0
HG002vGRCh38_wm_50md_PBCCS_sniffles_0_79862	0.579.0.0
HG004vGRCh38_wm_50md_PBCCS_sniffles_0_76608	0.579.0.0
HG003vGRCh38_wm_50md_PBCCS_sniffles_0_75962	0.58.0.0
HG004vGRCh38_wm_50md_PBCCS_sniffles_0_74483	0.58.0.0
HG003vGRCh38_wm_50md_PBCCS_sniffles_0_78218	0.580.0.0
HG002vGRCh38_wm_50md_PBCCS_sniffles_0_79863	0.582.0.0
HG004vGRCh38_wm_50md_PBCCS_sniffles_0_76609	0.582.0.0
HG003vGRCh38_wm_50md_PBCCS_sniffles_0_78220	0.582.0.0
HG003vGRCh38_wm_50md_PBCCS_sniffles_0_78238	0.590.0.0
HG002vGRCh38_wm_50md_PBCCS_sniffles_0_79884	0.590.0.0
HG004vGRCh38_wm_50md_PBCCS_sniffles_0_76631	0.590.0.0
HG002vGRCh38_wm_50md_PBCCS_sniffles_0_79885	0.590.0.0
HG004vGRCh38_wm_50md_PBCCS_sniffles_0_76632	0.590.0.0
HG003vGRCh38_wm_50md_PBCCS_sniffles_0_78239	0.590.0.0
HG003vGRCh38_wm_50md_PBCCS_sniffles_0_78240	0.590.0.0
HG002vGRCh38_wm_50md_PBCCS_sniffles_0_79886	0.591.0.0
HG004vGRCh38_wm_50md_PBCCS_sniffles_0_76633	0.591.0.0
HG003vGRCh38_wm_50md_PBCCS_sniffles_0_78241	0.591.0.0
HG002vGRCh38_wm_50md_PBCCS_sniffles_0_79887	0.593.0.0
HG003vGRCh38_wm_50md_PBCCS_sniffles_0_78242	0.593.0.0
HG004vGRCh38_wm_50md_PBCCS_sniffles_0_76636	0.594.0.0
HG002vGRCh38_wm_50md_PBCCS_sniffles_0_79890	0.595.0.0
HG004vGRCh38_wm_50md_PBCCS_sniffles_0_76639	0.595.0.0
HG003vGRCh38_wm_50md_PBCCS_sniffles_0_78260	0.602.0.0.0
HG002vGRCh38_wm_50md_PBCCS_sniffles_0_79906	0.602.1.0.0
HG003vGRCh38_wm_50md_PBCCS_sniffles_0_78259	0.602.1.0.0
HG004vGRCh38_wm_50md_PBCCS_sniffles_0_76657	0.602.1.0.0
HG002vGRCh38_wm_50md_PBCCS_sniffles_0_79907	0.603.0.0
HG004vGRCh38_wm_50md_PBCCS_sniffles_0_76659	0.603.0.0
HG003vGRCh38_wm_50md_PBCCS_sniffles_0_78261	0.604.0.0
HG002vGRCh38_wm_50md_PBCCS_sniffles_0_79923	0.606.0.0
HG004vGRCh38_wm_50md_PBCCS_sniffles_0_76673	0.606.0.0
HG003vGRCh38_wm_50md_PBCCS_sniffles_0_78267	0.606.0.0
HG002vGRCh38_wm_50md_PBCCS_sniffles_0_79924	0.607.0.0
HG003vGRCh38_wm_50md_PBCCS_sniffles_0_78268	0.607.0.0
HG003vGRCh38_wm_50md_PBCCS_sniffles_0_78272	0.609.0.0
HG002vGRCh38_wm_50md_PBCCS_sniffles_0_79928	0.609.0.0
HG004vGRCh38_wm_50md_PBCCS_sniffles_0_74495	0.61.0.0
HG002vGRCh38_wm_50md_PBCCS_sniffles_0_77729	0.61.0.0
HG002vGRCh38_wm_50md_PBCCS_sniffles_0_79929	0.610.0.0
HG003vGRCh38_wm_50md_PBCCS_sniffles_0_78273	0.610.0.0
HG004vGRCh38_wm_50md_PBCCS_sniffles_0_76675	0.610.0.0
HG003vGRCh38_wm_50md_PBCCS_sniffles_0_78288	0.614.0.0
HG002vGRCh38_wm_50md_PBCCS_sniffles_0_79948	0.616.0.0
HG003vGRCh38_wm_50md_PBCCS_sniffles_0_78303	0.616.0.0
HG004vGRCh38_wm_50md_PBCCS_sniffles_0_76691	0.616.0.0
HG004vGRCh38_wm_50md_PBCCS_sniffles_0_76692	0.617.0.0
HG002vGRCh38_wm_50md_PBCCS_sniffles_0_79949	0.619.0.0
HG002vGRCh38_wm_50md_PBCCS_sniffles_0_77730	0.62.0.0
HG003vGRCh38_wm_50md_PBCCS_sniffles_0_75968	0.62.0.0
HG004vGRCh38_wm_50md_PBCCS_sniffles_0_74496	0.62.0.0
HG004vGRCh38_wm_50md_PBCCS_sniffles_0_76696	0.620.0.0
HG003vGRCh38_wm_50md_PBCCS_sniffles_0_78309	0.620.0.0
HG002vGRCh38_wm_50md_PBCCS_sniffles_0_79953	0.620.0.0
HG002vGRCh38_wm_50md_PBCCS_sniffles_0_79959	0.625.0.0
HG003vGRCh38_wm_50md_PBCCS_sniffles_0_78316	0.625.0.0
HG004vGRCh38_wm_50md_PBCCS_sniffles_0_76705	0.625.0.0
HG003vGRCh38_wm_50md_PBCCS_sniffles_0_78317	0.626.0.0
HG004vGRCh38_wm_50md_PBCCS_sniffles_0_76706	0.626.0.0
HG004vGRCh38_wm_50md_PBCCS_sniffles_0_74497	0.63.0.0
HG004vGRCh38_wm_50md_PBCCS_sniffles_0_76712	0.633.0.0.0
HG002vGRCh38_wm_50md_PBCCS_sniffles_0_79965	0.633.0.0.0
HG003vGRCh38_wm_50md_PBCCS_sniffles_0_78326	0.633.0.0.0
HG004vGRCh38_wm_50md_PBCCS_sniffles_0_76713	0.633.1.0.0
HG003vGRCh38_wm_50md_PBCCS_sniffles_0_78327	0.633.1.0.0
HG003vGRCh38_wm_50md_PBCCS_sniffles_0_78328	0.633.1.0.0
HG002vGRCh38_wm_50md_PBCCS_sniffles_0_79966	0.633.1.0.0
HG002vGRCh38_wm_50md_PBCCS_sniffles_0_79967	0.634.0.0
HG004vGRCh38_wm_50md_PBCCS_sniffles_0_76715	0.634.0.0
HG003vGRCh38_wm_50md_PBCCS_sniffles_0_78329	0.634.0.0
HG002vGRCh38_wm_50md_PBCCS_sniffles_0_79971	0.636.0.0
HG004vGRCh38_wm_50md_PBCCS_sniffles_0_76717	0.636.0.0
HG002vGRCh38_wm_50md_PBCCS_sniffles_0_79979	0.638.1.0.0
HG003vGRCh38_wm_50md_PBCCS_sniffles_0_78338	0.638.3.0.0
HG002vGRCh38_wm_50md_PBCCS_sniffles_0_79976	0.638.3.0.0
HG002vGRCh38_wm_50md_PBCCS_sniffles_0_79975	0.638.3.0.0
HG003vGRCh38_wm_50md_PBCCS_sniffles_0_78339	0.638.3.0.0
HG002vGRCh38_wm_50md_PBCCS_sniffles_0_79978	0.638.3.0.0
HG003vGRCh38_wm_50md_PBCCS_sniffles_0_78341	0.638.3.0.0
HG004vGRCh38_wm_50md_PBCCS_sniffles_0_76720	0.638.3.0.0
HG002vGRCh38_wm_50md_PBCCS_sniffles_0_79972	0.638.3.0.0
HG003vGRCh38_wm_50md_PBCCS_sniffles_0_78335	0.638.3.0.0
HG002vGRCh38_wm_50md_PBCCS_sniffles_0_79984	0.640.0.0
HG004vGRCh38_wm_50md_PBCCS_sniffles_0_76725	0.640.0.0
HG004vGRCh38_wm_50md_PBCCS_sniffles_0_76735	0.645.0.0
HG004vGRCh38_wm_50md_PBCCS_sniffles_0_76736	0.645.0.0
HG002vGRCh38_wm_50md_PBCCS_sniffles_0_79993	0.646.0.0
HG003vGRCh38_wm_50md_PBCCS_sniffles_0_78363	0.646.0.0
HG004vGRCh38_wm_50md_PBCCS_sniffles_0_76737	0.646.0.0
HG004vGRCh38_wm_50md_PBCCS_sniffles_0_76738	0.647.0.0
HG002vGRCh38_wm_50md_PBCCS_sniffles_0_79994	0.647.0.0
HG003vGRCh38_wm_50md_PBCCS_sniffles_0_78364	0.647.0.0
HG003vGRCh38_wm_50md_PBCCS_sniffles_0_75971	0.65.0.0
HG002vGRCh38_wm_50md_PBCCS_sniffles_0_80000	0.651.0.0
HG004vGRCh38_wm_50md_PBCCS_sniffles_0_76750	0.651.0.0
HG003vGRCh38_wm_50md_PBCCS_sniffles_0_78374	0.651.0.0
HG004vGRCh38_wm_50md_PBCCS_sniffles_0_76753	0.653.0.0
HG002vGRCh38_wm_50md_PBCCS_sniffles_0_80004	0.653.0.0
HG003vGRCh38_wm_50md_PBCCS_sniffles_0_78376	0.653.0.0
HG003vGRCh38_wm_50md_PBCCS_sniffles_0_78379	0.655.0.0
HG002vGRCh38_wm_50md_PBCCS_sniffles_0_80007	0.655.0.0
HG004vGRCh38_wm_50md_PBCCS_sniffles_0_76757	0.655.0.0
HG002vGRCh38_wm_50md_PBCCS_sniffles_0_80008	0.656.0.0
HG003vGRCh38_wm_50md_PBCCS_sniffles_0_78381	0.656.0.0
HG004vGRCh38_wm_50md_PBCCS_sniffles_0_76758	0.656.0.0
HG002vGRCh38_wm_50md_PBCCS_sniffles_0_80009	0.657.0.0
HG003vGRCh38_wm_50md_PBCCS_sniffles_0_78382	0.657.0.0
HG004vGRCh38_wm_50md_PBCCS_sniffles_0_76759	0.657.0.0
HG003vGRCh38_wm_50md_PBCCS_sniffles_0_78383	0.658.0.0
HG004vGRCh38_wm_50md_PBCCS_sniffles_0_76760	0.658.0.0
HG002vGRCh38_wm_50md_PBCCS_sniffles_0_80010	0.658.0.0
HG002vGRCh38_wm_50md_PBCCS_sniffles_0_80016	0.663.0.0
HG003vGRCh38_wm_50md_PBCCS_sniffles_0_78392	0.663.0.0
HG004vGRCh38_wm_50md_PBCCS_sniffles_0_76766	0.663.0.0
HG004vGRCh38_wm_50md_PBCCS_sniffles_0_76776	0.668.0.0
HG002vGRCh38_wm_50md_PBCCS_sniffles_0_77741	0.67.0.0
HG003vGRCh38_wm_50md_PBCCS_sniffles_0_75978	0.67.0.0
HG004vGRCh38_wm_50md_PBCCS_sniffles_0_74510	0.67.0.0
HG003vGRCh38_wm_50md_PBCCS_sniffles_0_78410	0.672.0.0
HG002vGRCh38_wm_50md_PBCCS_sniffles_0_80032	0.673.0.0
HG003vGRCh38_wm_50md_PBCCS_sniffles_0_78414	0.673.0.0
HG004vGRCh38_wm_50md_PBCCS_sniffles_0_76786	0.673.0.0
HG004vGRCh38_wm_50md_PBCCS_sniffles_0_76788	0.674.0.0
HG002vGRCh38_wm_50md_PBCCS_sniffles_0_80035	0.676.0.0
HG003vGRCh38_wm_50md_PBCCS_sniffles_0_78420	0.676.0.0
HG004vGRCh38_wm_50md_PBCCS_sniffles_0_76791	0.678.0.0
HG002vGRCh38_wm_50md_PBCCS_sniffles_0_80039	0.679.0.0
HG003vGRCh38_wm_50md_PBCCS_sniffles_0_78423	0.679.0.0
HG004vGRCh38_wm_50md_PBCCS_sniffles_0_76795	0.679.0.0
HG002vGRCh38_wm_50md_PBCCS_sniffles_0_77742	0.68.0.0
HG004vGRCh38_wm_50md_PBCCS_sniffles_0_74511	0.68.0.0
HG003vGRCh38_wm_50md_PBCCS_sniffles_0_78431	0.681.0.0
HG002vGRCh38_wm_50md_PBCCS_sniffles_0_80051	0.683.0.0
HG003vGRCh38_wm_50md_PBCCS_sniffles_0_78432	0.683.0.0
HG004vGRCh38_wm_50md_PBCCS_sniffles_0_76807	0.683.0.0
HG004vGRCh38_wm_50md_PBCCS_sniffles_0_76809	0.684.0.0
HG003vGRCh38_wm_50md_PBCCS_sniffles_0_78433	0.684.0.0
HG002vGRCh38_wm_50md_PBCCS_sniffles_0_80052	0.684.0.0
HG004vGRCh38_wm_50md_PBCCS_sniffles_0_76810	0.685.0.0
HG002vGRCh38_wm_50md_PBCCS_sniffles_0_80053	0.685.0.0
HG003vGRCh38_wm_50md_PBCCS_sniffles_0_78434	0.685.0.0
HG003vGRCh38_wm_50md_PBCCS_sniffles_0_75979	0.69.0.0
HG002vGRCh38_wm_50md_PBCCS_sniffles_0_80065	0.690.0.0
HG003vGRCh38_wm_50md_PBCCS_sniffles_0_78451	0.690.0.0
HG004vGRCh38_wm_50md_PBCCS_sniffles_0_76826	0.690.0.0
HG004vGRCh38_wm_50md_PBCCS_sniffles_0_76827	0.691.0.0
HG002vGRCh38_wm_50md_PBCCS_sniffles_0_80066	0.691.0.0
HG002vGRCh38_wm_50md_PBCCS_sniffles_0_80067	0.691.0.0
HG004vGRCh38_wm_50md_PBCCS_sniffles_0_76829	0.691.0.0
HG003vGRCh38_wm_50md_PBCCS_sniffles_0_78452	0.691.0.0
HG002vGRCh38_wm_50md_PBCCS_sniffles_0_80068	0.691.0.0
HG003vGRCh38_wm_50md_PBCCS_sniffles_0_78453	0.691.0.0
HG002vGRCh38_wm_50md_PBCCS_sniffles_0_80069	0.691.0.1
HG004vGRCh38_wm_50md_PBCCS_sniffles_0_76830	0.692.0.0
HG003vGRCh38_wm_50md_PBCCS_sniffles_0_78460	0.693.0.0
HG004vGRCh38_wm_50md_PBCCS_sniffles_0_76836	0.693.0.0
HG004vGRCh38_wm_50md_PBCCS_sniffles_0_76847	0.695.0.0
HG003vGRCh38_wm_50md_PBCCS_sniffles_0_78480	0.695.0.0
HG002vGRCh38_wm_50md_PBCCS_sniffles_0_80087	0.695.0.0
HG002vGRCh38_wm_50md_PBCCS_sniffles_0_80091	0.697.0.0
HG004vGRCh38_wm_50md_PBCCS_sniffles_0_76850	0.697.0.0
HG003vGRCh38_wm_50md_PBCCS_sniffles_0_78486	0.697.0.0
HG002vGRCh38_wm_50md_PBCCS_sniffles_0_77743	0.70.0.0
HG003vGRCh38_wm_50md_PBCCS_sniffles_0_75980	0.70.0.0
HG004vGRCh38_wm_50md_PBCCS_sniffles_0_74512	0.70.0.0
HG004vGRCh38_wm_50md_PBCCS_sniffles_0_76871	0.700.0.0
HG002vGRCh38_wm_50md_PBCCS_sniffles_0_80112	0.701.0.0
HG003vGRCh38_wm_50md_PBCCS_sniffles_0_78502	0.701.0.0
HG002vGRCh38_wm_50md_PBCCS_sniffles_0_80115	0.702.0.0
HG003vGRCh38_wm_50md_PBCCS_sniffles_0_78515	0.705.0.0
HG002vGRCh38_wm_50md_PBCCS_sniffles_0_80128	0.705.0.0
HG004vGRCh38_wm_50md_PBCCS_sniffles_0_76885	0.705.0.0
HG004vGRCh38_wm_50md_PBCCS_sniffles_0_76887	0.707.0.0
HG002vGRCh38_wm_50md_PBCCS_sniffles_0_80129	0.707.0.0
HG003vGRCh38_wm_50md_PBCCS_sniffles_0_78516	0.707.0.0
HG004vGRCh38_wm_50md_PBCCS_sniffles_0_76894	0.709.0.0
HG003vGRCh38_wm_50md_PBCCS_sniffles_0_78521	0.710.0.0
HG004vGRCh38_wm_50md_PBCCS_sniffles_0_76895	0.710.0.0
HG002vGRCh38_wm_50md_PBCCS_sniffles_0_80135	0.710.0.0
HG004vGRCh38_wm_50md_PBCCS_sniffles_0_76898	0.712.0.0.0
HG004vGRCh38_wm_50md_PBCCS_sniffles_0_76897	0.712.1.0.0
HG003vGRCh38_wm_50md_PBCCS_sniffles_0_78524	0.712.1.0.0
HG002vGRCh38_wm_50md_PBCCS_sniffles_0_80138	0.712.1.0.0
HG004vGRCh38_wm_50md_PBCCS_sniffles_0_76909	0.715.0.0
HG002vGRCh38_wm_50md_PBCCS_sniffles_0_80149	0.719.0.0
HG004vGRCh38_wm_50md_PBCCS_sniffles_0_76920	0.719.0.0
HG003vGRCh38_wm_50md_PBCCS_sniffles_0_78537	0.719.0.0
HG002vGRCh38_wm_50md_PBCCS_sniffles_0_77746	0.72.0.0
HG003vGRCh38_wm_50md_PBCCS_sniffles_0_75984	0.72.0.0
HG004vGRCh38_wm_50md_PBCCS_sniffles_0_74514	0.72.0.0
HG003vGRCh38_wm_50md_PBCCS_sniffles_0_78541	0.721.0.0
HG002vGRCh38_wm_50md_PBCCS_sniffles_0_80155	0.721.0.0
HG004vGRCh38_wm_50md_PBCCS_sniffles_0_76923	0.721.0.0
HG002vGRCh38_wm_50md_PBCCS_sniffles_0_80157	0.723.0.0
HG003vGRCh38_wm_50md_PBCCS_sniffles_0_78542	0.723.0.0
HG003vGRCh38_wm_50md_PBCCS_sniffles_0_78543	0.724.0.0
HG002vGRCh38_wm_50md_PBCCS_sniffles_0_80162	0.729.0.0
HG003vGRCh38_wm_50md_PBCCS_sniffles_0_78549	0.729.0.0
HG004vGRCh38_wm_50md_PBCCS_sniffles_0_76928	0.729.0.0
HG002vGRCh38_wm_50md_PBCCS_sniffles_0_80163	0.730.0.0
HG003vGRCh38_wm_50md_PBCCS_sniffles_0_78550	0.730.0.0
HG003vGRCh38_wm_50md_PBCCS_sniffles_0_78551	0.732.0.0
HG002vGRCh38_wm_50md_PBCCS_sniffles_0_80173	0.733.0.0
HG003vGRCh38_wm_50md_PBCCS_sniffles_0_78561	0.733.0.0
HG002vGRCh38_wm_50md_PBCCS_sniffles_0_80176	0.735.0.0
HG003vGRCh38_wm_50md_PBCCS_sniffles_0_78565	0.735.0.0
HG004vGRCh38_wm_50md_PBCCS_sniffles_0_76937	0.735.0.0
HG004vGRCh38_wm_50md_PBCCS_sniffles_0_76942	0.737.0.0
HG002vGRCh38_wm_50md_PBCCS_sniffles_0_77747	0.74.0.0.0
HG004vGRCh38_wm_50md_PBCCS_sniffles_0_74515	0.74.0.0.0
HG003vGRCh38_wm_50md_PBCCS_sniffles_0_75987	0.74.0.0.0
HG003vGRCh38_wm_50md_PBCCS_sniffles_0_75989	0.74.1.0.0
HG002vGRCh38_wm_50md_PBCCS_sniffles_0_80194	0.740.0.0.0
HG003vGRCh38_wm_50md_PBCCS_sniffles_0_78589	0.740.0.0.0
HG004vGRCh38_wm_50md_PBCCS_sniffles_0_76951	0.740.0.0.0
HG004vGRCh38_wm_50md_PBCCS_sniffles_0_76949	0.740.1.0.0
HG002vGRCh38_wm_50md_PBCCS_sniffles_0_80191	0.740.1.0.0
HG003vGRCh38_wm_50md_PBCCS_sniffles_0_78585	0.740.1.0.0
HG004vGRCh38_wm_50md_PBCCS_sniffles_0_76953	0.742.0.0
HG003vGRCh38_wm_50md_PBCCS_sniffles_0_78593	0.742.0.0
HG002vGRCh38_wm_50md_PBCCS_sniffles_0_80198	0.742.0.0
HG004vGRCh38_wm_50md_PBCCS_sniffles_0_76958	0.745.0.0
HG002vGRCh38_wm_50md_PBCCS_sniffles_0_80206	0.747.0.0
HG004vGRCh38_wm_50md_PBCCS_sniffles_0_76961	0.748.0.0
HG003vGRCh38_wm_50md_PBCCS_sniffles_0_78605	0.748.0.0
HG004vGRCh38_wm_50md_PBCCS_sniffles_0_76962	0.749.0.0
HG002vGRCh38_wm_50md_PBCCS_sniffles_0_80208	0.750.0.0
HG003vGRCh38_wm_50md_PBCCS_sniffles_0_78606	0.750.0.0
HG003vGRCh38_wm_50md_PBCCS_sniffles_0_78609	0.751.0.0
HG002vGRCh38_wm_50md_PBCCS_sniffles_0_80211	0.751.0.0
HG004vGRCh38_wm_50md_PBCCS_sniffles_0_76967	0.751.0.0
HG003vGRCh38_wm_50md_PBCCS_sniffles_0_78612	0.753.0.0
HG002vGRCh38_wm_50md_PBCCS_sniffles_0_80217	0.753.0.0
HG004vGRCh38_wm_50md_PBCCS_sniffles_0_76977	0.753.0.0
HG002vGRCh38_wm_50md_PBCCS_sniffles_0_80218	0.754.0.0
HG004vGRCh38_wm_50md_PBCCS_sniffles_0_76978	0.754.0.0
HG002vGRCh38_wm_50md_PBCCS_sniffles_0_80221	0.756.0.0
HG003vGRCh38_wm_50md_PBCCS_sniffles_0_78613	0.756.0.0
HG002vGRCh38_wm_50md_PBCCS_sniffles_0_80223	0.757.0.0
HG004vGRCh38_wm_50md_PBCCS_sniffles_0_76981	0.757.0.0
HG003vGRCh38_wm_50md_PBCCS_sniffles_0_78614	0.757.0.0
HG004vGRCh38_wm_50md_PBCCS_sniffles_0_76982	0.758.0.0.0
HG002vGRCh38_wm_50md_PBCCS_sniffles_0_80224	0.758.0.0.0
HG003vGRCh38_wm_50md_PBCCS_sniffles_0_78615	0.758.0.0.0
HG002vGRCh38_wm_50md_PBCCS_sniffles_0_80226	0.758.1.0.0
HG004vGRCh38_wm_50md_PBCCS_sniffles_0_76984	0.758.1.0.0
HG003vGRCh38_wm_50md_PBCCS_sniffles_0_78617	0.758.2.0.0
HG002vGRCh38_wm_50md_PBCCS_sniffles_0_80229	0.759.0.0
HG003vGRCh38_wm_50md_PBCCS_sniffles_0_78621	0.759.0.1
HG002vGRCh38_wm_50md_PBCCS_sniffles_0_80230	0.759.0.1
HG004vGRCh38_wm_50md_PBCCS_sniffles_0_76986	0.759.0.1
HG003vGRCh38_wm_50md_PBCCS_sniffles_0_75990	0.76.0.0
HG002vGRCh38_wm_50md_PBCCS_sniffles_0_77753	0.76.0.0
HG002vGRCh38_wm_50md_PBCCS_sniffles_0_80234	0.760.0.0
HG003vGRCh38_wm_50md_PBCCS_sniffles_0_78623	0.760.0.0
HG004vGRCh38_wm_50md_PBCCS_sniffles_0_76987	0.762.0.0
HG003vGRCh38_wm_50md_PBCCS_sniffles_0_78638	0.768.0.0.0
HG004vGRCh38_wm_50md_PBCCS_sniffles_0_76998	0.768.0.0.0
HG002vGRCh38_wm_50md_PBCCS_sniffles_0_80248	0.768.0.0.0
HG004vGRCh38_wm_50md_PBCCS_sniffles_0_77000	0.768.1.0.0
HG002vGRCh38_wm_50md_PBCCS_sniffles_0_80252	0.768.1.0.0
HG003vGRCh38_wm_50md_PBCCS_sniffles_0_78640	0.768.1.0.0
HG003vGRCh38_wm_50md_PBCCS_sniffles_0_78641	0.768.1.0.0
HG004vGRCh38_wm_50md_PBCCS_sniffles_0_77002	0.768.1.0.0
HG002vGRCh38_wm_50md_PBCCS_sniffles_0_80253	0.768.1.0.0
HG002vGRCh38_wm_50md_PBCCS_sniffles_0_80268	0.769.0.0
HG003vGRCh38_wm_50md_PBCCS_sniffles_0_78651	0.769.0.0
HG004vGRCh38_wm_50md_PBCCS_sniffles_0_77013	0.769.0.0
HG002vGRCh38_wm_50md_PBCCS_sniffles_0_77755	0.77.0.0
HG003vGRCh38_wm_50md_PBCCS_sniffles_0_75993	0.77.0.0
HG002vGRCh38_wm_50md_PBCCS_sniffles_0_80269	0.771.0.0
HG003vGRCh38_wm_50md_PBCCS_sniffles_0_78654	0.771.0.0
HG004vGRCh38_wm_50md_PBCCS_sniffles_0_77015	0.771.0.0
HG002vGRCh38_wm_50md_PBCCS_sniffles_0_80278	0.774.0.0
HG002vGRCh38_wm_50md_PBCCS_sniffles_0_80285	0.775.0.0
HG003vGRCh38_wm_50md_PBCCS_sniffles_0_78671	0.775.0.0
HG004vGRCh38_wm_50md_PBCCS_sniffles_0_77027	0.775.0.0
HG004vGRCh38_wm_50md_PBCCS_sniffles_0_77033	0.779.0.0
HG004vGRCh38_wm_50md_PBCCS_sniffles_0_77036	0.784.0.0
HG002vGRCh38_wm_50md_PBCCS_sniffles_0_80290	0.784.0.0
HG003vGRCh38_wm_50md_PBCCS_sniffles_0_78684	0.784.0.0
HG002vGRCh38_wm_50md_PBCCS_sniffles_0_80292	0.784.0.1
HG003vGRCh38_wm_50md_PBCCS_sniffles_0_78685	0.785.0.0
HG004vGRCh38_wm_50md_PBCCS_sniffles_0_77038	0.785.0.0
HG002vGRCh38_wm_50md_PBCCS_sniffles_0_80293	0.785.0.0
HG003vGRCh38_wm_50md_PBCCS_sniffles_0_78688	0.787.0.0
HG004vGRCh38_wm_50md_PBCCS_sniffles_0_77047	0.788.0.0.0
HG002vGRCh38_wm_50md_PBCCS_sniffles_0_80301	0.788.1.0.0
HG002vGRCh38_wm_50md_PBCCS_sniffles_0_80303	0.788.1.0.0
HG003vGRCh38_wm_50md_PBCCS_sniffles_0_78694	0.788.1.0.0
HG003vGRCh38_wm_50md_PBCCS_sniffles_0_78693	0.788.1.0.0
HG004vGRCh38_wm_50md_PBCCS_sniffles_0_77046	0.788.1.0.0
HG002vGRCh38_wm_50md_PBCCS_sniffles_0_80304	0.788.1.0.0
HG004vGRCh38_wm_50md_PBCCS_sniffles_0_74526	0.79.0.0
HG002vGRCh38_wm_50md_PBCCS_sniffles_0_80324	0.791.0.0
HG003vGRCh38_wm_50md_PBCCS_sniffles_0_78707	0.791.0.0
HG004vGRCh38_wm_50md_PBCCS_sniffles_0_77059	0.791.0.0
HG002vGRCh38_wm_50md_PBCCS_sniffles_0_80325	0.792.0.0
HG004vGRCh38_wm_50md_PBCCS_sniffles_0_77060	0.792.0.0
HG003vGRCh38_wm_50md_PBCCS_sniffles_0_78709	0.792.0.0
HG004vGRCh38_wm_50md_PBCCS_sniffles_0_77061	0.792.0.0
HG002vGRCh38_wm_50md_PBCCS_sniffles_0_80326	0.792.0.0
HG004vGRCh38_wm_50md_PBCCS_sniffles_0_77062	0.792.0.0
HG002vGRCh38_wm_50md_PBCCS_sniffles_0_80332	0.798.0.0
HG004vGRCh38_wm_50md_PBCCS_sniffles_0_77063	0.798.0.0
HG002vGRCh38_wm_50md_PBCCS_sniffles_0_77612	0.8.0.0
HG003vGRCh38_wm_50md_PBCCS_sniffles_0_75863	0.8.0.0
HG002vGRCh38_wm_50md_PBCCS_sniffles_0_77760	0.80.0.0
HG003vGRCh38_wm_50md_PBCCS_sniffles_0_75995	0.80.0.0
HG004vGRCh38_wm_50md_PBCCS_sniffles_0_74527	0.80.0.0
HG003vGRCh38_wm_50md_PBCCS_sniffles_0_78728	0.801.0.0
HG002vGRCh38_wm_50md_PBCCS_sniffles_0_80339	0.802.0.0
HG003vGRCh38_wm_50md_PBCCS_sniffles_0_78729	0.802.0.0
HG004vGRCh38_wm_50md_PBCCS_sniffles_0_77069	0.802.0.0
HG002vGRCh38_wm_50md_PBCCS_sniffles_0_80342	0.804.0.0
HG004vGRCh38_wm_50md_PBCCS_sniffles_0_77072	0.804.0.0
HG002vGRCh38_wm_50md_PBCCS_sniffles_0_80345	0.805.0.0
HG003vGRCh38_wm_50md_PBCCS_sniffles_0_78735	0.805.0.0
HG004vGRCh38_wm_50md_PBCCS_sniffles_0_77074	0.805.0.0
HG002vGRCh38_wm_50md_PBCCS_sniffles_0_80353	0.806.0.0.0
HG004vGRCh38_wm_50md_PBCCS_sniffles_0_77080	0.806.0.0.0
HG003vGRCh38_wm_50md_PBCCS_sniffles_0_78741	0.806.0.0.0
HG002vGRCh38_wm_50md_PBCCS_sniffles_0_80349	0.806.1.0.0
HG003vGRCh38_wm_50md_PBCCS_sniffles_0_78738	0.806.1.0.0
HG002vGRCh38_wm_50md_PBCCS_sniffles_0_80351	0.806.1.0.0
HG004vGRCh38_wm_50md_PBCCS_sniffles_0_77078	0.806.1.0.0
HG002vGRCh38_wm_50md_PBCCS_sniffles_0_80352	0.806.1.0.0
HG003vGRCh38_wm_50md_PBCCS_sniffles_0_78740	0.806.1.0.0
HG004vGRCh38_wm_50md_PBCCS_sniffles_0_77079	0.806.1.0.0
HG004vGRCh38_wm_50md_PBCCS_sniffles_0_77077	0.806.2.0.0
HG003vGRCh38_wm_50md_PBCCS_sniffles_0_78742	0.807.1.0.0
HG002vGRCh38_wm_50md_PBCCS_sniffles_0_80360	0.809.0.0
HG003vGRCh38_wm_50md_PBCCS_sniffles_0_78751	0.809.0.0
HG002vGRCh38_wm_50md_PBCCS_sniffles_0_77761	0.81.0.0
HG004vGRCh38_wm_50md_PBCCS_sniffles_0_77087	0.811.0.0
HG003vGRCh38_wm_50md_PBCCS_sniffles_0_78754	0.812.0.0
HG002vGRCh38_wm_50md_PBCCS_sniffles_0_80363	0.812.0.0
HG002vGRCh38_wm_50md_PBCCS_sniffles_0_80364	0.813.0.0
HG004vGRCh38_wm_50md_PBCCS_sniffles_0_77090	0.813.0.0
HG004vGRCh38_wm_50md_PBCCS_sniffles_0_77091	0.814.0.0
HG002vGRCh38_wm_50md_PBCCS_sniffles_0_80365	0.814.0.0
HG003vGRCh38_wm_50md_PBCCS_sniffles_0_78756	0.814.0.0
HG004vGRCh38_wm_50md_PBCCS_sniffles_0_77095	0.816.0.0
HG003vGRCh38_wm_50md_PBCCS_sniffles_0_78762	0.816.0.0
HG002vGRCh38_wm_50md_PBCCS_sniffles_0_80373	0.816.0.0
HG003vGRCh38_wm_50md_PBCCS_sniffles_0_78763	0.816.0.1
HG002vGRCh38_wm_50md_PBCCS_sniffles_0_80375	0.822.0.0
HG003vGRCh38_wm_50md_PBCCS_sniffles_0_78768	0.822.0.0
HG004vGRCh38_wm_50md_PBCCS_sniffles_0_77098	0.823.1.0.0
HG004vGRCh38_wm_50md_PBCCS_sniffles_0_77101	0.823.1.0.0
HG002vGRCh38_wm_50md_PBCCS_sniffles_0_80376	0.823.1.0.1
HG004vGRCh38_wm_50md_PBCCS_sniffles_0_77099	0.823.2.0.0
HG004vGRCh38_wm_50md_PBCCS_sniffles_0_77118	0.829.0.0
HG004vGRCh38_wm_50md_PBCCS_sniffles_0_74536	0.83.0.0
HG004vGRCh38_wm_50md_PBCCS_sniffles_0_77119	0.830.0.0
HG002vGRCh38_wm_50md_PBCCS_sniffles_0_80394	0.831.0.0
HG003vGRCh38_wm_50md_PBCCS_sniffles_0_78787	0.831.0.0
HG002vGRCh38_wm_50md_PBCCS_sniffles_0_80396	0.832.0.0
HG003vGRCh38_wm_50md_PBCCS_sniffles_0_78789	0.832.0.0
HG004vGRCh38_wm_50md_PBCCS_sniffles_0_77122	0.832.0.0
HG004vGRCh38_wm_50md_PBCCS_sniffles_0_77134	0.837.0.0
HG002vGRCh38_wm_50md_PBCCS_sniffles_0_77769	0.84.0.0
HG003vGRCh38_wm_50md_PBCCS_sniffles_0_76001	0.84.0.0
HG004vGRCh38_wm_50md_PBCCS_sniffles_0_74538	0.84.0.0
HG002vGRCh38_wm_50md_PBCCS_sniffles_0_80418	0.841.0.0
HG003vGRCh38_wm_50md_PBCCS_sniffles_0_78809	0.841.0.0
HG004vGRCh38_wm_50md_PBCCS_sniffles_0_77139	0.841.0.0
HG003vGRCh38_wm_50md_PBCCS_sniffles_0_78812	0.843.0.0
HG004vGRCh38_wm_50md_PBCCS_sniffles_0_77148	0.845.0.0
HG002vGRCh38_wm_50md_PBCCS_sniffles_0_80425	0.846.0.0
HG003vGRCh38_wm_50md_PBCCS_sniffles_0_78822	0.846.0.0
HG004vGRCh38_wm_50md_PBCCS_sniffles_0_77149	0.846.0.0
HG003vGRCh38_wm_50md_PBCCS_sniffles_0_78823	0.846.0.0
HG002vGRCh38_wm_50md_PBCCS_sniffles_0_80426	0.846.0.0
HG004vGRCh38_wm_50md_PBCCS_sniffles_0_77150	0.846.0.1
HG002vGRCh38_wm_50md_PBCCS_sniffles_0_80427	0.846.0.1
HG002vGRCh38_wm_50md_PBCCS_sniffles_0_80431	0.847.0.0
HG004vGRCh38_wm_50md_PBCCS_sniffles_0_77152	0.847.0.0
HG002vGRCh38_wm_50md_PBCCS_sniffles_0_80433	0.848.0.0
HG004vGRCh38_wm_50md_PBCCS_sniffles_0_77155	0.848.0.0
HG002vGRCh38_wm_50md_PBCCS_sniffles_0_80434	0.849.0.0
HG004vGRCh38_wm_50md_PBCCS_sniffles_0_77156	0.849.0.0
HG002vGRCh38_wm_50md_PBCCS_sniffles_0_80435	0.849.0.1
HG004vGRCh38_wm_50md_PBCCS_sniffles_0_77157	0.849.0.1
HG002vGRCh38_wm_50md_PBCCS_sniffles_0_77770	0.85.0.0
HG003vGRCh38_wm_50md_PBCCS_sniffles_0_76004	0.85.0.0
HG004vGRCh38_wm_50md_PBCCS_sniffles_0_74539	0.85.0.0
HG002vGRCh38_wm_50md_PBCCS_sniffles_0_80436	0.850.0.0
HG003vGRCh38_wm_50md_PBCCS_sniffles_0_78824	0.850.0.0
HG004vGRCh38_wm_50md_PBCCS_sniffles_0_77158	0.850.0.0
HG002vGRCh38_wm_50md_PBCCS_sniffles_0_80437	0.851.0.0
HG004vGRCh38_wm_50md_PBCCS_sniffles_0_77160	0.851.0.0
HG003vGRCh38_wm_50md_PBCCS_sniffles_0_78827	0.854.0.0
HG004vGRCh38_wm_50md_PBCCS_sniffles_0_77164	0.854.0.0
HG004vGRCh38_wm_50md_PBCCS_sniffles_0_77165	0.855.0.0
HG002vGRCh38_wm_50md_PBCCS_sniffles_0_80441	0.856.1.0.0
HG003vGRCh38_wm_50md_PBCCS_sniffles_0_78834	0.857.0.0
HG002vGRCh38_wm_50md_PBCCS_sniffles_0_80446	0.857.0.0
HG004vGRCh38_wm_50md_PBCCS_sniffles_0_77171	0.857.0.0
HG003vGRCh38_wm_50md_PBCCS_sniffles_0_78842	0.859.0.0
HG002vGRCh38_wm_50md_PBCCS_sniffles_0_80449	0.859.0.0
HG002vGRCh38_wm_50md_PBCCS_sniffles_0_77773	0.86.0.0
HG004vGRCh38_wm_50md_PBCCS_sniffles_0_74540	0.86.0.0
HG002vGRCh38_wm_50md_PBCCS_sniffles_0_80450	0.860.0.0
HG003vGRCh38_wm_50md_PBCCS_sniffles_0_78843	0.860.0.0
HG004vGRCh38_wm_50md_PBCCS_sniffles_0_77175	0.860.0.0
HG003vGRCh38_wm_50md_PBCCS_sniffles_0_78845	0.861.0.0
HG002vGRCh38_wm_50md_PBCCS_sniffles_0_80451	0.861.0.0
HG003vGRCh38_wm_50md_PBCCS_sniffles_0_78855	0.862.0.0
HG004vGRCh38_wm_50md_PBCCS_sniffles_0_77183	0.862.0.0
HG004vGRCh38_wm_50md_PBCCS_sniffles_0_77184	0.862.0.0
HG002vGRCh38_wm_50md_PBCCS_sniffles_0_80464	0.862.0.0
HG002vGRCh38_wm_50md_PBCCS_sniffles_0_80465	0.862.0.0
HG003vGRCh38_wm_50md_PBCCS_sniffles_0_78856	0.862.0.0
HG002vGRCh38_wm_50md_PBCCS_sniffles_0_80466	0.862.0.0
HG002vGRCh38_wm_50md_PBCCS_sniffles_0_80476	0.865.0.0
HG004vGRCh38_wm_50md_PBCCS_sniffles_0_77190	0.865.0.0
HG003vGRCh38_wm_50md_PBCCS_sniffles_0_78864	0.865.0.1
HG002vGRCh38_wm_50md_PBCCS_sniffles_0_80488	0.868.0.0.0
HG003vGRCh38_wm_50md_PBCCS_sniffles_0_78877	0.868.0.0.0
HG002vGRCh38_wm_50md_PBCCS_sniffles_0_80489	0.868.0.0.0
HG003vGRCh38_wm_50md_PBCCS_sniffles_0_78879	0.868.0.0.0
HG004vGRCh38_wm_50md_PBCCS_sniffles_0_77195	0.868.0.0.1
HG003vGRCh38_wm_50md_PBCCS_sniffles_0_78874	0.868.0.0.1
HG003vGRCh38_wm_50md_PBCCS_sniffles_0_78880	0.868.0.0.1
HG002vGRCh38_wm_50md_PBCCS_sniffles_0_80485	0.868.0.0.1
HG004vGRCh38_wm_50md_PBCCS_sniffles_0_77199	0.868.1.0.0
HG003vGRCh38_wm_50md_PBCCS_sniffles_0_78882	0.870.0.0
HG002vGRCh38_wm_50md_PBCCS_sniffles_0_80496	0.870.0.0
HG003vGRCh38_wm_50md_PBCCS_sniffles_0_78884	0.870.0.0
HG002vGRCh38_wm_50md_PBCCS_sniffles_0_80495	0.870.0.0
HG004vGRCh38_wm_50md_PBCCS_sniffles_0_77209	0.870.0.0
HG002vGRCh38_wm_50md_PBCCS_sniffles_0_80508	0.872.0.0.0
HG002vGRCh38_wm_50md_PBCCS_sniffles_0_80505	0.872.1.0.0
HG003vGRCh38_wm_50md_PBCCS_sniffles_0_78890	0.872.1.0.1
HG002vGRCh38_wm_50md_PBCCS_sniffles_0_80506	0.872.1.0.1
HG003vGRCh38_wm_50md_PBCCS_sniffles_0_78891	0.872.1.0.2
HG002vGRCh38_wm_50md_PBCCS_sniffles_0_80509	0.872.1.0.2
HG002vGRCh38_wm_50md_PBCCS_sniffles_0_80500	0.872.2.0.0
HG004vGRCh38_wm_50md_PBCCS_sniffles_0_77210	0.872.2.0.0
HG004vGRCh38_wm_50md_PBCCS_sniffles_0_77216	0.873.0.0.0
HG003vGRCh38_wm_50md_PBCCS_sniffles_0_78893	0.873.0.0.1
HG003vGRCh38_wm_50md_PBCCS_sniffles_0_78892	0.873.1.0.0
HG002vGRCh38_wm_50md_PBCCS_sniffles_0_80510	0.873.1.0.1
HG003vGRCh38_wm_50md_PBCCS_sniffles_0_78894	0.873.1.0.1
HG004vGRCh38_wm_50md_PBCCS_sniffles_0_77219	0.874.0.0
HG002vGRCh38_wm_50md_PBCCS_sniffles_0_80513	0.874.0.0
HG003vGRCh38_wm_50md_PBCCS_sniffles_0_78895	0.874.0.0
HG003vGRCh38_wm_50md_PBCCS_sniffles_0_78898	0.877.0.0
HG003vGRCh38_wm_50md_PBCCS_sniffles_0_78899	0.877.0.1
HG002vGRCh38_wm_50md_PBCCS_sniffles_0_77779	0.88.0.0
HG003vGRCh38_wm_50md_PBCCS_sniffles_0_76014	0.88.0.0
HG004vGRCh38_wm_50md_PBCCS_sniffles_0_74546	0.88.0.0
HG003vGRCh38_wm_50md_PBCCS_sniffles_0_78921	0.884.0.0
HG004vGRCh38_wm_50md_PBCCS_sniffles_0_74547	0.89.0.0
HG003vGRCh38_wm_50md_PBCCS_sniffles_0_75864	0.9.0.0
HG002vGRCh38_wm_50md_PBCCS_sniffles_0_77613	0.9.0.0
HG003vGRCh38_wm_50md_PBCCS_sniffles_0_78965	0.903.0.0
HG004vGRCh38_wm_50md_PBCCS_sniffles_0_77288	0.905.0.0.0
HG002vGRCh38_wm_50md_PBCCS_sniffles_0_80591	0.905.0.0.0
HG004vGRCh38_wm_50md_PBCCS_sniffles_0_77277	0.905.1.0.0
HG002vGRCh38_wm_50md_PBCCS_sniffles_0_80584	0.905.1.0.0
HG003vGRCh38_wm_50md_PBCCS_sniffles_0_78966	0.905.1.0.0
HG004vGRCh38_wm_50md_PBCCS_sniffles_0_77294	0.908.1.0.0
HG002vGRCh38_wm_50md_PBCCS_sniffles_0_80604	0.908.1.0.0
HG003vGRCh38_wm_50md_PBCCS_sniffles_0_78983	0.908.1.0.0
HG004vGRCh38_wm_50md_PBCCS_sniffles_0_77297	0.909.0.0
HG002vGRCh38_wm_50md_PBCCS_sniffles_0_80607	0.909.0.0
HG003vGRCh38_wm_50md_PBCCS_sniffles_0_78986	0.909.0.0
HG002vGRCh38_wm_50md_PBCCS_sniffles_0_80608	0.910.0.0.0
HG003vGRCh38_wm_50md_PBCCS_sniffles_0_78987	0.910.1.0.0
HG002vGRCh38_wm_50md_PBCCS_sniffles_0_80616	0.911.0.0.0
HG003vGRCh38_wm_50md_PBCCS_sniffles_0_78992	0.911.0.0.0
HG004vGRCh38_wm_50md_PBCCS_sniffles_0_77306	0.911.0.0.0
HG002vGRCh38_wm_50md_PBCCS_sniffles_0_80615	0.911.1.0.0
HG004vGRCh38_wm_50md_PBCCS_sniffles_0_77307	0.911.1.0.0
HG002vGRCh38_wm_50md_PBCCS_sniffles_0_80614	0.911.2.0.0
HG003vGRCh38_wm_50md_PBCCS_sniffles_0_78991	0.911.2.0.0
HG004vGRCh38_wm_50md_PBCCS_sniffles_0_77305	0.911.2.0.0
HG003vGRCh38_wm_50md_PBCCS_sniffles_0_78993	0.911.2.0.0
HG002vGRCh38_wm_50md_PBCCS_sniffles_0_80617	0.911.2.0.0
HG004vGRCh38_wm_50md_PBCCS_sniffles_0_77308	0.912.0.0
HG004vGRCh38_wm_50md_PBCCS_sniffles_0_77314	0.913.0.0
HG004vGRCh38_wm_50md_PBCCS_sniffles_0_77327	0.916.1.0.0
HG003vGRCh38_wm_50md_PBCCS_sniffles_0_79001	0.916.1.0.0
HG003vGRCh38_wm_50md_PBCCS_sniffles_0_79002	0.916.1.0.0
HG002vGRCh38_wm_50md_PBCCS_sniffles_0_80629	0.916.1.0.0
HG003vGRCh38_wm_50md_PBCCS_sniffles_0_79025	0.919.0.0
HG004vGRCh38_wm_50md_PBCCS_sniffles_0_77350	0.921.0.0
HG002vGRCh38_wm_50md_PBCCS_sniffles_0_80648	0.922.0.0
HG004vGRCh38_wm_50md_PBCCS_sniffles_0_77351	0.922.0.0
HG002vGRCh38_wm_50md_PBCCS_sniffles_0_80654	0.924.0.0
HG004vGRCh38_wm_50md_PBCCS_sniffles_0_77354	0.924.0.0
HG003vGRCh38_wm_50md_PBCCS_sniffles_0_79032	0.924.0.0
HG004vGRCh38_wm_50md_PBCCS_sniffles_0_77356	0.927.0.0
HG004vGRCh38_wm_50md_PBCCS_sniffles_0_77365	0.931.0.0
HG003vGRCh38_wm_50md_PBCCS_sniffles_0_79049	0.934.0.0
HG004vGRCh38_wm_50md_PBCCS_sniffles_0_77381	0.937.0.0
HG002vGRCh38_wm_50md_PBCCS_sniffles_0_80668	0.937.0.0
HG003vGRCh38_wm_50md_PBCCS_sniffles_0_79055	0.937.0.0
HG004vGRCh38_wm_50md_PBCCS_sniffles_0_77380	0.937.0.0
HG004vGRCh38_wm_50md_PBCCS_sniffles_0_77382	0.937.0.0
HG004vGRCh38_wm_50md_PBCCS_sniffles_0_77383	0.937.0.1
HG003vGRCh38_wm_50md_PBCCS_sniffles_0_79056	0.937.0.2
HG002vGRCh38_wm_50md_PBCCS_sniffles_0_80669	0.937.0.2
HG004vGRCh38_wm_50md_PBCCS_sniffles_0_74554	0.94.0.0
HG004vGRCh38_wm_50md_PBCCS_sniffles_0_77390	0.940.0.0
HG003vGRCh38_wm_50md_PBCCS_sniffles_0_79064	0.944.0.0
HG004vGRCh38_wm_50md_PBCCS_sniffles_0_77393	0.944.0.0
HG002vGRCh38_wm_50md_PBCCS_sniffles_0_80679	0.944.0.0
HG003vGRCh38_wm_50md_PBCCS_sniffles_0_79074	0.946.0.0
HG002vGRCh38_wm_50md_PBCCS_sniffles_0_80685	0.946.0.0
HG003vGRCh38_wm_50md_PBCCS_sniffles_0_79075	0.946.0.0
HG002vGRCh38_wm_50md_PBCCS_sniffles_0_80691	0.948.0.0.0
HG004vGRCh38_wm_50md_PBCCS_sniffles_0_77407	0.948.0.0.0
HG003vGRCh38_wm_50md_PBCCS_sniffles_0_79077	0.948.1.0.0.0
HG002vGRCh38_wm_50md_PBCCS_sniffles_0_80689	0.948.1.0.0.0
HG004vGRCh38_wm_50md_PBCCS_sniffles_0_77402	0.948.2.0.0
HG003vGRCh38_wm_50md_PBCCS_sniffles_0_76025	0.95.0.0
HG003vGRCh38_wm_50md_PBCCS_sniffles_0_79084	0.950.1.0.0
HG002vGRCh38_wm_50md_PBCCS_sniffles_0_80698	0.950.1.0.0
HG004vGRCh38_wm_50md_PBCCS_sniffles_0_77413	0.950.1.0.0
HG003vGRCh38_wm_50md_PBCCS_sniffles_0_79086	0.950.1.0.0
HG002vGRCh38_wm_50md_PBCCS_sniffles_0_80701	0.950.1.0.1
HG002vGRCh38_wm_50md_PBCCS_sniffles_0_80696	0.950.1.0.1
HG003vGRCh38_wm_50md_PBCCS_sniffles_0_79082	0.950.1.0.1
HG004vGRCh38_wm_50md_PBCCS_sniffles_0_77411	0.950.1.0.1
HG004vGRCh38_wm_50md_PBCCS_sniffles_0_77412	0.950.1.0.2
HG002vGRCh38_wm_50md_PBCCS_sniffles_0_80710	0.953.0.0
HG004vGRCh38_wm_50md_PBCCS_sniffles_0_77421	0.953.0.0
HG002vGRCh38_wm_50md_PBCCS_sniffles_0_80712	0.954.0.0
HG004vGRCh38_wm_50md_PBCCS_sniffles_0_77423	0.954.0.0
HG004vGRCh38_wm_50md_PBCCS_sniffles_0_77431	0.957.0.0
HG002vGRCh38_wm_50md_PBCCS_sniffles_0_80716	0.957.0.0
HG002vGRCh38_wm_50md_PBCCS_sniffles_0_80719	0.959.0.0
HG004vGRCh38_wm_50md_PBCCS_sniffles_0_77434	0.959.0.0
HG002vGRCh38_wm_50md_PBCCS_sniffles_0_80742	0.961.0.0
HG002vGRCh38_wm_50md_PBCCS_sniffles_0_80743	0.961.0.1
HG003vGRCh38_wm_50md_PBCCS_sniffles_0_79108	0.962.0.0
HG004vGRCh38_wm_50md_PBCCS_sniffles_0_77449	0.962.0.0
HG002vGRCh38_wm_50md_PBCCS_sniffles_0_80744	0.962.0.0
HG003vGRCh38_wm_50md_PBCCS_sniffles_0_79128	0.966.0.0
HG002vGRCh38_wm_50md_PBCCS_sniffles_0_80760	0.966.0.0
HG004vGRCh38_wm_50md_PBCCS_sniffles_0_77469	0.966.0.0
HG003vGRCh38_wm_50md_PBCCS_sniffles_0_79129	0.966.0.0
HG002vGRCh38_wm_50md_PBCCS_sniffles_0_80761	0.966.0.0
HG003vGRCh38_wm_50md_PBCCS_sniffles_0_79139	0.969.1.0.0
HG004vGRCh38_wm_50md_PBCCS_sniffles_0_77490	0.975.0.0
HG002vGRCh38_wm_50md_PBCCS_sniffles_0_80789	0.978.0.0
HG004vGRCh38_wm_50md_PBCCS_sniffles_0_77495	0.978.0.0
HG003vGRCh38_wm_50md_PBCCS_sniffles_0_79158	0.978.0.0
HG004vGRCh38_wm_50md_PBCCS_sniffles_0_74559	0.98.0.0
HG003vGRCh38_wm_50md_PBCCS_sniffles_0_79159	0.980.0.0.0
HG002vGRCh38_wm_50md_PBCCS_sniffles_0_80792	0.980.0.0.1
HG003vGRCh38_wm_50md_PBCCS_sniffles_0_79161	0.980.0.0.1
HG004vGRCh38_wm_50md_PBCCS_sniffles_0_77497	0.980.0.0.1
HG004vGRCh38_wm_50md_PBCCS_sniffles_0_77496	0.980.0.0.1
HG002vGRCh38_wm_50md_PBCCS_sniffles_0_80790	0.980.0.0.1
HG004vGRCh38_wm_50md_PBCCS_sniffles_0_77498	0.980.1.0.0
HG003vGRCh38_wm_50md_PBCCS_sniffles_0_79173	0.984.0.0
