HG002vGRCh38_wm_50md_PBCCS_sniffles_0_54510	0.12.0.0
HG004vGRCh38_wm_50md_PBCCS_sniffles_0_49801	0.4.0.0
HG004vGRCh38_wm_50md_PBCCS_sniffles_0_49693	0.4.0.1
HG002vGRCh38_wm_50md_PBCCS_sniffles_0_51313	0.4.0.1
HG003vGRCh38_wm_50md_PBCCS_sniffles_0_49904	0.4.0.2
HG002vGRCh38_wm_50md_PBCCS_sniffles_0_51314	0.4.0.3
HG002vGRCh38_wm_50md_PBCCS_sniffles_0_51330	0.4.0.4
HG002vGRCh38_wm_50md_PBCCS_sniffles_0_51552	0.4.0.4
HG004vGRCh38_wm_50md_PBCCS_sniffles_0_49717	0.4.0.4
HG002vGRCh38_wm_50md_PBCCS_sniffles_0_51306	0.4.0.5
