HG002vGRCh38_wm_50md_PBCCS_sniffles_0_3067	0.0.0.0.0.0
HG003vGRCh38_wm_50md_PBCCS_sniffles_0_3017	0.0.0.0.0.0
HG004vGRCh38_wm_50md_PBCCS_sniffles_0_2925	0.0.0.0.0.0
HG004vGRCh38_wm_50md_PBCCS_sniffles_0_4401	0.0.0.2.0.0
HG004vGRCh38_wm_50md_PBCCS_sniffles_0_4356	0.0.0.2.0.0
HG004vGRCh38_wm_50md_PBCCS_sniffles_0_4404	0.0.0.2.0.0
HG002vGRCh38_wm_50md_PBCCS_sniffles_0_4747	0.0.0.2.0.0
HG003vGRCh38_wm_50md_PBCCS_sniffles_0_4648	0.0.0.2.0.0
HG004vGRCh38_wm_50md_PBCCS_sniffles_0_4386	0.0.0.2.0.0
HG004vGRCh38_wm_50md_PBCCS_sniffles_0_4362	0.0.0.2.0.0
HG004vGRCh38_wm_50md_PBCCS_sniffles_0_4384	0.0.0.2.0.0
HG004vGRCh38_wm_50md_PBCCS_sniffles_0_4363	0.0.0.2.0.0
HG004vGRCh38_wm_50md_PBCCS_sniffles_0_4385	0.0.0.2.0.1
HG003vGRCh38_wm_50md_PBCCS_sniffles_0_4637	0.0.0.2.0.1
HG004vGRCh38_wm_50md_PBCCS_sniffles_0_4383	0.0.0.2.0.1
HG004vGRCh38_wm_50md_PBCCS_sniffles_0_4364	0.0.0.2.0.1
HG002vGRCh38_wm_50md_PBCCS_sniffles_0_4761	0.0.0.2.0.1
HG004vGRCh38_wm_50md_PBCCS_sniffles_0_4388	0.0.0.2.0.1
HG003vGRCh38_wm_50md_PBCCS_sniffles_0_4649	0.0.0.2.0.1
HG004vGRCh38_wm_50md_PBCCS_sniffles_0_4403	0.0.0.2.0.1
HG003vGRCh38_wm_50md_PBCCS_sniffles_0_4636	0.0.0.2.0.1
HG002vGRCh38_wm_50md_PBCCS_sniffles_0_4734	0.0.0.2.0.2
HG004vGRCh38_wm_50md_PBCCS_sniffles_0_4360	0.0.0.2.0.2
HG003vGRCh38_wm_50md_PBCCS_sniffles_0_4629	0.0.0.2.0.2
HG002vGRCh38_wm_50md_PBCCS_sniffles_0_3509	0.0.1.0.0
HG002vGRCh38_wm_50md_PBCCS_sniffles_0_3506	0.0.1.0.1
HG004vGRCh38_wm_50md_PBCCS_sniffles_0_3318	0.0.1.0.1
HG002vGRCh38_wm_50md_PBCCS_sniffles_0_3508	0.0.1.0.1
HG004vGRCh38_wm_50md_PBCCS_sniffles_0_3323	0.0.1.0.1
