HG002vGRCh38_wm_50md_PBCCS_sniffles_0_88371	0.0.0.0
HG004vGRCh38_wm_50md_PBCCS_sniffles_0_84495	0.0.0.0
HG002vGRCh38_wm_50md_PBCCS_sniffles_0_88372	0.1.0.0.0
HG004vGRCh38_wm_50md_PBCCS_sniffles_0_84496	0.1.0.0.0
HG002vGRCh38_wm_50md_PBCCS_sniffles_0_88373	0.1.1.0.0
HG004vGRCh38_wm_50md_PBCCS_sniffles_0_84497	0.1.1.0.0
HG002vGRCh38_wm_50md_PBCCS_sniffles_0_88792	0.100.0.0
HG003vGRCh38_wm_50md_PBCCS_sniffles_0_86766	0.100.0.0
HG003vGRCh38_wm_50md_PBCCS_sniffles_0_86768	0.102.0.0
HG002vGRCh38_wm_50md_PBCCS_sniffles_0_88799	0.105.0.0
HG003vGRCh38_wm_50md_PBCCS_sniffles_0_86773	0.105.0.0
HG004vGRCh38_wm_50md_PBCCS_sniffles_0_84946	0.105.0.0
HG002vGRCh38_wm_50md_PBCCS_sniffles_0_88800	0.105.0.0
HG004vGRCh38_wm_50md_PBCCS_sniffles_0_84947	0.105.0.0
HG002vGRCh38_wm_50md_PBCCS_sniffles_0_88802	0.106.0.0.0
HG003vGRCh38_wm_50md_PBCCS_sniffles_0_86777	0.106.0.0.0
HG004vGRCh38_wm_50md_PBCCS_sniffles_0_84948	0.106.0.0.0
HG003vGRCh38_wm_50md_PBCCS_sniffles_0_86787	0.106.1.0.0
HG002vGRCh38_wm_50md_PBCCS_sniffles_0_88806	0.106.1.0.0
HG003vGRCh38_wm_50md_PBCCS_sniffles_0_86788	0.106.1.0.0
HG003vGRCh38_wm_50md_PBCCS_sniffles_0_86793	0.109.0.0
HG002vGRCh38_wm_50md_PBCCS_sniffles_0_88813	0.109.0.1
HG004vGRCh38_wm_50md_PBCCS_sniffles_0_84954	0.109.0.1
HG002vGRCh38_wm_50md_PBCCS_sniffles_0_88826	0.112.0.0
HG003vGRCh38_wm_50md_PBCCS_sniffles_0_86802	0.112.0.0
HG004vGRCh38_wm_50md_PBCCS_sniffles_0_84966	0.112.0.0
HG004vGRCh38_wm_50md_PBCCS_sniffles_0_84971	0.115.0.0
HG002vGRCh38_wm_50md_PBCCS_sniffles_0_88840	0.117.0.0
HG003vGRCh38_wm_50md_PBCCS_sniffles_0_86815	0.117.0.0
HG002vGRCh38_wm_50md_PBCCS_sniffles_0_88846	0.118.0.0
HG003vGRCh38_wm_50md_PBCCS_sniffles_0_86818	0.118.0.0
HG004vGRCh38_wm_50md_PBCCS_sniffles_0_84991	0.118.0.0
HG003vGRCh38_wm_50md_PBCCS_sniffles_0_86820	0.119.0.0
HG004vGRCh38_wm_50md_PBCCS_sniffles_0_84993	0.119.0.0
HG003vGRCh38_wm_50md_PBCCS_sniffles_0_86408	0.12.0.0
HG004vGRCh38_wm_50md_PBCCS_sniffles_0_84543	0.12.0.0
HG002vGRCh38_wm_50md_PBCCS_sniffles_0_88395	0.12.0.0
HG002vGRCh38_wm_50md_PBCCS_sniffles_0_88398	0.12.0.0
HG004vGRCh38_wm_50md_PBCCS_sniffles_0_84542	0.12.0.0
HG004vGRCh38_wm_50md_PBCCS_sniffles_0_84540	0.12.0.0
HG003vGRCh38_wm_50md_PBCCS_sniffles_0_86404	0.12.0.0
HG002vGRCh38_wm_50md_PBCCS_sniffles_0_88849	0.120.0.0
HG003vGRCh38_wm_50md_PBCCS_sniffles_0_86822	0.120.0.0
HG003vGRCh38_wm_50md_PBCCS_sniffles_0_86827	0.122.0.0
HG002vGRCh38_wm_50md_PBCCS_sniffles_0_88854	0.122.0.0
HG002vGRCh38_wm_50md_PBCCS_sniffles_0_88863	0.124.0.0
HG003vGRCh38_wm_50md_PBCCS_sniffles_0_86840	0.124.0.0
HG003vGRCh38_wm_50md_PBCCS_sniffles_0_86849	0.125.0.0.0
HG003vGRCh38_wm_50md_PBCCS_sniffles_0_86841	0.125.1.0.0
HG002vGRCh38_wm_50md_PBCCS_sniffles_0_88866	0.125.2.0.0
HG003vGRCh38_wm_50md_PBCCS_sniffles_0_86850	0.125.2.0.0
HG002vGRCh38_wm_50md_PBCCS_sniffles_0_88869	0.125.3.0.0
HG003vGRCh38_wm_50md_PBCCS_sniffles_0_86855	0.125.3.0.0
HG002vGRCh38_wm_50md_PBCCS_sniffles_0_88870	0.126.0.0
HG003vGRCh38_wm_50md_PBCCS_sniffles_0_86856	0.126.0.0
HG002vGRCh38_wm_50md_PBCCS_sniffles_0_88871	0.126.0.0
HG003vGRCh38_wm_50md_PBCCS_sniffles_0_86857	0.126.0.0
HG003vGRCh38_wm_50md_PBCCS_sniffles_0_86858	0.126.0.0
HG002vGRCh38_wm_50md_PBCCS_sniffles_0_88873	0.126.0.0
HG003vGRCh38_wm_50md_PBCCS_sniffles_0_86860	0.126.0.0
HG003vGRCh38_wm_50md_PBCCS_sniffles_0_86865	0.126.0.1
HG002vGRCh38_wm_50md_PBCCS_sniffles_0_88877	0.126.0.1
HG002vGRCh38_wm_50md_PBCCS_sniffles_0_88875	0.126.0.2
HG003vGRCh38_wm_50md_PBCCS_sniffles_0_86862	0.126.0.2
HG004vGRCh38_wm_50md_PBCCS_sniffles_0_84995	0.128.0.0
HG002vGRCh38_wm_50md_PBCCS_sniffles_0_88896	0.136.0.0
HG004vGRCh38_wm_50md_PBCCS_sniffles_0_85013	0.136.0.0
HG002vGRCh38_wm_50md_PBCCS_sniffles_0_88903	0.140.0.0
HG003vGRCh38_wm_50md_PBCCS_sniffles_0_86889	0.140.0.1
HG002vGRCh38_wm_50md_PBCCS_sniffles_0_88911	0.143.0.0
HG003vGRCh38_wm_50md_PBCCS_sniffles_0_86896	0.143.0.0
HG003vGRCh38_wm_50md_PBCCS_sniffles_0_86910	0.148.0.0
HG002vGRCh38_wm_50md_PBCCS_sniffles_0_88925	0.148.0.0
HG004vGRCh38_wm_50md_PBCCS_sniffles_0_85037	0.148.0.0
HG004vGRCh38_wm_50md_PBCCS_sniffles_0_85038	0.149.0.0
HG003vGRCh38_wm_50md_PBCCS_sniffles_0_86911	0.151.0.0.0
HG002vGRCh38_wm_50md_PBCCS_sniffles_0_88927	0.151.1.0.0
HG004vGRCh38_wm_50md_PBCCS_sniffles_0_85040	0.151.1.0.0
HG003vGRCh38_wm_50md_PBCCS_sniffles_0_86912	0.151.1.0.0
HG003vGRCh38_wm_50md_PBCCS_sniffles_0_86923	0.155.0.0
HG002vGRCh38_wm_50md_PBCCS_sniffles_0_88942	0.156.0.0
HG003vGRCh38_wm_50md_PBCCS_sniffles_0_86444	0.16.0.0.0
HG004vGRCh38_wm_50md_PBCCS_sniffles_0_84579	0.16.0.0.0
HG003vGRCh38_wm_50md_PBCCS_sniffles_0_86425	0.16.0.0.0
HG004vGRCh38_wm_50md_PBCCS_sniffles_0_84589	0.16.0.0.0
HG003vGRCh38_wm_50md_PBCCS_sniffles_0_86442	0.16.0.0.1
HG003vGRCh38_wm_50md_PBCCS_sniffles_0_86417	0.16.0.0.2
HG002vGRCh38_wm_50md_PBCCS_sniffles_0_88437	0.16.0.0.2
HG003vGRCh38_wm_50md_PBCCS_sniffles_0_86446	0.16.0.0.2
HG004vGRCh38_wm_50md_PBCCS_sniffles_0_84588	0.16.0.0.3
HG003vGRCh38_wm_50md_PBCCS_sniffles_0_86445	0.16.0.0.4
HG004vGRCh38_wm_50md_PBCCS_sniffles_0_84564	0.16.0.0.5
HG003vGRCh38_wm_50md_PBCCS_sniffles_0_86441	0.16.0.0.5
HG003vGRCh38_wm_50md_PBCCS_sniffles_0_86439	0.16.0.0.5
HG002vGRCh38_wm_50md_PBCCS_sniffles_0_88434	0.16.0.0.5
HG004vGRCh38_wm_50md_PBCCS_sniffles_0_84587	0.16.0.0.5
HG003vGRCh38_wm_50md_PBCCS_sniffles_0_86437	0.16.1.0.0
HG002vGRCh38_wm_50md_PBCCS_sniffles_0_88432	0.16.1.0.0
HG004vGRCh38_wm_50md_PBCCS_sniffles_0_84584	0.16.1.0.0
HG002vGRCh38_wm_50md_PBCCS_sniffles_0_88431	0.16.1.0.0
HG003vGRCh38_wm_50md_PBCCS_sniffles_0_86436	0.16.1.0.0
HG004vGRCh38_wm_50md_PBCCS_sniffles_0_84583	0.16.1.0.0
HG002vGRCh38_wm_50md_PBCCS_sniffles_0_88412	0.16.1.0.0
HG002vGRCh38_wm_50md_PBCCS_sniffles_0_88414	0.16.1.0.1
HG002vGRCh38_wm_50md_PBCCS_sniffles_0_88413	0.16.1.0.2
HG003vGRCh38_wm_50md_PBCCS_sniffles_0_86423	0.16.1.0.2
HG004vGRCh38_wm_50md_PBCCS_sniffles_0_84562	0.16.1.0.2
HG004vGRCh38_wm_50md_PBCCS_sniffles_0_84559	0.16.1.0.2
HG002vGRCh38_wm_50md_PBCCS_sniffles_0_88410	0.16.1.0.2
HG002vGRCh38_wm_50md_PBCCS_sniffles_0_88408	0.16.1.0.3
HG003vGRCh38_wm_50md_PBCCS_sniffles_0_86419	0.16.1.0.3
HG004vGRCh38_wm_50md_PBCCS_sniffles_0_84557	0.16.1.0.3
HG002vGRCh38_wm_50md_PBCCS_sniffles_0_88409	0.16.1.0.4
HG003vGRCh38_wm_50md_PBCCS_sniffles_0_86420	0.16.1.0.4
HG004vGRCh38_wm_50md_PBCCS_sniffles_0_84558	0.16.1.0.4
HG002vGRCh38_wm_50md_PBCCS_sniffles_0_88430	0.16.1.0.5
HG003vGRCh38_wm_50md_PBCCS_sniffles_0_86435	0.16.1.0.5
HG004vGRCh38_wm_50md_PBCCS_sniffles_0_84582	0.16.1.0.5
HG003vGRCh38_wm_50md_PBCCS_sniffles_0_86933	0.162.0.0
HG002vGRCh38_wm_50md_PBCCS_sniffles_0_88950	0.162.0.0
HG004vGRCh38_wm_50md_PBCCS_sniffles_0_85059	0.162.0.0
HG003vGRCh38_wm_50md_PBCCS_sniffles_0_86934	0.164.0.0
HG002vGRCh38_wm_50md_PBCCS_sniffles_0_88953	0.164.0.0
HG002vGRCh38_wm_50md_PBCCS_sniffles_0_88955	0.165.0.0
HG003vGRCh38_wm_50md_PBCCS_sniffles_0_86936	0.165.0.0
HG002vGRCh38_wm_50md_PBCCS_sniffles_0_88961	0.169.0.0
HG004vGRCh38_wm_50md_PBCCS_sniffles_0_85066	0.169.0.0
HG002vGRCh38_wm_50md_PBCCS_sniffles_0_88964	0.170.0.0
HG002vGRCh38_wm_50md_PBCCS_sniffles_0_88963	0.170.0.0
HG003vGRCh38_wm_50md_PBCCS_sniffles_0_86941	0.170.0.0
HG004vGRCh38_wm_50md_PBCCS_sniffles_0_85068	0.170.0.0
HG003vGRCh38_wm_50md_PBCCS_sniffles_0_86950	0.171.0.0.0
HG003vGRCh38_wm_50md_PBCCS_sniffles_0_86949	0.171.0.0.0
HG002vGRCh38_wm_50md_PBCCS_sniffles_0_88967	0.171.0.0.1
HG003vGRCh38_wm_50md_PBCCS_sniffles_0_86947	0.171.0.0.2
HG003vGRCh38_wm_50md_PBCCS_sniffles_0_86946	0.171.1.0.0
HG002vGRCh38_wm_50md_PBCCS_sniffles_0_88966	0.171.1.0.1
HG004vGRCh38_wm_50md_PBCCS_sniffles_0_85072	0.171.1.0.1
HG002vGRCh38_wm_50md_PBCCS_sniffles_0_88971	0.173.0.0
HG004vGRCh38_wm_50md_PBCCS_sniffles_0_85078	0.173.0.0
HG002vGRCh38_wm_50md_PBCCS_sniffles_0_88975	0.175.0.0
HG004vGRCh38_wm_50md_PBCCS_sniffles_0_85083	0.175.0.0
HG003vGRCh38_wm_50md_PBCCS_sniffles_0_86957	0.176.0.0.0
HG002vGRCh38_wm_50md_PBCCS_sniffles_0_88977	0.176.0.0.0
HG004vGRCh38_wm_50md_PBCCS_sniffles_0_85084	0.176.0.0.0
HG003vGRCh38_wm_50md_PBCCS_sniffles_0_86956	0.176.1.0.0
HG002vGRCh38_wm_50md_PBCCS_sniffles_0_88979	0.178.0.0
HG003vGRCh38_wm_50md_PBCCS_sniffles_0_86959	0.178.0.0
HG004vGRCh38_wm_50md_PBCCS_sniffles_0_85087	0.178.0.0
HG002vGRCh38_wm_50md_PBCCS_sniffles_0_88986	0.179.0.0.0
HG004vGRCh38_wm_50md_PBCCS_sniffles_0_85095	0.179.0.0.0
HG003vGRCh38_wm_50md_PBCCS_sniffles_0_86449	0.18.0.0.0
HG002vGRCh38_wm_50md_PBCCS_sniffles_0_88441	0.18.0.0.1
HG004vGRCh38_wm_50md_PBCCS_sniffles_0_84592	0.18.0.0.1
HG003vGRCh38_wm_50md_PBCCS_sniffles_0_86969	0.180.0.0
HG003vGRCh38_wm_50md_PBCCS_sniffles_0_86968	0.180.0.1
HG002vGRCh38_wm_50md_PBCCS_sniffles_0_88992	0.181.0.0.0
HG003vGRCh38_wm_50md_PBCCS_sniffles_0_86973	0.181.0.0.0
HG004vGRCh38_wm_50md_PBCCS_sniffles_0_85100	0.181.0.0.0
HG003vGRCh38_wm_50md_PBCCS_sniffles_0_86974	0.181.1.0.0
HG002vGRCh38_wm_50md_PBCCS_sniffles_0_88993	0.181.1.0.0
HG004vGRCh38_wm_50md_PBCCS_sniffles_0_85101	0.181.1.0.0
HG002vGRCh38_wm_50md_PBCCS_sniffles_0_88995	0.181.1.0.1
HG004vGRCh38_wm_50md_PBCCS_sniffles_0_85113	0.184.0.0
HG004vGRCh38_wm_50md_PBCCS_sniffles_0_85115	0.185.0.0
HG002vGRCh38_wm_50md_PBCCS_sniffles_0_89018	0.186.0.0.0
HG003vGRCh38_wm_50md_PBCCS_sniffles_0_87000	0.186.0.0.0
HG004vGRCh38_wm_50md_PBCCS_sniffles_0_85124	0.186.0.0.0
HG003vGRCh38_wm_50md_PBCCS_sniffles_0_87012	0.186.0.0.0
HG002vGRCh38_wm_50md_PBCCS_sniffles_0_89026	0.186.1.0.0
HG003vGRCh38_wm_50md_PBCCS_sniffles_0_87010	0.186.1.0.0
HG004vGRCh38_wm_50md_PBCCS_sniffles_0_85126	0.186.1.0.0
HG002vGRCh38_wm_50md_PBCCS_sniffles_0_89015	0.186.1.0.1
HG002vGRCh38_wm_50md_PBCCS_sniffles_0_89030	0.187.0.0
HG003vGRCh38_wm_50md_PBCCS_sniffles_0_87013	0.187.0.0
HG004vGRCh38_wm_50md_PBCCS_sniffles_0_85130	0.187.0.0
HG004vGRCh38_wm_50md_PBCCS_sniffles_0_85135	0.188.0.0.0
HG003vGRCh38_wm_50md_PBCCS_sniffles_0_87023	0.190.0.0
HG004vGRCh38_wm_50md_PBCCS_sniffles_0_85156	0.197.0.0
HG003vGRCh38_wm_50md_PBCCS_sniffles_0_87035	0.198.0.0
HG002vGRCh38_wm_50md_PBCCS_sniffles_0_88374	0.2.0.0
HG004vGRCh38_wm_50md_PBCCS_sniffles_0_84498	0.2.0.0
HG003vGRCh38_wm_50md_PBCCS_sniffles_0_86451	0.20.0.0
HG004vGRCh38_wm_50md_PBCCS_sniffles_0_85165	0.200.0.0.0
HG002vGRCh38_wm_50md_PBCCS_sniffles_0_89053	0.200.0.0.0
HG003vGRCh38_wm_50md_PBCCS_sniffles_0_87044	0.200.0.0.0
HG004vGRCh38_wm_50md_PBCCS_sniffles_0_85163	0.200.0.0.0
HG002vGRCh38_wm_50md_PBCCS_sniffles_0_89052	0.200.0.0.1
HG003vGRCh38_wm_50md_PBCCS_sniffles_0_87043	0.200.0.0.1
HG004vGRCh38_wm_50md_PBCCS_sniffles_0_85161	0.200.0.0.1
HG004vGRCh38_wm_50md_PBCCS_sniffles_0_85162	0.200.1.0.0
HG003vGRCh38_wm_50md_PBCCS_sniffles_0_87049	0.203.0.0.0
HG002vGRCh38_wm_50md_PBCCS_sniffles_0_89058	0.203.1.0.0
HG004vGRCh38_wm_50md_PBCCS_sniffles_0_85168	0.203.1.0.0
HG003vGRCh38_wm_50md_PBCCS_sniffles_0_87048	0.203.1.0.1
HG002vGRCh38_wm_50md_PBCCS_sniffles_0_89057	0.203.1.0.1
HG002vGRCh38_wm_50md_PBCCS_sniffles_0_89059	0.203.1.0.2
HG003vGRCh38_wm_50md_PBCCS_sniffles_0_87050	0.203.1.0.2
HG004vGRCh38_wm_50md_PBCCS_sniffles_0_85169	0.204.0.0
HG002vGRCh38_wm_50md_PBCCS_sniffles_0_89061	0.204.0.1
HG003vGRCh38_wm_50md_PBCCS_sniffles_0_87053	0.204.0.1
HG002vGRCh38_wm_50md_PBCCS_sniffles_0_89063	0.205.0.0
HG004vGRCh38_wm_50md_PBCCS_sniffles_0_85170	0.205.0.0
HG003vGRCh38_wm_50md_PBCCS_sniffles_0_87060	0.208.0.0
HG002vGRCh38_wm_50md_PBCCS_sniffles_0_89069	0.208.0.0
HG002vGRCh38_wm_50md_PBCCS_sniffles_0_89081	0.214.0.0
HG003vGRCh38_wm_50md_PBCCS_sniffles_0_87071	0.214.0.0
HG002vGRCh38_wm_50md_PBCCS_sniffles_0_89082	0.215.0.0
HG004vGRCh38_wm_50md_PBCCS_sniffles_0_85189	0.216.0.0
HG003vGRCh38_wm_50md_PBCCS_sniffles_0_87076	0.217.0.0
HG002vGRCh38_wm_50md_PBCCS_sniffles_0_89089	0.217.0.0
HG003vGRCh38_wm_50md_PBCCS_sniffles_0_87078	0.218.0.0
HG002vGRCh38_wm_50md_PBCCS_sniffles_0_89091	0.219.0.0
HG004vGRCh38_wm_50md_PBCCS_sniffles_0_85191	0.219.0.0
HG002vGRCh38_wm_50md_PBCCS_sniffles_0_89090	0.219.0.1
HG003vGRCh38_wm_50md_PBCCS_sniffles_0_87079	0.219.0.1
HG002vGRCh38_wm_50md_PBCCS_sniffles_0_89092	0.220.0.0
HG004vGRCh38_wm_50md_PBCCS_sniffles_0_85192	0.220.0.0
HG003vGRCh38_wm_50md_PBCCS_sniffles_0_87080	0.220.0.0
HG002vGRCh38_wm_50md_PBCCS_sniffles_0_89097	0.223.0.0
HG003vGRCh38_wm_50md_PBCCS_sniffles_0_87086	0.223.0.0
HG004vGRCh38_wm_50md_PBCCS_sniffles_0_85199	0.226.0.0
HG004vGRCh38_wm_50md_PBCCS_sniffles_0_85200	0.226.0.1
HG002vGRCh38_wm_50md_PBCCS_sniffles_0_89104	0.226.0.2
HG004vGRCh38_wm_50md_PBCCS_sniffles_0_85202	0.226.0.2
HG004vGRCh38_wm_50md_PBCCS_sniffles_0_85203	0.227.0.0
HG002vGRCh38_wm_50md_PBCCS_sniffles_0_89105	0.227.0.0
HG002vGRCh38_wm_50md_PBCCS_sniffles_0_89106	0.228.0.0
HG003vGRCh38_wm_50md_PBCCS_sniffles_0_87090	0.228.0.0
HG002vGRCh38_wm_50md_PBCCS_sniffles_0_89107	0.229.0.0
HG003vGRCh38_wm_50md_PBCCS_sniffles_0_87091	0.229.0.0
HG004vGRCh38_wm_50md_PBCCS_sniffles_0_85204	0.229.0.0
HG002vGRCh38_wm_50md_PBCCS_sniffles_0_88448	0.23.0.0
HG004vGRCh38_wm_50md_PBCCS_sniffles_0_84598	0.23.0.0
HG003vGRCh38_wm_50md_PBCCS_sniffles_0_87103	0.234.0.0.0
HG004vGRCh38_wm_50md_PBCCS_sniffles_0_85214	0.234.0.0.0
HG002vGRCh38_wm_50md_PBCCS_sniffles_0_89117	0.234.0.0.0
HG003vGRCh38_wm_50md_PBCCS_sniffles_0_87099	0.234.0.0.0
HG004vGRCh38_wm_50md_PBCCS_sniffles_0_85211	0.234.0.0.0
HG002vGRCh38_wm_50md_PBCCS_sniffles_0_89119	0.234.1.0.0
HG003vGRCh38_wm_50md_PBCCS_sniffles_0_87100	0.234.1.0.0
HG002vGRCh38_wm_50md_PBCCS_sniffles_0_89118	0.234.1.0.0
HG004vGRCh38_wm_50md_PBCCS_sniffles_0_85212	0.234.1.0.0
HG003vGRCh38_wm_50md_PBCCS_sniffles_0_87105	0.235.0.0
HG004vGRCh38_wm_50md_PBCCS_sniffles_0_85230	0.237.0.0.0
HG002vGRCh38_wm_50md_PBCCS_sniffles_0_89129	0.237.0.0.1
HG003vGRCh38_wm_50md_PBCCS_sniffles_0_87113	0.237.0.0.1
HG004vGRCh38_wm_50md_PBCCS_sniffles_0_85241	0.237.0.0.1
HG004vGRCh38_wm_50md_PBCCS_sniffles_0_85228	0.237.0.0.1
HG004vGRCh38_wm_50md_PBCCS_sniffles_0_85229	0.237.0.0.1
HG003vGRCh38_wm_50md_PBCCS_sniffles_0_87115	0.237.0.0.2
HG003vGRCh38_wm_50md_PBCCS_sniffles_0_87122	0.237.0.0.3
HG002vGRCh38_wm_50md_PBCCS_sniffles_0_89131	0.237.1.0.0
HG003vGRCh38_wm_50md_PBCCS_sniffles_0_87117	0.237.1.0.0
HG004vGRCh38_wm_50md_PBCCS_sniffles_0_85234	0.237.1.0.0
HG003vGRCh38_wm_50md_PBCCS_sniffles_0_87114	0.237.2.0.0
HG003vGRCh38_wm_50md_PBCCS_sniffles_0_87112	0.237.2.0.0
HG004vGRCh38_wm_50md_PBCCS_sniffles_0_85235	0.237.2.0.0
HG002vGRCh38_wm_50md_PBCCS_sniffles_0_89133	0.237.2.0.0
HG003vGRCh38_wm_50md_PBCCS_sniffles_0_87119	0.237.2.0.0
HG003vGRCh38_wm_50md_PBCCS_sniffles_0_87135	0.242.0.0
HG002vGRCh38_wm_50md_PBCCS_sniffles_0_89147	0.243.0.0
HG004vGRCh38_wm_50md_PBCCS_sniffles_0_85258	0.245.0.0
HG002vGRCh38_wm_50md_PBCCS_sniffles_0_89153	0.248.0.0
HG003vGRCh38_wm_50md_PBCCS_sniffles_0_87141	0.248.0.0
HG003vGRCh38_wm_50md_PBCCS_sniffles_0_87151	0.250.0.0.0
HG002vGRCh38_wm_50md_PBCCS_sniffles_0_89160	0.250.0.0.0
HG004vGRCh38_wm_50md_PBCCS_sniffles_0_85264	0.250.0.0.0
HG004vGRCh38_wm_50md_PBCCS_sniffles_0_85271	0.252.0.0.0
HG003vGRCh38_wm_50md_PBCCS_sniffles_0_87156	0.252.0.0.0
HG002vGRCh38_wm_50md_PBCCS_sniffles_0_89165	0.252.0.0.0
HG003vGRCh38_wm_50md_PBCCS_sniffles_0_87157	0.252.0.0.0
HG002vGRCh38_wm_50md_PBCCS_sniffles_0_89166	0.252.1.0.0
HG004vGRCh38_wm_50md_PBCCS_sniffles_0_85281	0.253.0.0.0
HG002vGRCh38_wm_50md_PBCCS_sniffles_0_89173	0.253.0.0.1
HG003vGRCh38_wm_50md_PBCCS_sniffles_0_87163	0.253.1.0.0
HG002vGRCh38_wm_50md_PBCCS_sniffles_0_89172	0.253.1.0.0
HG004vGRCh38_wm_50md_PBCCS_sniffles_0_85279	0.253.1.0.0
HG002vGRCh38_wm_50md_PBCCS_sniffles_0_89178	0.255.0.0.0
HG003vGRCh38_wm_50md_PBCCS_sniffles_0_87170	0.255.0.0.0
HG003vGRCh38_wm_50md_PBCCS_sniffles_0_87167	0.255.1.0.0
HG003vGRCh38_wm_50md_PBCCS_sniffles_0_87169	0.255.2.0.0
HG002vGRCh38_wm_50md_PBCCS_sniffles_0_89176	0.255.2.0.0
HG004vGRCh38_wm_50md_PBCCS_sniffles_0_85284	0.255.2.0.0
HG002vGRCh38_wm_50md_PBCCS_sniffles_0_89175	0.255.2.0.0
HG003vGRCh38_wm_50md_PBCCS_sniffles_0_87166	0.255.2.0.0
HG004vGRCh38_wm_50md_PBCCS_sniffles_0_85285	0.255.2.0.1
HG002vGRCh38_wm_50md_PBCCS_sniffles_0_89180	0.257.0.0
HG002vGRCh38_wm_50md_PBCCS_sniffles_0_89185	0.259.0.0
HG003vGRCh38_wm_50md_PBCCS_sniffles_0_87176	0.259.0.0
HG002vGRCh38_wm_50md_PBCCS_sniffles_0_88453	0.26.0.0
HG003vGRCh38_wm_50md_PBCCS_sniffles_0_86459	0.26.0.0
HG003vGRCh38_wm_50md_PBCCS_sniffles_0_87177	0.262.0.0
HG002vGRCh38_wm_50md_PBCCS_sniffles_0_89193	0.265.0.0
HG002vGRCh38_wm_50md_PBCCS_sniffles_0_89194	0.266.0.0
HG003vGRCh38_wm_50md_PBCCS_sniffles_0_87189	0.266.0.0
HG004vGRCh38_wm_50md_PBCCS_sniffles_0_85302	0.266.0.0
HG004vGRCh38_wm_50md_PBCCS_sniffles_0_85318	0.273.0.0
HG002vGRCh38_wm_50md_PBCCS_sniffles_0_89228	0.278.0.0
HG003vGRCh38_wm_50md_PBCCS_sniffles_0_87219	0.278.0.0
HG002vGRCh38_wm_50md_PBCCS_sniffles_0_89229	0.279.0.0
HG003vGRCh38_wm_50md_PBCCS_sniffles_0_87221	0.279.0.0
HG004vGRCh38_wm_50md_PBCCS_sniffles_0_85343	0.280.0.0
HG002vGRCh38_wm_50md_PBCCS_sniffles_0_89239	0.282.0.0
HG003vGRCh38_wm_50md_PBCCS_sniffles_0_87227	0.282.0.0
HG003vGRCh38_wm_50md_PBCCS_sniffles_0_87228	0.282.0.1
HG003vGRCh38_wm_50md_PBCCS_sniffles_0_87231	0.283.0.0
HG003vGRCh38_wm_50md_PBCCS_sniffles_0_87239	0.287.0.0
HG003vGRCh38_wm_50md_PBCCS_sniffles_0_87264	0.297.0.0
HG003vGRCh38_wm_50md_PBCCS_sniffles_0_87270	0.298.0.0
HG004vGRCh38_wm_50md_PBCCS_sniffles_0_84499	0.3.0.0
HG003vGRCh38_wm_50md_PBCCS_sniffles_0_87281	0.305.0.0
HG002vGRCh38_wm_50md_PBCCS_sniffles_0_89290	0.305.0.0
HG004vGRCh38_wm_50md_PBCCS_sniffles_0_85416	0.305.0.1
HG002vGRCh38_wm_50md_PBCCS_sniffles_0_89291	0.306.0.0
HG002vGRCh38_wm_50md_PBCCS_sniffles_0_89294	0.308.0.0
HG004vGRCh38_wm_50md_PBCCS_sniffles_0_85418	0.308.0.0
HG003vGRCh38_wm_50md_PBCCS_sniffles_0_87285	0.309.0.0
HG004vGRCh38_wm_50md_PBCCS_sniffles_0_84618	0.31.0.0.0
HG003vGRCh38_wm_50md_PBCCS_sniffles_0_86478	0.31.0.0.0
HG004vGRCh38_wm_50md_PBCCS_sniffles_0_84613	0.31.0.0.0
HG002vGRCh38_wm_50md_PBCCS_sniffles_0_88468	0.31.1.0.0
HG004vGRCh38_wm_50md_PBCCS_sniffles_0_84614	0.31.1.0.0
HG003vGRCh38_wm_50md_PBCCS_sniffles_0_86479	0.31.1.0.1
HG002vGRCh38_wm_50md_PBCCS_sniffles_0_88469	0.31.1.0.1
HG004vGRCh38_wm_50md_PBCCS_sniffles_0_84615	0.31.1.0.1
HG003vGRCh38_wm_50md_PBCCS_sniffles_0_86480	0.31.1.0.1
HG004vGRCh38_wm_50md_PBCCS_sniffles_0_84612	0.31.1.0.2
HG002vGRCh38_wm_50md_PBCCS_sniffles_0_89303	0.312.0.0
HG003vGRCh38_wm_50md_PBCCS_sniffles_0_87293	0.312.0.0
HG004vGRCh38_wm_50md_PBCCS_sniffles_0_85424	0.312.0.0
HG003vGRCh38_wm_50md_PBCCS_sniffles_0_87300	0.314.0.0.0
HG002vGRCh38_wm_50md_PBCCS_sniffles_0_89312	0.315.0.0
HG003vGRCh38_wm_50md_PBCCS_sniffles_0_87301	0.315.0.0
HG002vGRCh38_wm_50md_PBCCS_sniffles_0_89313	0.316.0.0
HG003vGRCh38_wm_50md_PBCCS_sniffles_0_86481	0.32.0.0
HG002vGRCh38_wm_50md_PBCCS_sniffles_0_88473	0.32.0.0
HG004vGRCh38_wm_50md_PBCCS_sniffles_0_84619	0.32.0.0
HG003vGRCh38_wm_50md_PBCCS_sniffles_0_87308	0.320.0.0
HG002vGRCh38_wm_50md_PBCCS_sniffles_0_89323	0.321.0.0
HG003vGRCh38_wm_50md_PBCCS_sniffles_0_87310	0.321.0.0
HG004vGRCh38_wm_50md_PBCCS_sniffles_0_85433	0.321.0.0
HG002vGRCh38_wm_50md_PBCCS_sniffles_0_89326	0.323.0.0
HG003vGRCh38_wm_50md_PBCCS_sniffles_0_87316	0.323.0.0
HG004vGRCh38_wm_50md_PBCCS_sniffles_0_85434	0.323.0.0
HG003vGRCh38_wm_50md_PBCCS_sniffles_0_87320	0.325.0.0
HG002vGRCh38_wm_50md_PBCCS_sniffles_0_89329	0.325.0.1
HG004vGRCh38_wm_50md_PBCCS_sniffles_0_85437	0.325.0.1
HG002vGRCh38_wm_50md_PBCCS_sniffles_0_89331	0.327.0.0
HG003vGRCh38_wm_50md_PBCCS_sniffles_0_87322	0.327.0.0
HG004vGRCh38_wm_50md_PBCCS_sniffles_0_85439	0.327.0.0
HG002vGRCh38_wm_50md_PBCCS_sniffles_0_89344	0.330.0.0
HG003vGRCh38_wm_50md_PBCCS_sniffles_0_87335	0.330.0.0
HG004vGRCh38_wm_50md_PBCCS_sniffles_0_85457	0.331.0.0
HG004vGRCh38_wm_50md_PBCCS_sniffles_0_85458	0.333.0.0
HG002vGRCh38_wm_50md_PBCCS_sniffles_0_89352	0.335.0.0
HG003vGRCh38_wm_50md_PBCCS_sniffles_0_87342	0.335.0.0
HG004vGRCh38_wm_50md_PBCCS_sniffles_0_85463	0.335.0.0
HG002vGRCh38_wm_50md_PBCCS_sniffles_0_89353	0.336.0.0
HG002vGRCh38_wm_50md_PBCCS_sniffles_0_89358	0.338.0.0
HG003vGRCh38_wm_50md_PBCCS_sniffles_0_87346	0.338.0.0
HG004vGRCh38_wm_50md_PBCCS_sniffles_0_85473	0.339.0.0
HG002vGRCh38_wm_50md_PBCCS_sniffles_0_89360	0.340.0.0
HG003vGRCh38_wm_50md_PBCCS_sniffles_0_87348	0.340.0.0
HG002vGRCh38_wm_50md_PBCCS_sniffles_0_89361	0.341.0.0
HG003vGRCh38_wm_50md_PBCCS_sniffles_0_87349	0.341.0.0
HG002vGRCh38_wm_50md_PBCCS_sniffles_0_89366	0.343.0.0
HG003vGRCh38_wm_50md_PBCCS_sniffles_0_87355	0.343.0.0
HG003vGRCh38_wm_50md_PBCCS_sniffles_0_87356	0.344.0.0
HG002vGRCh38_wm_50md_PBCCS_sniffles_0_89367	0.344.0.0
HG004vGRCh38_wm_50md_PBCCS_sniffles_0_85480	0.344.0.1
HG002vGRCh38_wm_50md_PBCCS_sniffles_0_89373	0.345.0.0
HG003vGRCh38_wm_50md_PBCCS_sniffles_0_87360	0.345.0.0
HG003vGRCh38_wm_50md_PBCCS_sniffles_0_87361	0.346.0.0
HG002vGRCh38_wm_50md_PBCCS_sniffles_0_89377	0.348.0.0
HG003vGRCh38_wm_50md_PBCCS_sniffles_0_87364	0.348.0.0
HG004vGRCh38_wm_50md_PBCCS_sniffles_0_84627	0.35.0.0
HG002vGRCh38_wm_50md_PBCCS_sniffles_0_89379	0.350.0.0
HG002vGRCh38_wm_50md_PBCCS_sniffles_0_89381	0.352.0.0
HG004vGRCh38_wm_50md_PBCCS_sniffles_0_85504	0.355.0.0
HG002vGRCh38_wm_50md_PBCCS_sniffles_0_89384	0.356.0.0
HG004vGRCh38_wm_50md_PBCCS_sniffles_0_85506	0.356.0.0
HG004vGRCh38_wm_50md_PBCCS_sniffles_0_85508	0.357.0.0
HG002vGRCh38_wm_50md_PBCCS_sniffles_0_89385	0.357.0.0
HG002vGRCh38_wm_50md_PBCCS_sniffles_0_89387	0.358.0.0
HG003vGRCh38_wm_50md_PBCCS_sniffles_0_87372	0.358.0.0
HG004vGRCh38_wm_50md_PBCCS_sniffles_0_85511	0.359.0.0
HG004vGRCh38_wm_50md_PBCCS_sniffles_0_84636	0.36.0.0.0
HG004vGRCh38_wm_50md_PBCCS_sniffles_0_84635	0.36.0.0.1
HG002vGRCh38_wm_50md_PBCCS_sniffles_0_88489	0.36.0.0.1
HG002vGRCh38_wm_50md_PBCCS_sniffles_0_89390	0.360.0.0
HG003vGRCh38_wm_50md_PBCCS_sniffles_0_87377	0.360.0.0
HG002vGRCh38_wm_50md_PBCCS_sniffles_0_89393	0.363.0.0
HG004vGRCh38_wm_50md_PBCCS_sniffles_0_85513	0.363.0.0
HG003vGRCh38_wm_50md_PBCCS_sniffles_0_87383	0.366.0.0
HG003vGRCh38_wm_50md_PBCCS_sniffles_0_87384	0.367.0.0
HG004vGRCh38_wm_50md_PBCCS_sniffles_0_85522	0.369.0.0.0.0
HG002vGRCh38_wm_50md_PBCCS_sniffles_0_89402	0.369.0.0.0.1
HG003vGRCh38_wm_50md_PBCCS_sniffles_0_87388	0.369.0.0.0.1
HG002vGRCh38_wm_50md_PBCCS_sniffles_0_89403	0.369.1.0.0
HG004vGRCh38_wm_50md_PBCCS_sniffles_0_85524	0.369.1.0.1
HG003vGRCh38_wm_50md_PBCCS_sniffles_0_87392	0.369.1.0.1
HG002vGRCh38_wm_50md_PBCCS_sniffles_0_88494	0.37.0.0
HG004vGRCh38_wm_50md_PBCCS_sniffles_0_84641	0.37.0.0
HG004vGRCh38_wm_50md_PBCCS_sniffles_0_84643	0.37.0.1
HG002vGRCh38_wm_50md_PBCCS_sniffles_0_88496	0.37.0.2
HG004vGRCh38_wm_50md_PBCCS_sniffles_0_84651	0.37.0.2
HG002vGRCh38_wm_50md_PBCCS_sniffles_0_89417	0.370.0.0
HG004vGRCh38_wm_50md_PBCCS_sniffles_0_85530	0.370.0.1
HG002vGRCh38_wm_50md_PBCCS_sniffles_0_89425	0.375.0.0
HG003vGRCh38_wm_50md_PBCCS_sniffles_0_87408	0.375.0.0
HG004vGRCh38_wm_50md_PBCCS_sniffles_0_85539	0.375.0.0
HG002vGRCh38_wm_50md_PBCCS_sniffles_0_89428	0.377.0.0
HG004vGRCh38_wm_50md_PBCCS_sniffles_0_85543	0.377.0.0
HG002vGRCh38_wm_50md_PBCCS_sniffles_0_89429	0.378.0.0
HG003vGRCh38_wm_50md_PBCCS_sniffles_0_87411	0.378.0.0
HG004vGRCh38_wm_50md_PBCCS_sniffles_0_85544	0.378.0.0
HG002vGRCh38_wm_50md_PBCCS_sniffles_0_89430	0.379.0.0
HG003vGRCh38_wm_50md_PBCCS_sniffles_0_87412	0.379.0.0
HG003vGRCh38_wm_50md_PBCCS_sniffles_0_87414	0.380.0.0.0
HG004vGRCh38_wm_50md_PBCCS_sniffles_0_85549	0.380.1.0.0
HG004vGRCh38_wm_50md_PBCCS_sniffles_0_85561	0.381.0.0
HG002vGRCh38_wm_50md_PBCCS_sniffles_0_89444	0.383.0.0
HG003vGRCh38_wm_50md_PBCCS_sniffles_0_87423	0.385.0.0
HG003vGRCh38_wm_50md_PBCCS_sniffles_0_87425	0.386.0.0.0
HG004vGRCh38_wm_50md_PBCCS_sniffles_0_85570	0.387.0.0
HG003vGRCh38_wm_50md_PBCCS_sniffles_0_87435	0.389.0.0
HG004vGRCh38_wm_50md_PBCCS_sniffles_0_85575	0.389.0.0
HG002vGRCh38_wm_50md_PBCCS_sniffles_0_89457	0.389.0.0
HG003vGRCh38_wm_50md_PBCCS_sniffles_0_86502	0.39.0.0
HG002vGRCh38_wm_50md_PBCCS_sniffles_0_88504	0.39.0.1
HG004vGRCh38_wm_50md_PBCCS_sniffles_0_84658	0.39.0.1
HG004vGRCh38_wm_50md_PBCCS_sniffles_0_85578	0.390.0.0
HG003vGRCh38_wm_50md_PBCCS_sniffles_0_87438	0.390.0.1
HG004vGRCh38_wm_50md_PBCCS_sniffles_0_85581	0.392.0.0
HG004vGRCh38_wm_50md_PBCCS_sniffles_0_85583	0.393.0.0
HG003vGRCh38_wm_50md_PBCCS_sniffles_0_87439	0.393.0.0
HG002vGRCh38_wm_50md_PBCCS_sniffles_0_89461	0.393.0.0
HG002vGRCh38_wm_50md_PBCCS_sniffles_0_89466	0.394.0.0
HG003vGRCh38_wm_50md_PBCCS_sniffles_0_87445	0.394.0.0
HG004vGRCh38_wm_50md_PBCCS_sniffles_0_85586	0.394.0.0
HG002vGRCh38_wm_50md_PBCCS_sniffles_0_89471	0.395.0.0
HG003vGRCh38_wm_50md_PBCCS_sniffles_0_87447	0.395.0.0
HG004vGRCh38_wm_50md_PBCCS_sniffles_0_85589	0.395.0.1
HG003vGRCh38_wm_50md_PBCCS_sniffles_0_87455	0.399.0.0
HG004vGRCh38_wm_50md_PBCCS_sniffles_0_85597	0.399.0.0
HG002vGRCh38_wm_50md_PBCCS_sniffles_0_89478	0.399.0.1
HG003vGRCh38_wm_50md_PBCCS_sniffles_0_87454	0.399.0.1
HG004vGRCh38_wm_50md_PBCCS_sniffles_0_85596	0.399.0.1
HG002vGRCh38_wm_50md_PBCCS_sniffles_0_88375	0.4.0.0
HG004vGRCh38_wm_50md_PBCCS_sniffles_0_84500	0.4.0.0
HG004vGRCh38_wm_50md_PBCCS_sniffles_0_84660	0.40.0.0
HG003vGRCh38_wm_50md_PBCCS_sniffles_0_86503	0.40.0.0
HG002vGRCh38_wm_50md_PBCCS_sniffles_0_88506	0.40.0.0
HG003vGRCh38_wm_50md_PBCCS_sniffles_0_86504	0.40.0.0
HG004vGRCh38_wm_50md_PBCCS_sniffles_0_84662	0.40.0.0
HG002vGRCh38_wm_50md_PBCCS_sniffles_0_89480	0.400.0.0
HG004vGRCh38_wm_50md_PBCCS_sniffles_0_85598	0.400.0.0
HG002vGRCh38_wm_50md_PBCCS_sniffles_0_89481	0.402.0.0
HG002vGRCh38_wm_50md_PBCCS_sniffles_0_89483	0.404.1.0.0
HG003vGRCh38_wm_50md_PBCCS_sniffles_0_87461	0.404.1.0.0
HG002vGRCh38_wm_50md_PBCCS_sniffles_0_89486	0.405.0.0
HG003vGRCh38_wm_50md_PBCCS_sniffles_0_87465	0.405.0.0
HG002vGRCh38_wm_50md_PBCCS_sniffles_0_89487	0.406.0.0
HG003vGRCh38_wm_50md_PBCCS_sniffles_0_87466	0.406.0.0
HG002vGRCh38_wm_50md_PBCCS_sniffles_0_89497	0.409.0.0
HG004vGRCh38_wm_50md_PBCCS_sniffles_0_84664	0.41.0.0
HG002vGRCh38_wm_50md_PBCCS_sniffles_0_89501	0.411.0.0
HG003vGRCh38_wm_50md_PBCCS_sniffles_0_87481	0.411.0.0
HG004vGRCh38_wm_50md_PBCCS_sniffles_0_85614	0.411.0.0
HG004vGRCh38_wm_50md_PBCCS_sniffles_0_85619	0.412.0.0
HG003vGRCh38_wm_50md_PBCCS_sniffles_0_87490	0.414.0.0
HG002vGRCh38_wm_50md_PBCCS_sniffles_0_89509	0.414.0.0
HG002vGRCh38_wm_50md_PBCCS_sniffles_0_89510	0.415.0.0
HG003vGRCh38_wm_50md_PBCCS_sniffles_0_87492	0.415.0.0
HG002vGRCh38_wm_50md_PBCCS_sniffles_0_89511	0.416.0.0
HG003vGRCh38_wm_50md_PBCCS_sniffles_0_87493	0.416.0.0
HG004vGRCh38_wm_50md_PBCCS_sniffles_0_85624	0.416.0.0
HG002vGRCh38_wm_50md_PBCCS_sniffles_0_89513	0.418.0.0
HG004vGRCh38_wm_50md_PBCCS_sniffles_0_85626	0.418.0.0
HG002vGRCh38_wm_50md_PBCCS_sniffles_0_89515	0.420.0.0
HG003vGRCh38_wm_50md_PBCCS_sniffles_0_87495	0.420.0.0
HG004vGRCh38_wm_50md_PBCCS_sniffles_0_85628	0.420.0.0
HG004vGRCh38_wm_50md_PBCCS_sniffles_0_85632	0.422.0.0.0
HG004vGRCh38_wm_50md_PBCCS_sniffles_0_85631	0.422.1.0.0
HG002vGRCh38_wm_50md_PBCCS_sniffles_0_89518	0.422.1.0.0
HG003vGRCh38_wm_50md_PBCCS_sniffles_0_87500	0.422.1.0.1
HG004vGRCh38_wm_50md_PBCCS_sniffles_0_85630	0.422.1.0.1
HG003vGRCh38_wm_50md_PBCCS_sniffles_0_87501	0.423.0.0
HG002vGRCh38_wm_50md_PBCCS_sniffles_0_89523	0.426.0.0
HG002vGRCh38_wm_50md_PBCCS_sniffles_0_89528	0.429.0.0
HG003vGRCh38_wm_50md_PBCCS_sniffles_0_87520	0.429.0.0
HG004vGRCh38_wm_50md_PBCCS_sniffles_0_85639	0.429.0.0
HG002vGRCh38_wm_50md_PBCCS_sniffles_0_89540	0.433.0.0.0
HG003vGRCh38_wm_50md_PBCCS_sniffles_0_87533	0.433.0.0.0
HG004vGRCh38_wm_50md_PBCCS_sniffles_0_85648	0.433.0.0.0
HG003vGRCh38_wm_50md_PBCCS_sniffles_0_87531	0.433.1.0.0
HG002vGRCh38_wm_50md_PBCCS_sniffles_0_89538	0.433.1.0.0
HG004vGRCh38_wm_50md_PBCCS_sniffles_0_85647	0.433.1.0.0
HG002vGRCh38_wm_50md_PBCCS_sniffles_0_89542	0.434.0.0
HG003vGRCh38_wm_50md_PBCCS_sniffles_0_87536	0.434.0.0
HG004vGRCh38_wm_50md_PBCCS_sniffles_0_85649	0.434.0.1
HG002vGRCh38_wm_50md_PBCCS_sniffles_0_89545	0.436.0.0
HG003vGRCh38_wm_50md_PBCCS_sniffles_0_87539	0.437.0.0
HG003vGRCh38_wm_50md_PBCCS_sniffles_0_87541	0.438.0.0
HG002vGRCh38_wm_50md_PBCCS_sniffles_0_89547	0.439.0.0
HG003vGRCh38_wm_50md_PBCCS_sniffles_0_87542	0.439.0.0
HG004vGRCh38_wm_50md_PBCCS_sniffles_0_85655	0.439.0.0
HG003vGRCh38_wm_50md_PBCCS_sniffles_0_86582	0.44.0.0
HG003vGRCh38_wm_50md_PBCCS_sniffles_0_86544	0.44.0.0
HG002vGRCh38_wm_50md_PBCCS_sniffles_0_88570	0.44.0.0
HG004vGRCh38_wm_50md_PBCCS_sniffles_0_84723	0.44.0.0
HG002vGRCh38_wm_50md_PBCCS_sniffles_0_88622	0.44.0.0
HG003vGRCh38_wm_50md_PBCCS_sniffles_0_86618	0.44.0.0
HG002vGRCh38_wm_50md_PBCCS_sniffles_0_88599	0.44.0.0
HG004vGRCh38_wm_50md_PBCCS_sniffles_0_84699	0.44.0.1
HG003vGRCh38_wm_50md_PBCCS_sniffles_0_86565	0.44.0.1
HG002vGRCh38_wm_50md_PBCCS_sniffles_0_88565	0.44.0.2
HG003vGRCh38_wm_50md_PBCCS_sniffles_0_86577	0.44.0.2
HG004vGRCh38_wm_50md_PBCCS_sniffles_0_84733	0.44.0.2
HG004vGRCh38_wm_50md_PBCCS_sniffles_0_84702	0.44.0.2
HG003vGRCh38_wm_50md_PBCCS_sniffles_0_86522	0.44.0.2
HG002vGRCh38_wm_50md_PBCCS_sniffles_0_88568	0.44.0.2
HG004vGRCh38_wm_50md_PBCCS_sniffles_0_84737	0.44.0.2
HG002vGRCh38_wm_50md_PBCCS_sniffles_0_88546	0.44.0.2
HG002vGRCh38_wm_50md_PBCCS_sniffles_0_88557	0.44.0.2
HG003vGRCh38_wm_50md_PBCCS_sniffles_0_86552	0.44.0.2
HG003vGRCh38_wm_50md_PBCCS_sniffles_0_86554	0.44.0.2
HG003vGRCh38_wm_50md_PBCCS_sniffles_0_86575	0.44.0.2
HG003vGRCh38_wm_50md_PBCCS_sniffles_0_86581	0.44.0.2
HG004vGRCh38_wm_50md_PBCCS_sniffles_0_84758	0.44.0.2
HG002vGRCh38_wm_50md_PBCCS_sniffles_0_88594	0.44.0.2
HG002vGRCh38_wm_50md_PBCCS_sniffles_0_88524	0.44.0.2
HG004vGRCh38_wm_50md_PBCCS_sniffles_0_84684	0.44.0.2
HG003vGRCh38_wm_50md_PBCCS_sniffles_0_86538	0.44.0.2
HG003vGRCh38_wm_50md_PBCCS_sniffles_0_86563	0.44.0.2
HG002vGRCh38_wm_50md_PBCCS_sniffles_0_88572	0.44.0.2
HG002vGRCh38_wm_50md_PBCCS_sniffles_0_88567	0.44.0.3
HG004vGRCh38_wm_50md_PBCCS_sniffles_0_84676	0.44.0.3
HG004vGRCh38_wm_50md_PBCCS_sniffles_0_84757	0.44.0.4
HG002vGRCh38_wm_50md_PBCCS_sniffles_0_88520	0.44.0.4
HG003vGRCh38_wm_50md_PBCCS_sniffles_0_86583	0.44.0.4
HG002vGRCh38_wm_50md_PBCCS_sniffles_0_88593	0.44.0.4
HG003vGRCh38_wm_50md_PBCCS_sniffles_0_86546	0.44.0.5
HG004vGRCh38_wm_50md_PBCCS_sniffles_0_84770	0.44.0.6
HG003vGRCh38_wm_50md_PBCCS_sniffles_0_86602	0.44.0.6
HG002vGRCh38_wm_50md_PBCCS_sniffles_0_88537	0.44.0.7
HG002vGRCh38_wm_50md_PBCCS_sniffles_0_89550	0.441.0.0
HG004vGRCh38_wm_50md_PBCCS_sniffles_0_85658	0.441.0.0
HG002vGRCh38_wm_50md_PBCCS_sniffles_0_89554	0.445.0.0
HG003vGRCh38_wm_50md_PBCCS_sniffles_0_87555	0.448.0.0
HG003vGRCh38_wm_50md_PBCCS_sniffles_0_87561	0.450.0.0
HG004vGRCh38_wm_50md_PBCCS_sniffles_0_85672	0.450.0.0
HG002vGRCh38_wm_50md_PBCCS_sniffles_0_89561	0.450.0.0
HG003vGRCh38_wm_50md_PBCCS_sniffles_0_87563	0.451.0.0
HG002vGRCh38_wm_50md_PBCCS_sniffles_0_89563	0.452.0.0
HG003vGRCh38_wm_50md_PBCCS_sniffles_0_87564	0.452.0.0
HG004vGRCh38_wm_50md_PBCCS_sniffles_0_85673	0.452.0.0
HG004vGRCh38_wm_50md_PBCCS_sniffles_0_85674	0.453.0.0
HG002vGRCh38_wm_50md_PBCCS_sniffles_0_89568	0.455.0.0
HG002vGRCh38_wm_50md_PBCCS_sniffles_0_89583	0.456.0.0
HG004vGRCh38_wm_50md_PBCCS_sniffles_0_85689	0.456.0.0
HG002vGRCh38_wm_50md_PBCCS_sniffles_0_89592	0.459.0.0
HG002vGRCh38_wm_50md_PBCCS_sniffles_0_89595	0.460.0.0
HG003vGRCh38_wm_50md_PBCCS_sniffles_0_87583	0.461.0.0
HG003vGRCh38_wm_50md_PBCCS_sniffles_0_87589	0.464.0.0.0
HG002vGRCh38_wm_50md_PBCCS_sniffles_0_89600	0.464.1.0.0
HG003vGRCh38_wm_50md_PBCCS_sniffles_0_87590	0.464.1.0.0
HG004vGRCh38_wm_50md_PBCCS_sniffles_0_85706	0.464.1.0.0
HG003vGRCh38_wm_50md_PBCCS_sniffles_0_87608	0.470.0.0
HG004vGRCh38_wm_50md_PBCCS_sniffles_0_85719	0.470.0.1
HG002vGRCh38_wm_50md_PBCCS_sniffles_0_89621	0.470.0.1
HG002vGRCh38_wm_50md_PBCCS_sniffles_0_89620	0.470.0.1
HG003vGRCh38_wm_50md_PBCCS_sniffles_0_87607	0.470.0.1
HG003vGRCh38_wm_50md_PBCCS_sniffles_0_87609	0.470.0.1
HG004vGRCh38_wm_50md_PBCCS_sniffles_0_85720	0.470.0.1
HG004vGRCh38_wm_50md_PBCCS_sniffles_0_85718	0.470.0.1
HG003vGRCh38_wm_50md_PBCCS_sniffles_0_87610	0.470.0.1
HG002vGRCh38_wm_50md_PBCCS_sniffles_0_89625	0.471.0.0
HG003vGRCh38_wm_50md_PBCCS_sniffles_0_87612	0.471.0.0
HG004vGRCh38_wm_50md_PBCCS_sniffles_0_85722	0.471.0.0
HG002vGRCh38_wm_50md_PBCCS_sniffles_0_89627	0.472.0.0
HG003vGRCh38_wm_50md_PBCCS_sniffles_0_87613	0.472.0.0
HG004vGRCh38_wm_50md_PBCCS_sniffles_0_85723	0.472.0.0
HG002vGRCh38_wm_50md_PBCCS_sniffles_0_89633	0.474.0.0
HG003vGRCh38_wm_50md_PBCCS_sniffles_0_87628	0.476.0.0.0
HG004vGRCh38_wm_50md_PBCCS_sniffles_0_85734	0.476.0.0.0
HG002vGRCh38_wm_50md_PBCCS_sniffles_0_89638	0.476.0.0.0
HG003vGRCh38_wm_50md_PBCCS_sniffles_0_87626	0.476.0.0.0
HG002vGRCh38_wm_50md_PBCCS_sniffles_0_89641	0.476.0.0.0
HG003vGRCh38_wm_50md_PBCCS_sniffles_0_87631	0.476.0.0.0
HG004vGRCh38_wm_50md_PBCCS_sniffles_0_85737	0.476.0.0.0
HG002vGRCh38_wm_50md_PBCCS_sniffles_0_89639	0.476.0.0.0
HG004vGRCh38_wm_50md_PBCCS_sniffles_0_85733	0.476.1.0.0
HG002vGRCh38_wm_50md_PBCCS_sniffles_0_89646	0.477.0.0
HG004vGRCh38_wm_50md_PBCCS_sniffles_0_85744	0.477.0.0
HG003vGRCh38_wm_50md_PBCCS_sniffles_0_87636	0.477.0.1
HG003vGRCh38_wm_50md_PBCCS_sniffles_0_87638	0.479.0.0.0
HG004vGRCh38_wm_50md_PBCCS_sniffles_0_85750	0.479.0.0.0
HG002vGRCh38_wm_50md_PBCCS_sniffles_0_89651	0.480.0.0
HG003vGRCh38_wm_50md_PBCCS_sniffles_0_87640	0.480.0.0
HG004vGRCh38_wm_50md_PBCCS_sniffles_0_85752	0.480.0.0
HG003vGRCh38_wm_50md_PBCCS_sniffles_0_87644	0.481.0.0
HG003vGRCh38_wm_50md_PBCCS_sniffles_0_87645	0.482.0.0
HG003vGRCh38_wm_50md_PBCCS_sniffles_0_87647	0.482.0.0
HG002vGRCh38_wm_50md_PBCCS_sniffles_0_89654	0.483.0.0
HG004vGRCh38_wm_50md_PBCCS_sniffles_0_85755	0.483.0.0
HG004vGRCh38_wm_50md_PBCCS_sniffles_0_85760	0.485.0.0
HG002vGRCh38_wm_50md_PBCCS_sniffles_0_89656	0.486.0.0
HG003vGRCh38_wm_50md_PBCCS_sniffles_0_87651	0.486.0.0
HG003vGRCh38_wm_50md_PBCCS_sniffles_0_87657	0.488.0.0
HG003vGRCh38_wm_50md_PBCCS_sniffles_0_86632	0.49.0.0
HG002vGRCh38_wm_50md_PBCCS_sniffles_0_88637	0.49.0.0
HG003vGRCh38_wm_50md_PBCCS_sniffles_0_86630	0.49.0.0
HG003vGRCh38_wm_50md_PBCCS_sniffles_0_86631	0.49.0.0
HG003vGRCh38_wm_50md_PBCCS_sniffles_0_87660	0.490.0.0
HG002vGRCh38_wm_50md_PBCCS_sniffles_0_89664	0.490.0.0
HG004vGRCh38_wm_50md_PBCCS_sniffles_0_85763	0.490.0.1
HG002vGRCh38_wm_50md_PBCCS_sniffles_0_89667	0.491.0.0
HG004vGRCh38_wm_50md_PBCCS_sniffles_0_85767	0.491.0.0
HG002vGRCh38_wm_50md_PBCCS_sniffles_0_89669	0.493.0.0
HG003vGRCh38_wm_50md_PBCCS_sniffles_0_87666	0.493.0.0
HG004vGRCh38_wm_50md_PBCCS_sniffles_0_85769	0.493.0.0
HG004vGRCh38_wm_50md_PBCCS_sniffles_0_85772	0.494.0.0.0
HG003vGRCh38_wm_50md_PBCCS_sniffles_0_87669	0.495.0.0
HG002vGRCh38_wm_50md_PBCCS_sniffles_0_89672	0.495.0.0
HG003vGRCh38_wm_50md_PBCCS_sniffles_0_87673	0.498.0.0
HG002vGRCh38_wm_50md_PBCCS_sniffles_0_89678	0.499.0.0.0
HG003vGRCh38_wm_50md_PBCCS_sniffles_0_87675	0.499.0.0.0
HG004vGRCh38_wm_50md_PBCCS_sniffles_0_85776	0.499.0.0.0
HG003vGRCh38_wm_50md_PBCCS_sniffles_0_87674	0.499.1.0.0
HG002vGRCh38_wm_50md_PBCCS_sniffles_0_89677	0.499.1.0.0
HG004vGRCh38_wm_50md_PBCCS_sniffles_0_84503	0.5.0.0
HG002vGRCh38_wm_50md_PBCCS_sniffles_0_88638	0.50.0.0
HG003vGRCh38_wm_50md_PBCCS_sniffles_0_86633	0.50.0.0
HG004vGRCh38_wm_50md_PBCCS_sniffles_0_85780	0.500.0.0
HG003vGRCh38_wm_50md_PBCCS_sniffles_0_87688	0.504.0.0
HG002vGRCh38_wm_50md_PBCCS_sniffles_0_89691	0.504.0.0
HG004vGRCh38_wm_50md_PBCCS_sniffles_0_85785	0.504.0.0
HG002vGRCh38_wm_50md_PBCCS_sniffles_0_89696	0.505.0.0
HG004vGRCh38_wm_50md_PBCCS_sniffles_0_85789	0.505.0.1
HG002vGRCh38_wm_50md_PBCCS_sniffles_0_89693	0.505.0.2
HG003vGRCh38_wm_50md_PBCCS_sniffles_0_87689	0.505.0.2
HG004vGRCh38_wm_50md_PBCCS_sniffles_0_85786	0.505.0.2
HG003vGRCh38_wm_50md_PBCCS_sniffles_0_87695	0.507.0.0
HG004vGRCh38_wm_50md_PBCCS_sniffles_0_85793	0.507.0.0
HG003vGRCh38_wm_50md_PBCCS_sniffles_0_87697	0.508.0.0
HG002vGRCh38_wm_50md_PBCCS_sniffles_0_89701	0.508.0.0
HG004vGRCh38_wm_50md_PBCCS_sniffles_0_85796	0.508.0.0
HG002vGRCh38_wm_50md_PBCCS_sniffles_0_89700	0.508.0.1
HG003vGRCh38_wm_50md_PBCCS_sniffles_0_87696	0.508.0.1
HG002vGRCh38_wm_50md_PBCCS_sniffles_0_89709	0.511.0.0
HG003vGRCh38_wm_50md_PBCCS_sniffles_0_87709	0.511.0.0
HG004vGRCh38_wm_50md_PBCCS_sniffles_0_85803	0.511.0.0
HG004vGRCh38_wm_50md_PBCCS_sniffles_0_85807	0.515.0.0
HG002vGRCh38_wm_50md_PBCCS_sniffles_0_89717	0.517.0.0
HG004vGRCh38_wm_50md_PBCCS_sniffles_0_85809	0.517.0.0
HG003vGRCh38_wm_50md_PBCCS_sniffles_0_87715	0.517.0.1
HG002vGRCh38_wm_50md_PBCCS_sniffles_0_89718	0.518.0.0
HG004vGRCh38_wm_50md_PBCCS_sniffles_0_85810	0.518.0.0
HG003vGRCh38_wm_50md_PBCCS_sniffles_0_87716	0.518.0.0
HG002vGRCh38_wm_50md_PBCCS_sniffles_0_89726	0.522.0.0
HG003vGRCh38_wm_50md_PBCCS_sniffles_0_87723	0.522.0.0
HG002vGRCh38_wm_50md_PBCCS_sniffles_0_89729	0.522.0.0
HG003vGRCh38_wm_50md_PBCCS_sniffles_0_87721	0.522.0.0
HG002vGRCh38_wm_50md_PBCCS_sniffles_0_89739	0.524.0.0.0
HG004vGRCh38_wm_50md_PBCCS_sniffles_0_85826	0.524.0.0.0
HG003vGRCh38_wm_50md_PBCCS_sniffles_0_87732	0.526.0.0
HG002vGRCh38_wm_50md_PBCCS_sniffles_0_89754	0.530.0.0
HG004vGRCh38_wm_50md_PBCCS_sniffles_0_85841	0.530.0.0
HG002vGRCh38_wm_50md_PBCCS_sniffles_0_89758	0.532.0.0
HG004vGRCh38_wm_50md_PBCCS_sniffles_0_85843	0.532.0.0
HG002vGRCh38_wm_50md_PBCCS_sniffles_0_89761	0.534.0.0
HG003vGRCh38_wm_50md_PBCCS_sniffles_0_87742	0.534.0.0
HG002vGRCh38_wm_50md_PBCCS_sniffles_0_89769	0.536.0.0
HG004vGRCh38_wm_50md_PBCCS_sniffles_0_85845	0.536.0.0
HG004vGRCh38_wm_50md_PBCCS_sniffles_0_85847	0.537.0.0
HG002vGRCh38_wm_50md_PBCCS_sniffles_0_89770	0.537.0.0
HG003vGRCh38_wm_50md_PBCCS_sniffles_0_87750	0.537.0.0
HG003vGRCh38_wm_50md_PBCCS_sniffles_0_87752	0.537.0.0
HG004vGRCh38_wm_50md_PBCCS_sniffles_0_85846	0.537.0.0
HG002vGRCh38_wm_50md_PBCCS_sniffles_0_89777	0.539.0.0
HG004vGRCh38_wm_50md_PBCCS_sniffles_0_85850	0.539.0.0
HG004vGRCh38_wm_50md_PBCCS_sniffles_0_84799	0.54.0.0
HG002vGRCh38_wm_50md_PBCCS_sniffles_0_88662	0.54.0.0
HG002vGRCh38_wm_50md_PBCCS_sniffles_0_89778	0.540.0.0
HG003vGRCh38_wm_50md_PBCCS_sniffles_0_87762	0.540.0.0
HG002vGRCh38_wm_50md_PBCCS_sniffles_0_89785	0.543.0.0
HG003vGRCh38_wm_50md_PBCCS_sniffles_0_87767	0.543.0.0
HG003vGRCh38_wm_50md_PBCCS_sniffles_0_87769	0.544.0.0.0
HG004vGRCh38_wm_50md_PBCCS_sniffles_0_85858	0.544.1.0.0
HG004vGRCh38_wm_50md_PBCCS_sniffles_0_85857	0.544.1.0.0
HG002vGRCh38_wm_50md_PBCCS_sniffles_0_89789	0.545.0.0
HG002vGRCh38_wm_50md_PBCCS_sniffles_0_89793	0.547.0.0
HG002vGRCh38_wm_50md_PBCCS_sniffles_0_89794	0.548.0.0
HG003vGRCh38_wm_50md_PBCCS_sniffles_0_87772	0.548.0.0
HG002vGRCh38_wm_50md_PBCCS_sniffles_0_89797	0.548.0.0
HG004vGRCh38_wm_50md_PBCCS_sniffles_0_85866	0.551.0.0
HG002vGRCh38_wm_50md_PBCCS_sniffles_0_89801	0.551.0.0
HG003vGRCh38_wm_50md_PBCCS_sniffles_0_87775	0.551.0.0
HG002vGRCh38_wm_50md_PBCCS_sniffles_0_89802	0.552.0.0
HG004vGRCh38_wm_50md_PBCCS_sniffles_0_85867	0.552.0.0
HG004vGRCh38_wm_50md_PBCCS_sniffles_0_85872	0.553.0.0.0
HG002vGRCh38_wm_50md_PBCCS_sniffles_0_89807	0.553.1.0.0
HG002vGRCh38_wm_50md_PBCCS_sniffles_0_89805	0.553.1.0.1
HG004vGRCh38_wm_50md_PBCCS_sniffles_0_85870	0.553.1.0.1
HG002vGRCh38_wm_50md_PBCCS_sniffles_0_89809	0.553.1.0.2
HG004vGRCh38_wm_50md_PBCCS_sniffles_0_85871	0.553.1.0.3
HG003vGRCh38_wm_50md_PBCCS_sniffles_0_87782	0.555.0.0.0
HG003vGRCh38_wm_50md_PBCCS_sniffles_0_87780	0.555.0.0.1
HG004vGRCh38_wm_50md_PBCCS_sniffles_0_85873	0.555.0.0.1
HG002vGRCh38_wm_50md_PBCCS_sniffles_0_89811	0.555.1.0.0
HG003vGRCh38_wm_50md_PBCCS_sniffles_0_87781	0.555.1.0.0
HG004vGRCh38_wm_50md_PBCCS_sniffles_0_85876	0.557.0.0
HG002vGRCh38_wm_50md_PBCCS_sniffles_0_89815	0.557.0.0
HG002vGRCh38_wm_50md_PBCCS_sniffles_0_89821	0.558.0.0
HG004vGRCh38_wm_50md_PBCCS_sniffles_0_85880	0.558.0.1
HG002vGRCh38_wm_50md_PBCCS_sniffles_0_89819	0.558.0.1
HG004vGRCh38_wm_50md_PBCCS_sniffles_0_85881	0.558.0.2
HG002vGRCh38_wm_50md_PBCCS_sniffles_0_89817	0.558.0.3
HG004vGRCh38_wm_50md_PBCCS_sniffles_0_85878	0.558.0.3
HG004vGRCh38_wm_50md_PBCCS_sniffles_0_85882	0.559.0.0
HG002vGRCh38_wm_50md_PBCCS_sniffles_0_88668	0.56.0.0
HG002vGRCh38_wm_50md_PBCCS_sniffles_0_89822	0.560.0.0
HG003vGRCh38_wm_50md_PBCCS_sniffles_0_87786	0.560.0.1
HG004vGRCh38_wm_50md_PBCCS_sniffles_0_85883	0.560.0.1
HG003vGRCh38_wm_50md_PBCCS_sniffles_0_87790	0.562.0.0
HG003vGRCh38_wm_50md_PBCCS_sniffles_0_87801	0.565.0.0
HG003vGRCh38_wm_50md_PBCCS_sniffles_0_87807	0.569.0.0
HG002vGRCh38_wm_50md_PBCCS_sniffles_0_89845	0.569.0.1
HG004vGRCh38_wm_50md_PBCCS_sniffles_0_85901	0.569.0.1
HG002vGRCh38_wm_50md_PBCCS_sniffles_0_88670	0.57.0.0
HG003vGRCh38_wm_50md_PBCCS_sniffles_0_86653	0.57.0.0
HG004vGRCh38_wm_50md_PBCCS_sniffles_0_85905	0.570.0.0
HG002vGRCh38_wm_50md_PBCCS_sniffles_0_89846	0.570.0.0
HG003vGRCh38_wm_50md_PBCCS_sniffles_0_87818	0.574.0.0
HG002vGRCh38_wm_50md_PBCCS_sniffles_0_89854	0.574.0.0
HG004vGRCh38_wm_50md_PBCCS_sniffles_0_85913	0.574.0.0
HG002vGRCh38_wm_50md_PBCCS_sniffles_0_89858	0.577.0.0
HG004vGRCh38_wm_50md_PBCCS_sniffles_0_85917	0.577.0.0
HG003vGRCh38_wm_50md_PBCCS_sniffles_0_87823	0.578.0.0
HG002vGRCh38_wm_50md_PBCCS_sniffles_0_89859	0.578.0.1
HG004vGRCh38_wm_50md_PBCCS_sniffles_0_85918	0.578.0.2
HG002vGRCh38_wm_50md_PBCCS_sniffles_0_89868	0.579.0.0
HG004vGRCh38_wm_50md_PBCCS_sniffles_0_85923	0.579.0.0
HG004vGRCh38_wm_50md_PBCCS_sniffles_0_85925	0.581.0.0
HG002vGRCh38_wm_50md_PBCCS_sniffles_0_89875	0.583.0.0
HG003vGRCh38_wm_50md_PBCCS_sniffles_0_87842	0.583.0.0
HG003vGRCh38_wm_50md_PBCCS_sniffles_0_87846	0.584.0.0.0
HG004vGRCh38_wm_50md_PBCCS_sniffles_0_85930	0.584.0.0.0
HG002vGRCh38_wm_50md_PBCCS_sniffles_0_89880	0.584.1.0.0
HG004vGRCh38_wm_50md_PBCCS_sniffles_0_85931	0.584.1.0.0
HG002vGRCh38_wm_50md_PBCCS_sniffles_0_89876	0.584.1.0.1
HG004vGRCh38_wm_50md_PBCCS_sniffles_0_85928	0.584.1.0.1
HG002vGRCh38_wm_50md_PBCCS_sniffles_0_89881	0.585.0.0
HG004vGRCh38_wm_50md_PBCCS_sniffles_0_85932	0.585.0.0
HG002vGRCh38_wm_50md_PBCCS_sniffles_0_89883	0.586.0.0
HG003vGRCh38_wm_50md_PBCCS_sniffles_0_87849	0.586.0.0
HG004vGRCh38_wm_50md_PBCCS_sniffles_0_85933	0.586.0.0
HG004vGRCh38_wm_50md_PBCCS_sniffles_0_85936	0.588.0.0
HG004vGRCh38_wm_50md_PBCCS_sniffles_0_85945	0.592.0.0
HG004vGRCh38_wm_50md_PBCCS_sniffles_0_85947	0.593.0.0
HG002vGRCh38_wm_50md_PBCCS_sniffles_0_89895	0.593.0.0
HG002vGRCh38_wm_50md_PBCCS_sniffles_0_89896	0.594.0.0
HG003vGRCh38_wm_50md_PBCCS_sniffles_0_87857	0.595.0.0.0
HG002vGRCh38_wm_50md_PBCCS_sniffles_0_89904	0.599.0.0
HG003vGRCh38_wm_50md_PBCCS_sniffles_0_87865	0.599.0.0
HG004vGRCh38_wm_50md_PBCCS_sniffles_0_85952	0.599.0.0
HG003vGRCh38_wm_50md_PBCCS_sniffles_0_86393	0.6.0.0.0
HG004vGRCh38_wm_50md_PBCCS_sniffles_0_85955	0.600.0.0.0
HG002vGRCh38_wm_50md_PBCCS_sniffles_0_89905	0.600.1.0.0
HG004vGRCh38_wm_50md_PBCCS_sniffles_0_85953	0.600.1.0.0
HG003vGRCh38_wm_50md_PBCCS_sniffles_0_87873	0.605.0.0
HG004vGRCh38_wm_50md_PBCCS_sniffles_0_85974	0.606.0.0
HG002vGRCh38_wm_50md_PBCCS_sniffles_0_89919	0.606.0.0
HG003vGRCh38_wm_50md_PBCCS_sniffles_0_87884	0.608.0.0
HG003vGRCh38_wm_50md_PBCCS_sniffles_0_87886	0.609.0.0
HG004vGRCh38_wm_50md_PBCCS_sniffles_0_84811	0.61.0.0
HG002vGRCh38_wm_50md_PBCCS_sniffles_0_89931	0.611.0.0
HG003vGRCh38_wm_50md_PBCCS_sniffles_0_87892	0.611.0.0
HG002vGRCh38_wm_50md_PBCCS_sniffles_0_89932	0.612.0.0
HG003vGRCh38_wm_50md_PBCCS_sniffles_0_87893	0.612.0.0
HG004vGRCh38_wm_50md_PBCCS_sniffles_0_85980	0.612.0.0
HG003vGRCh38_wm_50md_PBCCS_sniffles_0_87896	0.613.0.0
HG002vGRCh38_wm_50md_PBCCS_sniffles_0_89939	0.619.0.0
HG003vGRCh38_wm_50md_PBCCS_sniffles_0_87903	0.619.0.0
HG002vGRCh38_wm_50md_PBCCS_sniffles_0_89940	0.620.0.0
HG003vGRCh38_wm_50md_PBCCS_sniffles_0_87904	0.620.0.0
HG002vGRCh38_wm_50md_PBCCS_sniffles_0_89947	0.623.0.0
HG003vGRCh38_wm_50md_PBCCS_sniffles_0_87909	0.623.0.0
HG004vGRCh38_wm_50md_PBCCS_sniffles_0_85989	0.623.0.0
HG002vGRCh38_wm_50md_PBCCS_sniffles_0_89966	0.626.0.0.0
HG003vGRCh38_wm_50md_PBCCS_sniffles_0_87932	0.626.0.0.0
HG002vGRCh38_wm_50md_PBCCS_sniffles_0_89965	0.626.0.0.1
HG003vGRCh38_wm_50md_PBCCS_sniffles_0_87930	0.626.0.0.1
HG004vGRCh38_wm_50md_PBCCS_sniffles_0_86004	0.626.1.0.0
HG004vGRCh38_wm_50md_PBCCS_sniffles_0_86006	0.626.1.0.0
HG003vGRCh38_wm_50md_PBCCS_sniffles_0_87936	0.628.0.0.0
HG002vGRCh38_wm_50md_PBCCS_sniffles_0_89978	0.628.1.0.0
HG002vGRCh38_wm_50md_PBCCS_sniffles_0_89975	0.628.1.0.0
HG004vGRCh38_wm_50md_PBCCS_sniffles_0_86012	0.628.1.0.0
HG003vGRCh38_wm_50md_PBCCS_sniffles_0_87937	0.630.0.0.0
HG002vGRCh38_wm_50md_PBCCS_sniffles_0_89982	0.630.2.0.0
HG004vGRCh38_wm_50md_PBCCS_sniffles_0_86018	0.630.2.0.0
HG002vGRCh38_wm_50md_PBCCS_sniffles_0_89981	0.630.2.0.1
HG004vGRCh38_wm_50md_PBCCS_sniffles_0_86015	0.630.2.0.1
HG004vGRCh38_wm_50md_PBCCS_sniffles_0_86016	0.630.2.0.2
HG003vGRCh38_wm_50md_PBCCS_sniffles_0_87943	0.633.0.0
HG004vGRCh38_wm_50md_PBCCS_sniffles_0_86021	0.633.0.0
HG002vGRCh38_wm_50md_PBCCS_sniffles_0_89987	0.633.0.0
HG002vGRCh38_wm_50md_PBCCS_sniffles_0_89989	0.634.0.0
HG003vGRCh38_wm_50md_PBCCS_sniffles_0_87945	0.634.0.1
HG004vGRCh38_wm_50md_PBCCS_sniffles_0_86022	0.634.0.1
HG002vGRCh38_wm_50md_PBCCS_sniffles_0_89996	0.636.0.0
HG003vGRCh38_wm_50md_PBCCS_sniffles_0_87948	0.636.0.0
HG004vGRCh38_wm_50md_PBCCS_sniffles_0_86028	0.636.0.0
HG003vGRCh38_wm_50md_PBCCS_sniffles_0_87949	0.637.0.0
HG004vGRCh38_wm_50md_PBCCS_sniffles_0_86030	0.637.0.0
HG002vGRCh38_wm_50md_PBCCS_sniffles_0_89999	0.637.0.1
HG004vGRCh38_wm_50md_PBCCS_sniffles_0_86036	0.637.0.1
HG002vGRCh38_wm_50md_PBCCS_sniffles_0_89998	0.637.0.1
HG004vGRCh38_wm_50md_PBCCS_sniffles_0_86032	0.637.0.2
HG003vGRCh38_wm_50md_PBCCS_sniffles_0_87950	0.637.0.2
HG002vGRCh38_wm_50md_PBCCS_sniffles_0_89997	0.637.0.2
HG003vGRCh38_wm_50md_PBCCS_sniffles_0_87951	0.637.0.3
HG004vGRCh38_wm_50md_PBCCS_sniffles_0_84815	0.64.0.0
HG003vGRCh38_wm_50md_PBCCS_sniffles_0_87954	0.640.0.0
HG003vGRCh38_wm_50md_PBCCS_sniffles_0_87956	0.642.0.0
HG003vGRCh38_wm_50md_PBCCS_sniffles_0_87957	0.643.0.0
HG004vGRCh38_wm_50md_PBCCS_sniffles_0_86039	0.644.0.0
HG002vGRCh38_wm_50md_PBCCS_sniffles_0_90004	0.645.0.0
HG003vGRCh38_wm_50md_PBCCS_sniffles_0_87961	0.645.0.0
HG002vGRCh38_wm_50md_PBCCS_sniffles_0_90005	0.646.0.0
HG003vGRCh38_wm_50md_PBCCS_sniffles_0_87962	0.646.0.0
HG004vGRCh38_wm_50md_PBCCS_sniffles_0_86040	0.646.0.0
HG002vGRCh38_wm_50md_PBCCS_sniffles_0_90011	0.648.0.0
HG003vGRCh38_wm_50md_PBCCS_sniffles_0_87968	0.648.0.0
HG003vGRCh38_wm_50md_PBCCS_sniffles_0_87969	0.649.0.0
HG002vGRCh38_wm_50md_PBCCS_sniffles_0_90012	0.650.0.0
HG003vGRCh38_wm_50md_PBCCS_sniffles_0_87970	0.650.0.0
HG002vGRCh38_wm_50md_PBCCS_sniffles_0_90013	0.651.0.0
HG003vGRCh38_wm_50md_PBCCS_sniffles_0_87971	0.651.0.0
HG004vGRCh38_wm_50md_PBCCS_sniffles_0_86044	0.654.0.0
HG004vGRCh38_wm_50md_PBCCS_sniffles_0_86045	0.655.0.0
HG003vGRCh38_wm_50md_PBCCS_sniffles_0_87982	0.657.0.0
HG004vGRCh38_wm_50md_PBCCS_sniffles_0_86051	0.657.0.1
HG002vGRCh38_wm_50md_PBCCS_sniffles_0_90025	0.657.0.1
HG002vGRCh38_wm_50md_PBCCS_sniffles_0_88680	0.66.0.0
HG003vGRCh38_wm_50md_PBCCS_sniffles_0_86663	0.66.0.0
HG004vGRCh38_wm_50md_PBCCS_sniffles_0_84821	0.66.0.0
HG002vGRCh38_wm_50md_PBCCS_sniffles_0_88682	0.66.0.1
HG004vGRCh38_wm_50md_PBCCS_sniffles_0_84822	0.66.0.1
HG002vGRCh38_wm_50md_PBCCS_sniffles_0_88681	0.66.0.2
HG003vGRCh38_wm_50md_PBCCS_sniffles_0_86664	0.66.0.2
HG003vGRCh38_wm_50md_PBCCS_sniffles_0_87995	0.661.0.0
HG003vGRCh38_wm_50md_PBCCS_sniffles_0_87997	0.662.0.0
HG002vGRCh38_wm_50md_PBCCS_sniffles_0_90045	0.663.0.0.0
HG003vGRCh38_wm_50md_PBCCS_sniffles_0_88000	0.663.0.0.0
HG004vGRCh38_wm_50md_PBCCS_sniffles_0_86071	0.664.0.0
HG002vGRCh38_wm_50md_PBCCS_sniffles_0_90048	0.664.0.0
HG002vGRCh38_wm_50md_PBCCS_sniffles_0_90049	0.665.0.0
HG003vGRCh38_wm_50md_PBCCS_sniffles_0_88004	0.667.0.0
HG002vGRCh38_wm_50md_PBCCS_sniffles_0_90052	0.667.0.0
HG004vGRCh38_wm_50md_PBCCS_sniffles_0_86075	0.668.0.0
HG003vGRCh38_wm_50md_PBCCS_sniffles_0_88007	0.669.0.0
HG004vGRCh38_wm_50md_PBCCS_sniffles_0_86078	0.669.0.0
HG002vGRCh38_wm_50md_PBCCS_sniffles_0_90055	0.672.0.0
HG004vGRCh38_wm_50md_PBCCS_sniffles_0_86081	0.672.0.0
HG003vGRCh38_wm_50md_PBCCS_sniffles_0_88010	0.672.0.0
HG003vGRCh38_wm_50md_PBCCS_sniffles_0_88019	0.673.0.0.0
HG003vGRCh38_wm_50md_PBCCS_sniffles_0_88016	0.673.1.0.0
HG003vGRCh38_wm_50md_PBCCS_sniffles_0_88017	0.673.1.0.1
HG003vGRCh38_wm_50md_PBCCS_sniffles_0_88021	0.675.0.0
HG002vGRCh38_wm_50md_PBCCS_sniffles_0_90062	0.675.0.1
HG004vGRCh38_wm_50md_PBCCS_sniffles_0_86084	0.675.0.1
HG003vGRCh38_wm_50md_PBCCS_sniffles_0_88031	0.679.0.0
HG003vGRCh38_wm_50md_PBCCS_sniffles_0_88038	0.681.0.0
HG003vGRCh38_wm_50md_PBCCS_sniffles_0_88039	0.682.0.0
HG002vGRCh38_wm_50md_PBCCS_sniffles_0_90073	0.684.0.0
HG003vGRCh38_wm_50md_PBCCS_sniffles_0_88045	0.684.0.0
HG004vGRCh38_wm_50md_PBCCS_sniffles_0_86100	0.684.0.0
HG004vGRCh38_wm_50md_PBCCS_sniffles_0_86114	0.686.0.0
HG002vGRCh38_wm_50md_PBCCS_sniffles_0_90101	0.689.0.0
HG003vGRCh38_wm_50md_PBCCS_sniffles_0_88070	0.689.0.0
HG004vGRCh38_wm_50md_PBCCS_sniffles_0_86128	0.689.0.0
HG002vGRCh38_wm_50md_PBCCS_sniffles_0_88689	0.69.0.0
HG003vGRCh38_wm_50md_PBCCS_sniffles_0_86670	0.69.0.0
HG002vGRCh38_wm_50md_PBCCS_sniffles_0_90105	0.691.0.0
HG004vGRCh38_wm_50md_PBCCS_sniffles_0_86135	0.691.0.0
HG004vGRCh38_wm_50md_PBCCS_sniffles_0_86136	0.693.0.0
HG003vGRCh38_wm_50md_PBCCS_sniffles_0_88080	0.695.0.0
HG002vGRCh38_wm_50md_PBCCS_sniffles_0_90112	0.697.0.0.0
HG003vGRCh38_wm_50md_PBCCS_sniffles_0_88083	0.697.1.0.0
HG004vGRCh38_wm_50md_PBCCS_sniffles_0_86137	0.697.1.0.0
HG002vGRCh38_wm_50md_PBCCS_sniffles_0_90111	0.697.1.0.0
HG003vGRCh38_wm_50md_PBCCS_sniffles_0_88089	0.699.0.0
HG002vGRCh38_wm_50md_PBCCS_sniffles_0_90115	0.699.0.0
HG002vGRCh38_wm_50md_PBCCS_sniffles_0_90117	0.699.0.0
HG003vGRCh38_wm_50md_PBCCS_sniffles_0_88091	0.699.0.0
HG003vGRCh38_wm_50md_PBCCS_sniffles_0_88092	0.700.0.0
HG002vGRCh38_wm_50md_PBCCS_sniffles_0_90119	0.701.0.0.0
HG004vGRCh38_wm_50md_PBCCS_sniffles_0_86143	0.701.0.0.1
HG004vGRCh38_wm_50md_PBCCS_sniffles_0_86142	0.701.1.0.0
HG002vGRCh38_wm_50md_PBCCS_sniffles_0_90118	0.701.1.0.0
HG003vGRCh38_wm_50md_PBCCS_sniffles_0_88095	0.701.1.0.0
HG002vGRCh38_wm_50md_PBCCS_sniffles_0_90123	0.704.0.0
HG003vGRCh38_wm_50md_PBCCS_sniffles_0_88100	0.704.0.0
HG004vGRCh38_wm_50md_PBCCS_sniffles_0_86147	0.704.0.0
HG003vGRCh38_wm_50md_PBCCS_sniffles_0_88099	0.704.0.0
HG003vGRCh38_wm_50md_PBCCS_sniffles_0_88113	0.708.0.0
HG002vGRCh38_wm_50md_PBCCS_sniffles_0_90138	0.709.0.0
HG004vGRCh38_wm_50md_PBCCS_sniffles_0_86156	0.709.0.0
HG003vGRCh38_wm_50md_PBCCS_sniffles_0_86673	0.71.0.0
HG002vGRCh38_wm_50md_PBCCS_sniffles_0_88692	0.71.0.0
HG003vGRCh38_wm_50md_PBCCS_sniffles_0_86674	0.71.0.0
HG003vGRCh38_wm_50md_PBCCS_sniffles_0_88114	0.710.0.0
HG002vGRCh38_wm_50md_PBCCS_sniffles_0_90142	0.711.0.0
HG003vGRCh38_wm_50md_PBCCS_sniffles_0_88116	0.711.0.0
HG002vGRCh38_wm_50md_PBCCS_sniffles_0_90143	0.713.0.0
HG003vGRCh38_wm_50md_PBCCS_sniffles_0_88118	0.713.0.0
HG004vGRCh38_wm_50md_PBCCS_sniffles_0_86160	0.713.0.0
HG002vGRCh38_wm_50md_PBCCS_sniffles_0_90150	0.714.0.0.0
HG004vGRCh38_wm_50md_PBCCS_sniffles_0_86164	0.714.0.0.0
HG002vGRCh38_wm_50md_PBCCS_sniffles_0_90148	0.714.1.0.0
HG003vGRCh38_wm_50md_PBCCS_sniffles_0_88121	0.714.1.0.0
HG002vGRCh38_wm_50md_PBCCS_sniffles_0_90152	0.715.0.0
HG003vGRCh38_wm_50md_PBCCS_sniffles_0_88123	0.715.0.0
HG003vGRCh38_wm_50md_PBCCS_sniffles_0_88127	0.718.0.0
HG002vGRCh38_wm_50md_PBCCS_sniffles_0_90165	0.723.0.0
HG004vGRCh38_wm_50md_PBCCS_sniffles_0_86175	0.723.0.0
HG002vGRCh38_wm_50md_PBCCS_sniffles_0_90167	0.725.0.0
HG002vGRCh38_wm_50md_PBCCS_sniffles_0_90180	0.730.0.0.0
HG003vGRCh38_wm_50md_PBCCS_sniffles_0_88144	0.730.1.0.0
HG002vGRCh38_wm_50md_PBCCS_sniffles_0_90179	0.730.1.0.0
HG002vGRCh38_wm_50md_PBCCS_sniffles_0_90185	0.733.0.0
HG004vGRCh38_wm_50md_PBCCS_sniffles_0_86188	0.733.0.0
HG002vGRCh38_wm_50md_PBCCS_sniffles_0_90191	0.735.0.0
HG004vGRCh38_wm_50md_PBCCS_sniffles_0_86192	0.735.0.0
HG004vGRCh38_wm_50md_PBCCS_sniffles_0_86196	0.738.0.0
HG003vGRCh38_wm_50md_PBCCS_sniffles_0_88156	0.738.0.1
HG002vGRCh38_wm_50md_PBCCS_sniffles_0_90196	0.738.0.1
HG003vGRCh38_wm_50md_PBCCS_sniffles_0_88159	0.739.0.0.0.0
HG003vGRCh38_wm_50md_PBCCS_sniffles_0_88158	0.739.1.0.0
HG002vGRCh38_wm_50md_PBCCS_sniffles_0_90231	0.745.0.0
HG003vGRCh38_wm_50md_PBCCS_sniffles_0_88183	0.745.0.0
HG004vGRCh38_wm_50md_PBCCS_sniffles_0_86228	0.746.0.0
HG003vGRCh38_wm_50md_PBCCS_sniffles_0_88188	0.748.0.0
HG002vGRCh38_wm_50md_PBCCS_sniffles_0_90241	0.749.0.0
HG003vGRCh38_wm_50md_PBCCS_sniffles_0_88192	0.749.0.0
HG002vGRCh38_wm_50md_PBCCS_sniffles_0_90251	0.750.0.0
HG003vGRCh38_wm_50md_PBCCS_sniffles_0_88202	0.750.0.0
HG004vGRCh38_wm_50md_PBCCS_sniffles_0_86239	0.750.0.0
HG002vGRCh38_wm_50md_PBCCS_sniffles_0_90252	0.751.0.0
HG003vGRCh38_wm_50md_PBCCS_sniffles_0_88203	0.751.0.0
HG004vGRCh38_wm_50md_PBCCS_sniffles_0_86240	0.751.0.0
HG003vGRCh38_wm_50md_PBCCS_sniffles_0_88207	0.753.0.0
HG002vGRCh38_wm_50md_PBCCS_sniffles_0_90258	0.753.0.0
HG002vGRCh38_wm_50md_PBCCS_sniffles_0_90260	0.754.0.0.0
HG003vGRCh38_wm_50md_PBCCS_sniffles_0_88208	0.754.0.0.0
HG002vGRCh38_wm_50md_PBCCS_sniffles_0_90264	0.755.0.0
HG003vGRCh38_wm_50md_PBCCS_sniffles_0_88215	0.755.0.0
HG004vGRCh38_wm_50md_PBCCS_sniffles_0_86249	0.755.0.0
HG004vGRCh38_wm_50md_PBCCS_sniffles_0_86250	0.756.0.0
HG004vGRCh38_wm_50md_PBCCS_sniffles_0_86251	0.756.0.0
HG003vGRCh38_wm_50md_PBCCS_sniffles_0_88216	0.756.0.0
HG002vGRCh38_wm_50md_PBCCS_sniffles_0_90265	0.756.0.0
HG002vGRCh38_wm_50md_PBCCS_sniffles_0_90283	0.761.0.0
HG003vGRCh38_wm_50md_PBCCS_sniffles_0_88231	0.761.0.0
HG004vGRCh38_wm_50md_PBCCS_sniffles_0_86264	0.761.0.0
HG003vGRCh38_wm_50md_PBCCS_sniffles_0_88232	0.762.0.0
HG002vGRCh38_wm_50md_PBCCS_sniffles_0_90284	0.762.0.0
HG004vGRCh38_wm_50md_PBCCS_sniffles_0_86265	0.762.0.0
HG003vGRCh38_wm_50md_PBCCS_sniffles_0_88234	0.763.0.0
HG002vGRCh38_wm_50md_PBCCS_sniffles_0_90285	0.765.0.0
HG003vGRCh38_wm_50md_PBCCS_sniffles_0_88236	0.765.0.0
HG004vGRCh38_wm_50md_PBCCS_sniffles_0_86267	0.765.0.0
HG003vGRCh38_wm_50md_PBCCS_sniffles_0_88246	0.767.0.0.0
HG002vGRCh38_wm_50md_PBCCS_sniffles_0_90295	0.767.1.0.0
HG003vGRCh38_wm_50md_PBCCS_sniffles_0_88247	0.767.1.0.1
HG004vGRCh38_wm_50md_PBCCS_sniffles_0_86278	0.768.0.0
HG004vGRCh38_wm_50md_PBCCS_sniffles_0_86281	0.769.0.0
HG002vGRCh38_wm_50md_PBCCS_sniffles_0_88704	0.77.0.0
HG004vGRCh38_wm_50md_PBCCS_sniffles_0_84838	0.77.0.0
HG004vGRCh38_wm_50md_PBCCS_sniffles_0_86282	0.770.0.0
HG002vGRCh38_wm_50md_PBCCS_sniffles_0_90298	0.770.0.0
HG003vGRCh38_wm_50md_PBCCS_sniffles_0_88250	0.770.0.0
HG003vGRCh38_wm_50md_PBCCS_sniffles_0_88251	0.771.0.0
HG003vGRCh38_wm_50md_PBCCS_sniffles_0_88252	0.773.0.0
HG002vGRCh38_wm_50md_PBCCS_sniffles_0_90300	0.773.0.1
HG004vGRCh38_wm_50md_PBCCS_sniffles_0_86284	0.773.0.1
HG002vGRCh38_wm_50md_PBCCS_sniffles_0_90301	0.774.0.0
HG004vGRCh38_wm_50md_PBCCS_sniffles_0_86285	0.774.0.0
HG004vGRCh38_wm_50md_PBCCS_sniffles_0_86287	0.775.0.0
HG002vGRCh38_wm_50md_PBCCS_sniffles_0_90302	0.775.0.0
HG002vGRCh38_wm_50md_PBCCS_sniffles_0_90308	0.776.0.0
HG003vGRCh38_wm_50md_PBCCS_sniffles_0_88263	0.776.0.0
HG004vGRCh38_wm_50md_PBCCS_sniffles_0_86292	0.776.0.0
HG004vGRCh38_wm_50md_PBCCS_sniffles_0_86294	0.776.0.1
HG003vGRCh38_wm_50md_PBCCS_sniffles_0_88264	0.776.0.2
HG004vGRCh38_wm_50md_PBCCS_sniffles_0_86293	0.776.0.2
HG003vGRCh38_wm_50md_PBCCS_sniffles_0_88271	0.779.0.0
HG002vGRCh38_wm_50md_PBCCS_sniffles_0_90316	0.779.0.0
HG002vGRCh38_wm_50md_PBCCS_sniffles_0_90320	0.781.0.0
HG004vGRCh38_wm_50md_PBCCS_sniffles_0_86299	0.781.0.0
HG002vGRCh38_wm_50md_PBCCS_sniffles_0_90318	0.781.0.0
HG003vGRCh38_wm_50md_PBCCS_sniffles_0_88273	0.781.0.0
HG004vGRCh38_wm_50md_PBCCS_sniffles_0_86298	0.781.0.0
HG002vGRCh38_wm_50md_PBCCS_sniffles_0_90324	0.782.0.0.0
HG003vGRCh38_wm_50md_PBCCS_sniffles_0_88277	0.782.0.0.0
HG004vGRCh38_wm_50md_PBCCS_sniffles_0_86301	0.782.0.0.0
HG002vGRCh38_wm_50md_PBCCS_sniffles_0_90325	0.782.1.0.0
HG003vGRCh38_wm_50md_PBCCS_sniffles_0_88278	0.782.1.0.0
HG004vGRCh38_wm_50md_PBCCS_sniffles_0_86302	0.782.1.0.0
HG004vGRCh38_wm_50md_PBCCS_sniffles_0_86303	0.783.0.0
HG003vGRCh38_wm_50md_PBCCS_sniffles_0_88281	0.786.0.0
HG002vGRCh38_wm_50md_PBCCS_sniffles_0_90334	0.786.0.0
HG003vGRCh38_wm_50md_PBCCS_sniffles_0_88283	0.788.0.0
HG004vGRCh38_wm_50md_PBCCS_sniffles_0_86307	0.788.0.1
HG003vGRCh38_wm_50md_PBCCS_sniffles_0_88285	0.789.0.0
HG004vGRCh38_wm_50md_PBCCS_sniffles_0_86308	0.789.0.0
HG002vGRCh38_wm_50md_PBCCS_sniffles_0_90335	0.789.0.0
HG004vGRCh38_wm_50md_PBCCS_sniffles_0_84840	0.79.0.0
HG002vGRCh38_wm_50md_PBCCS_sniffles_0_88707	0.79.0.0
HG004vGRCh38_wm_50md_PBCCS_sniffles_0_84842	0.79.0.0
HG003vGRCh38_wm_50md_PBCCS_sniffles_0_86688	0.79.0.0
HG002vGRCh38_wm_50md_PBCCS_sniffles_0_90338	0.790.0.0.0
HG003vGRCh38_wm_50md_PBCCS_sniffles_0_88289	0.790.0.0.0
HG002vGRCh38_wm_50md_PBCCS_sniffles_0_90337	0.790.1.0.0
HG003vGRCh38_wm_50md_PBCCS_sniffles_0_88287	0.790.1.0.0
HG003vGRCh38_wm_50md_PBCCS_sniffles_0_88292	0.792.0.0.0
HG004vGRCh38_wm_50md_PBCCS_sniffles_0_86317	0.793.0.0
HG003vGRCh38_wm_50md_PBCCS_sniffles_0_88294	0.793.0.0
HG003vGRCh38_wm_50md_PBCCS_sniffles_0_88299	0.795.0.0
HG002vGRCh38_wm_50md_PBCCS_sniffles_0_90350	0.795.0.0
HG002vGRCh38_wm_50md_PBCCS_sniffles_0_90351	0.795.0.0
HG004vGRCh38_wm_50md_PBCCS_sniffles_0_86324	0.797.0.0
HG002vGRCh38_wm_50md_PBCCS_sniffles_0_90356	0.798.0.0
HG003vGRCh38_wm_50md_PBCCS_sniffles_0_88307	0.798.0.0
HG004vGRCh38_wm_50md_PBCCS_sniffles_0_86327	0.798.0.0
HG002vGRCh38_wm_50md_PBCCS_sniffles_0_90358	0.799.0.0
HG003vGRCh38_wm_50md_PBCCS_sniffles_0_88309	0.799.0.0
HG004vGRCh38_wm_50md_PBCCS_sniffles_0_86329	0.799.0.0
HG003vGRCh38_wm_50md_PBCCS_sniffles_0_86394	0.8.0.0
HG002vGRCh38_wm_50md_PBCCS_sniffles_0_90359	0.800.0.0
HG004vGRCh38_wm_50md_PBCCS_sniffles_0_86330	0.800.0.0
HG003vGRCh38_wm_50md_PBCCS_sniffles_0_88310	0.800.0.0
HG002vGRCh38_wm_50md_PBCCS_sniffles_0_90363	0.801.0.0
HG004vGRCh38_wm_50md_PBCCS_sniffles_0_86333	0.801.0.0
HG003vGRCh38_wm_50md_PBCCS_sniffles_0_88314	0.801.0.0
HG002vGRCh38_wm_50md_PBCCS_sniffles_0_90367	0.802.0.0.0
HG003vGRCh38_wm_50md_PBCCS_sniffles_0_88317	0.802.0.0.0
HG002vGRCh38_wm_50md_PBCCS_sniffles_0_90378	0.805.0.0
HG004vGRCh38_wm_50md_PBCCS_sniffles_0_86347	0.805.0.0
HG003vGRCh38_wm_50md_PBCCS_sniffles_0_88330	0.805.0.0
HG002vGRCh38_wm_50md_PBCCS_sniffles_0_90382	0.808.0.0
HG004vGRCh38_wm_50md_PBCCS_sniffles_0_86353	0.808.0.0
HG004vGRCh38_wm_50md_PBCCS_sniffles_0_86352	0.808.0.0
HG002vGRCh38_wm_50md_PBCCS_sniffles_0_90384	0.808.0.0
HG004vGRCh38_wm_50md_PBCCS_sniffles_0_86351	0.808.0.1
HG002vGRCh38_wm_50md_PBCCS_sniffles_0_90383	0.808.0.1
HG003vGRCh38_wm_50md_PBCCS_sniffles_0_88334	0.808.0.1
HG003vGRCh38_wm_50md_PBCCS_sniffles_0_88333	0.808.0.1
HG004vGRCh38_wm_50md_PBCCS_sniffles_0_86350	0.808.0.1
HG002vGRCh38_wm_50md_PBCCS_sniffles_0_88717	0.82.0.0
HG004vGRCh38_wm_50md_PBCCS_sniffles_0_84852	0.82.0.0
HG003vGRCh38_wm_50md_PBCCS_sniffles_0_86699	0.82.0.1
HG004vGRCh38_wm_50md_PBCCS_sniffles_0_84865	0.85.0.0
HG003vGRCh38_wm_50md_PBCCS_sniffles_0_86705	0.85.0.0
HG002vGRCh38_wm_50md_PBCCS_sniffles_0_88728	0.85.0.0
HG003vGRCh38_wm_50md_PBCCS_sniffles_0_86706	0.85.0.0
HG004vGRCh38_wm_50md_PBCCS_sniffles_0_84874	0.86.0.0
HG002vGRCh38_wm_50md_PBCCS_sniffles_0_88729	0.86.0.1
HG004vGRCh38_wm_50md_PBCCS_sniffles_0_84882	0.86.0.2
HG002vGRCh38_wm_50md_PBCCS_sniffles_0_88740	0.86.0.2
HG004vGRCh38_wm_50md_PBCCS_sniffles_0_84881	0.86.0.2
HG004vGRCh38_wm_50md_PBCCS_sniffles_0_84867	0.86.0.3
HG003vGRCh38_wm_50md_PBCCS_sniffles_0_86707	0.86.0.3
HG004vGRCh38_wm_50md_PBCCS_sniffles_0_84889	0.87.0.0
HG002vGRCh38_wm_50md_PBCCS_sniffles_0_88746	0.87.0.0
HG004vGRCh38_wm_50md_PBCCS_sniffles_0_84890	0.88.0.0.0
HG002vGRCh38_wm_50md_PBCCS_sniffles_0_88747	0.88.0.0.0
HG003vGRCh38_wm_50md_PBCCS_sniffles_0_86720	0.88.0.0.0
HG002vGRCh38_wm_50md_PBCCS_sniffles_0_88748	0.88.1.0.0
HG003vGRCh38_wm_50md_PBCCS_sniffles_0_86721	0.88.1.0.0
HG004vGRCh38_wm_50md_PBCCS_sniffles_0_84891	0.88.1.0.0
HG004vGRCh38_wm_50md_PBCCS_sniffles_0_84518	0.9.0.0
HG004vGRCh38_wm_50md_PBCCS_sniffles_0_84901	0.91.0.0.0
HG002vGRCh38_wm_50md_PBCCS_sniffles_0_88753	0.91.0.0.0
HG003vGRCh38_wm_50md_PBCCS_sniffles_0_86731	0.91.0.0.0
HG004vGRCh38_wm_50md_PBCCS_sniffles_0_84903	0.91.1.0.0
HG004vGRCh38_wm_50md_PBCCS_sniffles_0_84915	0.92.0.0
HG002vGRCh38_wm_50md_PBCCS_sniffles_0_88766	0.92.0.0
HG003vGRCh38_wm_50md_PBCCS_sniffles_0_86739	0.92.0.0
HG003vGRCh38_wm_50md_PBCCS_sniffles_0_86740	0.92.0.1
HG002vGRCh38_wm_50md_PBCCS_sniffles_0_88770	0.92.0.2
HG003vGRCh38_wm_50md_PBCCS_sniffles_0_86744	0.92.0.2
HG003vGRCh38_wm_50md_PBCCS_sniffles_0_86735	0.92.0.3
HG004vGRCh38_wm_50md_PBCCS_sniffles_0_84912	0.92.0.4
HG002vGRCh38_wm_50md_PBCCS_sniffles_0_88756	0.92.0.4
HG002vGRCh38_wm_50md_PBCCS_sniffles_0_88758	0.92.0.4
HG004vGRCh38_wm_50md_PBCCS_sniffles_0_84909	0.92.0.4
HG004vGRCh38_wm_50md_PBCCS_sniffles_0_84910	0.92.0.4
HG003vGRCh38_wm_50md_PBCCS_sniffles_0_86745	0.92.0.5
HG004vGRCh38_wm_50md_PBCCS_sniffles_0_84927	0.92.0.5
HG002vGRCh38_wm_50md_PBCCS_sniffles_0_88772	0.92.0.5
HG003vGRCh38_wm_50md_PBCCS_sniffles_0_86747	0.93.0.0
HG002vGRCh38_wm_50md_PBCCS_sniffles_0_88784	0.97.0.0
HG003vGRCh38_wm_50md_PBCCS_sniffles_0_86760	0.97.0.0
HG004vGRCh38_wm_50md_PBCCS_sniffles_0_84937	0.97.0.0
