HG003vGRCh38_wm_50md_PBCCS_sniffles_0_84340	0.0.0.0
HG002vGRCh38_wm_50md_PBCCS_sniffles_0_86229	0.1.0.0
HG003vGRCh38_wm_50md_PBCCS_sniffles_0_84345	0.1.0.1
HG002vGRCh38_wm_50md_PBCCS_sniffles_0_86230	0.1.0.1
HG002vGRCh38_wm_50md_PBCCS_sniffles_0_86236	0.10.0.0
HG003vGRCh38_wm_50md_PBCCS_sniffles_0_84354	0.10.0.0
HG004vGRCh38_wm_50md_PBCCS_sniffles_0_82456	0.10.0.0
HG004vGRCh38_wm_50md_PBCCS_sniffles_0_84179	0.100.0.0
HG004vGRCh38_wm_50md_PBCCS_sniffles_0_84181	0.102.0.0
HG004vGRCh38_wm_50md_PBCCS_sniffles_0_84186	0.104.0.0
HG002vGRCh38_wm_50md_PBCCS_sniffles_0_88068	0.105.0.0
HG004vGRCh38_wm_50md_PBCCS_sniffles_0_84191	0.106.0.0.0
HG002vGRCh38_wm_50md_PBCCS_sniffles_0_88069	0.106.1.0.0
HG003vGRCh38_wm_50md_PBCCS_sniffles_0_86087	0.106.1.0.0
HG003vGRCh38_wm_50md_PBCCS_sniffles_0_86089	0.107.0.0
HG002vGRCh38_wm_50md_PBCCS_sniffles_0_88075	0.108.0.0
HG004vGRCh38_wm_50md_PBCCS_sniffles_0_84193	0.108.0.0
HG002vGRCh38_wm_50md_PBCCS_sniffles_0_88080	0.109.0.0
HG004vGRCh38_wm_50md_PBCCS_sniffles_0_82457	0.11.0.0
HG002vGRCh38_wm_50md_PBCCS_sniffles_0_86237	0.11.0.0
HG002vGRCh38_wm_50md_PBCCS_sniffles_0_88082	0.111.0.0
HG002vGRCh38_wm_50md_PBCCS_sniffles_0_88086	0.113.0.0
HG004vGRCh38_wm_50md_PBCCS_sniffles_0_84210	0.115.0.0
HG002vGRCh38_wm_50md_PBCCS_sniffles_0_88095	0.116.0.0
HG004vGRCh38_wm_50md_PBCCS_sniffles_0_84211	0.117.0.0
HG003vGRCh38_wm_50md_PBCCS_sniffles_0_86106	0.118.0.0
HG002vGRCh38_wm_50md_PBCCS_sniffles_0_88096	0.119.0.0
HG004vGRCh38_wm_50md_PBCCS_sniffles_0_84212	0.119.0.0
HG003vGRCh38_wm_50md_PBCCS_sniffles_0_84355	0.12.0.0
HG002vGRCh38_wm_50md_PBCCS_sniffles_0_88098	0.121.0.0
HG004vGRCh38_wm_50md_PBCCS_sniffles_0_84214	0.122.0.0
HG003vGRCh38_wm_50md_PBCCS_sniffles_0_86108	0.122.0.0
HG002vGRCh38_wm_50md_PBCCS_sniffles_0_88099	0.122.0.1
HG003vGRCh38_wm_50md_PBCCS_sniffles_0_86113	0.125.0.0
HG003vGRCh38_wm_50md_PBCCS_sniffles_0_86114	0.126.0.0
HG002vGRCh38_wm_50md_PBCCS_sniffles_0_88104	0.127.0.0
HG002vGRCh38_wm_50md_PBCCS_sniffles_0_88105	0.128.0.0
HG003vGRCh38_wm_50md_PBCCS_sniffles_0_86117	0.129.0.0
HG004vGRCh38_wm_50md_PBCCS_sniffles_0_82458	0.13.0.0
HG002vGRCh38_wm_50md_PBCCS_sniffles_0_86238	0.13.0.1
HG004vGRCh38_wm_50md_PBCCS_sniffles_0_84222	0.130.0.0
HG002vGRCh38_wm_50md_PBCCS_sniffles_0_88106	0.131.0.0
HG003vGRCh38_wm_50md_PBCCS_sniffles_0_86118	0.131.0.0
HG004vGRCh38_wm_50md_PBCCS_sniffles_0_84223	0.131.0.0
HG003vGRCh38_wm_50md_PBCCS_sniffles_0_86119	0.132.0.0
HG003vGRCh38_wm_50md_PBCCS_sniffles_0_86127	0.135.0.0
HG002vGRCh38_wm_50md_PBCCS_sniffles_0_88113	0.138.0.0
HG004vGRCh38_wm_50md_PBCCS_sniffles_0_84229	0.138.0.0
HG004vGRCh38_wm_50md_PBCCS_sniffles_0_82460	0.14.0.0
HG004vGRCh38_wm_50md_PBCCS_sniffles_0_84241	0.141.0.0
HG002vGRCh38_wm_50md_PBCCS_sniffles_0_88123	0.142.0.0
HG003vGRCh38_wm_50md_PBCCS_sniffles_0_86140	0.142.0.0
HG004vGRCh38_wm_50md_PBCCS_sniffles_0_84242	0.142.0.0
HG003vGRCh38_wm_50md_PBCCS_sniffles_0_86142	0.144.0.0
HG003vGRCh38_wm_50md_PBCCS_sniffles_0_86144	0.145.0.0
HG002vGRCh38_wm_50md_PBCCS_sniffles_0_88126	0.145.0.0
HG003vGRCh38_wm_50md_PBCCS_sniffles_0_86152	0.147.0.0
HG002vGRCh38_wm_50md_PBCCS_sniffles_0_88133	0.148.1.0.0
HG002vGRCh38_wm_50md_PBCCS_sniffles_0_88143	0.149.0.0
HG002vGRCh38_wm_50md_PBCCS_sniffles_0_86239	0.15.0.0
HG002vGRCh38_wm_50md_PBCCS_sniffles_0_88150	0.151.0.0
HG003vGRCh38_wm_50md_PBCCS_sniffles_0_86167	0.153.0.0
HG003vGRCh38_wm_50md_PBCCS_sniffles_0_86169	0.154.0.0
HG003vGRCh38_wm_50md_PBCCS_sniffles_0_86177	0.158.0.0
HG004vGRCh38_wm_50md_PBCCS_sniffles_0_82461	0.16.0.0
HG002vGRCh38_wm_50md_PBCCS_sniffles_0_86240	0.16.0.0
HG002vGRCh38_wm_50md_PBCCS_sniffles_0_88172	0.160.0.0
HG002vGRCh38_wm_50md_PBCCS_sniffles_0_88173	0.161.0.0
HG004vGRCh38_wm_50md_PBCCS_sniffles_0_84281	0.163.0.0
HG004vGRCh38_wm_50md_PBCCS_sniffles_0_84286	0.164.0.0
HG002vGRCh38_wm_50md_PBCCS_sniffles_0_88178	0.165.0.0
HG003vGRCh38_wm_50md_PBCCS_sniffles_0_86183	0.165.0.0
HG002vGRCh38_wm_50md_PBCCS_sniffles_0_86241	0.17.0.0
HG003vGRCh38_wm_50md_PBCCS_sniffles_0_86207	0.171.0.0
HG004vGRCh38_wm_50md_PBCCS_sniffles_0_84318	0.174.0.0
HG003vGRCh38_wm_50md_PBCCS_sniffles_0_86224	0.174.0.0
HG003vGRCh38_wm_50md_PBCCS_sniffles_0_86229	0.175.0.0
HG004vGRCh38_wm_50md_PBCCS_sniffles_0_84323	0.176.0.0
HG003vGRCh38_wm_50md_PBCCS_sniffles_0_86230	0.176.0.0
HG002vGRCh38_wm_50md_PBCCS_sniffles_0_88216	0.177.0.0
HG003vGRCh38_wm_50md_PBCCS_sniffles_0_86233	0.178.0.0
HG002vGRCh38_wm_50md_PBCCS_sniffles_0_88224	0.181.0.0
HG002vGRCh38_wm_50md_PBCCS_sniffles_0_88225	0.182.0.0
HG004vGRCh38_wm_50md_PBCCS_sniffles_0_84337	0.183.0.0
HG003vGRCh38_wm_50md_PBCCS_sniffles_0_86246	0.185.0.0
HG002vGRCh38_wm_50md_PBCCS_sniffles_0_88230	0.185.0.1
HG002vGRCh38_wm_50md_PBCCS_sniffles_0_88236	0.187.0.0
HG002vGRCh38_wm_50md_PBCCS_sniffles_0_86243	0.19.0.0
HG002vGRCh38_wm_50md_PBCCS_sniffles_0_88242	0.190.0.0
HG003vGRCh38_wm_50md_PBCCS_sniffles_0_86260	0.190.0.0
HG004vGRCh38_wm_50md_PBCCS_sniffles_0_84355	0.190.0.0
HG002vGRCh38_wm_50md_PBCCS_sniffles_0_88244	0.191.0.0
HG003vGRCh38_wm_50md_PBCCS_sniffles_0_86266	0.194.0.0
HG002vGRCh38_wm_50md_PBCCS_sniffles_0_88257	0.199.0.0
HG003vGRCh38_wm_50md_PBCCS_sniffles_0_86273	0.199.0.0
HG003vGRCh38_wm_50md_PBCCS_sniffles_0_84346	0.2.0.0
HG002vGRCh38_wm_50md_PBCCS_sniffles_0_86244	0.20.0.0
HG004vGRCh38_wm_50md_PBCCS_sniffles_0_84395	0.206.0.0
HG002vGRCh38_wm_50md_PBCCS_sniffles_0_88300	0.208.0.0
HG002vGRCh38_wm_50md_PBCCS_sniffles_0_88301	0.209.0.0
HG003vGRCh38_wm_50md_PBCCS_sniffles_0_86306	0.209.0.0
HG004vGRCh38_wm_50md_PBCCS_sniffles_0_82465	0.21.0.0
HG002vGRCh38_wm_50md_PBCCS_sniffles_0_88304	0.211.0.0
HG004vGRCh38_wm_50md_PBCCS_sniffles_0_84406	0.211.0.1
HG002vGRCh38_wm_50md_PBCCS_sniffles_0_88315	0.212.0.0
HG004vGRCh38_wm_50md_PBCCS_sniffles_0_84419	0.212.0.0
HG002vGRCh38_wm_50md_PBCCS_sniffles_0_88336	0.214.0.0
HG003vGRCh38_wm_50md_PBCCS_sniffles_0_86335	0.214.0.0
HG004vGRCh38_wm_50md_PBCCS_sniffles_0_84439	0.214.0.0
HG002vGRCh38_wm_50md_PBCCS_sniffles_0_88344	0.216.0.0
HG002vGRCh38_wm_50md_PBCCS_sniffles_0_88345	0.217.0.0
HG003vGRCh38_wm_50md_PBCCS_sniffles_0_86345	0.218.0.0
HG002vGRCh38_wm_50md_PBCCS_sniffles_0_88346	0.218.0.0
HG004vGRCh38_wm_50md_PBCCS_sniffles_0_84448	0.218.0.0
HG004vGRCh38_wm_50md_PBCCS_sniffles_0_82466	0.22.0.0
HG003vGRCh38_wm_50md_PBCCS_sniffles_0_86349	0.220.0.0
HG004vGRCh38_wm_50md_PBCCS_sniffles_0_84454	0.220.0.0
HG003vGRCh38_wm_50md_PBCCS_sniffles_0_86350	0.222.0.0
HG003vGRCh38_wm_50md_PBCCS_sniffles_0_86351	0.223.0.0
HG003vGRCh38_wm_50md_PBCCS_sniffles_0_86352	0.224.0.0
HG003vGRCh38_wm_50md_PBCCS_sniffles_0_86363	0.229.0.0
HG003vGRCh38_wm_50md_PBCCS_sniffles_0_84360	0.23.0.0
HG002vGRCh38_wm_50md_PBCCS_sniffles_0_88356	0.230.0.0
HG003vGRCh38_wm_50md_PBCCS_sniffles_0_86371	0.231.0.0
HG003vGRCh38_wm_50md_PBCCS_sniffles_0_86373	0.232.0.0
HG003vGRCh38_wm_50md_PBCCS_sniffles_0_86374	0.233.0.0
HG002vGRCh38_wm_50md_PBCCS_sniffles_0_86245	0.24.0.0
HG002vGRCh38_wm_50md_PBCCS_sniffles_0_86247	0.26.0.0
HG003vGRCh38_wm_50md_PBCCS_sniffles_0_84362	0.26.0.0
HG002vGRCh38_wm_50md_PBCCS_sniffles_0_86248	0.27.0.0
HG003vGRCh38_wm_50md_PBCCS_sniffles_0_84363	0.27.0.0
HG004vGRCh38_wm_50md_PBCCS_sniffles_0_82467	0.27.0.0
HG002vGRCh38_wm_50md_PBCCS_sniffles_0_86250	0.28.0.0
HG004vGRCh38_wm_50md_PBCCS_sniffles_0_82469	0.29.0.0
HG002vGRCh38_wm_50md_PBCCS_sniffles_0_86231	0.3.0.0
HG004vGRCh38_wm_50md_PBCCS_sniffles_0_82470	0.30.0.0
HG002vGRCh38_wm_50md_PBCCS_sniffles_0_86252	0.32.0.0
HG003vGRCh38_wm_50md_PBCCS_sniffles_0_84366	0.32.0.0
HG004vGRCh38_wm_50md_PBCCS_sniffles_0_82477	0.35.0.0
HG003vGRCh38_wm_50md_PBCCS_sniffles_0_84709	0.37.0.101.0.0
HG003vGRCh38_wm_50md_PBCCS_sniffles_0_84710	0.37.0.102.0.0
HG004vGRCh38_wm_50md_PBCCS_sniffles_0_82900	0.37.0.103.0.0
HG002vGRCh38_wm_50md_PBCCS_sniffles_0_86697	0.37.0.103.0.0
HG004vGRCh38_wm_50md_PBCCS_sniffles_0_82901	0.37.0.104.0.0
HG003vGRCh38_wm_50md_PBCCS_sniffles_0_84711	0.37.0.105.0.0
HG002vGRCh38_wm_50md_PBCCS_sniffles_0_86702	0.37.0.107.0.0
HG003vGRCh38_wm_50md_PBCCS_sniffles_0_84719	0.37.0.107.0.0
HG003vGRCh38_wm_50md_PBCCS_sniffles_0_84720	0.37.0.108.0.0
HG002vGRCh38_wm_50md_PBCCS_sniffles_0_86703	0.37.0.109.0.0
HG002vGRCh38_wm_50md_PBCCS_sniffles_0_86704	0.37.0.110.0.0
HG002vGRCh38_wm_50md_PBCCS_sniffles_0_86705	0.37.0.111.0.0
HG003vGRCh38_wm_50md_PBCCS_sniffles_0_84721	0.37.0.111.0.0
HG003vGRCh38_wm_50md_PBCCS_sniffles_0_84724	0.37.0.113.0.0
HG003vGRCh38_wm_50md_PBCCS_sniffles_0_84725	0.37.0.114.0.0
HG002vGRCh38_wm_50md_PBCCS_sniffles_0_86714	0.37.0.117.0.0
HG003vGRCh38_wm_50md_PBCCS_sniffles_0_84735	0.37.0.117.0.0
HG004vGRCh38_wm_50md_PBCCS_sniffles_0_82919	0.37.0.118.0.0.0
HG004vGRCh38_wm_50md_PBCCS_sniffles_0_82920	0.37.0.118.1.0.0
HG004vGRCh38_wm_50md_PBCCS_sniffles_0_82921	0.37.0.118.1.0.0
HG004vGRCh38_wm_50md_PBCCS_sniffles_0_82922	0.37.0.119.0.0
HG003vGRCh38_wm_50md_PBCCS_sniffles_0_84738	0.37.0.120.0.0
HG004vGRCh38_wm_50md_PBCCS_sniffles_0_82923	0.37.0.120.0.0
HG003vGRCh38_wm_50md_PBCCS_sniffles_0_84740	0.37.0.121.0.0
HG003vGRCh38_wm_50md_PBCCS_sniffles_0_84748	0.37.0.123.0.0
HG004vGRCh38_wm_50md_PBCCS_sniffles_0_82933	0.37.0.123.0.0
HG002vGRCh38_wm_50md_PBCCS_sniffles_0_86725	0.37.0.123.0.0
HG003vGRCh38_wm_50md_PBCCS_sniffles_0_84750	0.37.0.125.0.0
HG004vGRCh38_wm_50md_PBCCS_sniffles_0_82949	0.37.0.131.0.0
HG003vGRCh38_wm_50md_PBCCS_sniffles_0_84758	0.37.0.132.0.0
HG002vGRCh38_wm_50md_PBCCS_sniffles_0_86738	0.37.0.133.0.0
HG004vGRCh38_wm_50md_PBCCS_sniffles_0_82950	0.37.0.134.0.0
HG004vGRCh38_wm_50md_PBCCS_sniffles_0_82961	0.37.0.138.0.0
HG002vGRCh38_wm_50md_PBCCS_sniffles_0_86746	0.37.0.138.0.1
HG002vGRCh38_wm_50md_PBCCS_sniffles_0_86751	0.37.0.139.0.0
HG002vGRCh38_wm_50md_PBCCS_sniffles_0_86318	0.37.0.14.0.0.0
HG004vGRCh38_wm_50md_PBCCS_sniffles_0_82528	0.37.0.14.0.0.0
HG002vGRCh38_wm_50md_PBCCS_sniffles_0_86317	0.37.0.14.1.0.0
HG003vGRCh38_wm_50md_PBCCS_sniffles_0_84425	0.37.0.14.1.0.0
HG004vGRCh38_wm_50md_PBCCS_sniffles_0_82527	0.37.0.14.1.0.0
HG002vGRCh38_wm_50md_PBCCS_sniffles_0_86752	0.37.0.140.0.0
HG002vGRCh38_wm_50md_PBCCS_sniffles_0_86754	0.37.0.141.0.0
HG003vGRCh38_wm_50md_PBCCS_sniffles_0_84776	0.37.0.141.0.0
HG004vGRCh38_wm_50md_PBCCS_sniffles_0_82967	0.37.0.142.0.0
HG002vGRCh38_wm_50md_PBCCS_sniffles_0_86757	0.37.0.144.0.0
HG002vGRCh38_wm_50md_PBCCS_sniffles_0_86758	0.37.0.145.0.0
HG003vGRCh38_wm_50md_PBCCS_sniffles_0_84779	0.37.0.145.0.0
HG002vGRCh38_wm_50md_PBCCS_sniffles_0_86762	0.37.0.147.0.0
HG004vGRCh38_wm_50md_PBCCS_sniffles_0_82971	0.37.0.148.0.0
HG004vGRCh38_wm_50md_PBCCS_sniffles_0_82974	0.37.0.149.0.0
HG002vGRCh38_wm_50md_PBCCS_sniffles_0_86319	0.37.0.15.0.0
HG002vGRCh38_wm_50md_PBCCS_sniffles_0_86763	0.37.0.150.0.0
HG003vGRCh38_wm_50md_PBCCS_sniffles_0_84783	0.37.0.151.0.0
HG002vGRCh38_wm_50md_PBCCS_sniffles_0_86764	0.37.0.152.0.0
HG004vGRCh38_wm_50md_PBCCS_sniffles_0_82976	0.37.0.153.0.0
HG003vGRCh38_wm_50md_PBCCS_sniffles_0_84784	0.37.0.154.0.0
HG004vGRCh38_wm_50md_PBCCS_sniffles_0_82977	0.37.0.154.0.0
HG002vGRCh38_wm_50md_PBCCS_sniffles_0_86766	0.37.0.155.0.0
HG004vGRCh38_wm_50md_PBCCS_sniffles_0_82979	0.37.0.157.0.0
HG002vGRCh38_wm_50md_PBCCS_sniffles_0_86769	0.37.0.158.0.0
HG002vGRCh38_wm_50md_PBCCS_sniffles_0_86770	0.37.0.159.0.0
HG003vGRCh38_wm_50md_PBCCS_sniffles_0_84788	0.37.0.159.0.0
HG004vGRCh38_wm_50md_PBCCS_sniffles_0_82980	0.37.0.159.0.0
HG003vGRCh38_wm_50md_PBCCS_sniffles_0_84790	0.37.0.160.0.0
HG002vGRCh38_wm_50md_PBCCS_sniffles_0_86772	0.37.0.161.0.0
HG002vGRCh38_wm_50md_PBCCS_sniffles_0_86773	0.37.0.162.0.0
HG003vGRCh38_wm_50md_PBCCS_sniffles_0_84791	0.37.0.162.0.0
HG002vGRCh38_wm_50md_PBCCS_sniffles_0_86775	0.37.0.163.0.0
HG003vGRCh38_wm_50md_PBCCS_sniffles_0_84793	0.37.0.163.0.1
HG004vGRCh38_wm_50md_PBCCS_sniffles_0_82982	0.37.0.164.0.0
HG004vGRCh38_wm_50md_PBCCS_sniffles_0_82983	0.37.0.165.0.0
HG003vGRCh38_wm_50md_PBCCS_sniffles_0_84795	0.37.0.165.0.0
HG002vGRCh38_wm_50md_PBCCS_sniffles_0_86776	0.37.0.166.0.0
HG002vGRCh38_wm_50md_PBCCS_sniffles_0_86779	0.37.0.167.0.0
HG003vGRCh38_wm_50md_PBCCS_sniffles_0_84800	0.37.0.167.0.0
HG004vGRCh38_wm_50md_PBCCS_sniffles_0_82989	0.37.0.167.0.0
HG002vGRCh38_wm_50md_PBCCS_sniffles_0_86780	0.37.0.168.0.0
HG003vGRCh38_wm_50md_PBCCS_sniffles_0_84801	0.37.0.168.0.0
HG004vGRCh38_wm_50md_PBCCS_sniffles_0_82990	0.37.0.168.0.0
HG002vGRCh38_wm_50md_PBCCS_sniffles_0_86781	0.37.0.169.0.0
HG002vGRCh38_wm_50md_PBCCS_sniffles_0_86783	0.37.0.170.0.0
HG003vGRCh38_wm_50md_PBCCS_sniffles_0_84802	0.37.0.170.0.0
HG004vGRCh38_wm_50md_PBCCS_sniffles_0_82991	0.37.0.170.0.0
HG003vGRCh38_wm_50md_PBCCS_sniffles_0_84805	0.37.0.171.0.0
HG004vGRCh38_wm_50md_PBCCS_sniffles_0_82993	0.37.0.171.0.0
HG002vGRCh38_wm_50md_PBCCS_sniffles_0_86785	0.37.0.174.1.0.0
HG003vGRCh38_wm_50md_PBCCS_sniffles_0_84808	0.37.0.174.1.0.0
HG003vGRCh38_wm_50md_PBCCS_sniffles_0_84809	0.37.0.174.2.0.0
HG003vGRCh38_wm_50md_PBCCS_sniffles_0_84819	0.37.0.175.0.0
HG003vGRCh38_wm_50md_PBCCS_sniffles_0_84820	0.37.0.176.0.0
HG003vGRCh38_wm_50md_PBCCS_sniffles_0_84826	0.37.0.177.0.0
HG003vGRCh38_wm_50md_PBCCS_sniffles_0_84840	0.37.0.178.0.0
HG004vGRCh38_wm_50md_PBCCS_sniffles_0_83008	0.37.0.179.1.0.0
HG003vGRCh38_wm_50md_PBCCS_sniffles_0_84843	0.37.0.179.1.0.0
HG002vGRCh38_wm_50md_PBCCS_sniffles_0_86814	0.37.0.180.0.0
HG003vGRCh38_wm_50md_PBCCS_sniffles_0_84849	0.37.0.180.0.0
HG002vGRCh38_wm_50md_PBCCS_sniffles_0_86816	0.37.0.182.0.0
HG003vGRCh38_wm_50md_PBCCS_sniffles_0_84850	0.37.0.182.0.0
HG004vGRCh38_wm_50md_PBCCS_sniffles_0_83015	0.37.0.182.0.0
HG002vGRCh38_wm_50md_PBCCS_sniffles_0_86838	0.37.0.184.0.0.0.0
HG002vGRCh38_wm_50md_PBCCS_sniffles_0_86826	0.37.0.184.1.0.0.0
HG003vGRCh38_wm_50md_PBCCS_sniffles_0_84861	0.37.0.184.1.0.0.0
HG004vGRCh38_wm_50md_PBCCS_sniffles_0_83028	0.37.0.184.1.0.0.0
HG004vGRCh38_wm_50md_PBCCS_sniffles_0_83029	0.37.0.184.1.1.0.0
HG003vGRCh38_wm_50md_PBCCS_sniffles_0_84862	0.37.0.184.1.1.0.1
HG002vGRCh38_wm_50md_PBCCS_sniffles_0_86833	0.37.0.184.1.3.0.0
HG002vGRCh38_wm_50md_PBCCS_sniffles_0_86835	0.37.0.184.2.0.0
HG004vGRCh38_wm_50md_PBCCS_sniffles_0_83035	0.37.0.184.2.0.0
HG003vGRCh38_wm_50md_PBCCS_sniffles_0_84871	0.37.0.184.2.0.0
HG003vGRCh38_wm_50md_PBCCS_sniffles_0_84854	0.37.0.184.3.0.0
HG004vGRCh38_wm_50md_PBCCS_sniffles_0_83027	0.37.0.184.3.0.0
HG003vGRCh38_wm_50md_PBCCS_sniffles_0_84864	0.37.0.184.3.0.1
HG002vGRCh38_wm_50md_PBCCS_sniffles_0_86829	0.37.0.184.3.0.1
HG003vGRCh38_wm_50md_PBCCS_sniffles_0_84866	0.37.0.184.3.0.1
HG004vGRCh38_wm_50md_PBCCS_sniffles_0_83031	0.37.0.184.3.0.1
HG003vGRCh38_wm_50md_PBCCS_sniffles_0_84867	0.37.0.184.3.0.1
HG002vGRCh38_wm_50md_PBCCS_sniffles_0_86831	0.37.0.184.3.0.1
HG003vGRCh38_wm_50md_PBCCS_sniffles_0_84869	0.37.0.184.3.0.1
HG002vGRCh38_wm_50md_PBCCS_sniffles_0_86832	0.37.0.184.3.0.1
HG003vGRCh38_wm_50md_PBCCS_sniffles_0_84868	0.37.0.184.3.0.2
HG003vGRCh38_wm_50md_PBCCS_sniffles_0_84872	0.37.0.184.3.0.3
HG004vGRCh38_wm_50md_PBCCS_sniffles_0_83036	0.37.0.184.3.0.3
HG003vGRCh38_wm_50md_PBCCS_sniffles_0_84878	0.37.0.185.0.0.0.0.0
HG002vGRCh38_wm_50md_PBCCS_sniffles_0_86840	0.37.0.185.0.0.0.0.0
HG004vGRCh38_wm_50md_PBCCS_sniffles_0_83041	0.37.0.185.0.0.1.0.0
HG003vGRCh38_wm_50md_PBCCS_sniffles_0_84877	0.37.0.185.0.0.1.0.0
HG002vGRCh38_wm_50md_PBCCS_sniffles_0_86842	0.37.0.185.0.1.0.0
HG002vGRCh38_wm_50md_PBCCS_sniffles_0_86843	0.37.0.185.0.2.0.0
HG004vGRCh38_wm_50md_PBCCS_sniffles_0_83042	0.37.0.185.0.3.0.0
HG003vGRCh38_wm_50md_PBCCS_sniffles_0_84879	0.37.0.185.0.3.0.1
HG002vGRCh38_wm_50md_PBCCS_sniffles_0_86844	0.37.0.185.0.3.0.2
HG002vGRCh38_wm_50md_PBCCS_sniffles_0_86846	0.37.0.185.0.4.0.0
HG002vGRCh38_wm_50md_PBCCS_sniffles_0_86847	0.37.0.185.0.5.0.0
HG002vGRCh38_wm_50md_PBCCS_sniffles_0_86848	0.37.0.185.0.6.0.0
HG003vGRCh38_wm_50md_PBCCS_sniffles_0_84881	0.37.0.185.0.7.0.0
HG003vGRCh38_wm_50md_PBCCS_sniffles_0_84882	0.37.0.185.0.8.0.0
HG002vGRCh38_wm_50md_PBCCS_sniffles_0_86849	0.37.0.185.0.9.0.0
HG004vGRCh38_wm_50md_PBCCS_sniffles_0_83046	0.37.0.185.1.0.0
HG004vGRCh38_wm_50md_PBCCS_sniffles_0_83040	0.37.0.185.2.0.0
HG003vGRCh38_wm_50md_PBCCS_sniffles_0_84888	0.37.0.186.0.0.0
HG004vGRCh38_wm_50md_PBCCS_sniffles_0_83051	0.37.0.186.0.0.1
HG002vGRCh38_wm_50md_PBCCS_sniffles_0_86855	0.37.0.186.1.0.0
HG004vGRCh38_wm_50md_PBCCS_sniffles_0_83052	0.37.0.186.1.0.0
HG002vGRCh38_wm_50md_PBCCS_sniffles_0_86856	0.37.0.187.0.0
HG003vGRCh38_wm_50md_PBCCS_sniffles_0_84890	0.37.0.188.0.0
HG004vGRCh38_wm_50md_PBCCS_sniffles_0_83053	0.37.0.188.0.0
HG003vGRCh38_wm_50md_PBCCS_sniffles_0_84435	0.37.0.19.1.0.0
HG002vGRCh38_wm_50md_PBCCS_sniffles_0_86868	0.37.0.190.0.0.0.0
HG003vGRCh38_wm_50md_PBCCS_sniffles_0_84904	0.37.0.190.0.1.0.0
HG003vGRCh38_wm_50md_PBCCS_sniffles_0_84902	0.37.0.190.1.0.0.0
HG003vGRCh38_wm_50md_PBCCS_sniffles_0_84903	0.37.0.190.1.1.0.0
HG003vGRCh38_wm_50md_PBCCS_sniffles_0_84905	0.37.0.190.2.0.0
HG002vGRCh38_wm_50md_PBCCS_sniffles_0_86867	0.37.0.190.3.0.0
HG003vGRCh38_wm_50md_PBCCS_sniffles_0_84914	0.37.0.192.0.0.0
HG002vGRCh38_wm_50md_PBCCS_sniffles_0_86873	0.37.0.192.1.0.0
HG004vGRCh38_wm_50md_PBCCS_sniffles_0_83062	0.37.0.192.1.0.0
HG003vGRCh38_wm_50md_PBCCS_sniffles_0_84911	0.37.0.192.1.0.0
HG002vGRCh38_wm_50md_PBCCS_sniffles_0_86874	0.37.0.192.1.0.0
HG003vGRCh38_wm_50md_PBCCS_sniffles_0_84912	0.37.0.192.1.0.0
HG004vGRCh38_wm_50md_PBCCS_sniffles_0_83063	0.37.0.192.1.0.0
HG002vGRCh38_wm_50md_PBCCS_sniffles_0_86876	0.37.0.193.0.0
HG003vGRCh38_wm_50md_PBCCS_sniffles_0_84915	0.37.0.193.0.0
HG004vGRCh38_wm_50md_PBCCS_sniffles_0_83064	0.37.0.193.0.0
HG004vGRCh38_wm_50md_PBCCS_sniffles_0_83065	0.37.0.194.0.0
HG002vGRCh38_wm_50md_PBCCS_sniffles_0_86878	0.37.0.195.1.0.0
HG003vGRCh38_wm_50md_PBCCS_sniffles_0_84917	0.37.0.195.1.0.0
HG002vGRCh38_wm_50md_PBCCS_sniffles_0_86879	0.37.0.195.1.0.1
HG003vGRCh38_wm_50md_PBCCS_sniffles_0_84918	0.37.0.195.1.0.1
HG004vGRCh38_wm_50md_PBCCS_sniffles_0_83067	0.37.0.195.1.0.1
HG002vGRCh38_wm_50md_PBCCS_sniffles_0_40977	0.37.0.195.1.0.1
HG003vGRCh38_wm_50md_PBCCS_sniffles_0_39410	0.37.0.195.1.0.1
HG004vGRCh38_wm_50md_PBCCS_sniffles_0_39374	0.37.0.195.1.0.1
HG002vGRCh38_wm_50md_PBCCS_sniffles_0_86882	0.37.0.196.2.0.0
HG003vGRCh38_wm_50md_PBCCS_sniffles_0_84920	0.37.0.196.2.0.0
HG004vGRCh38_wm_50md_PBCCS_sniffles_0_83097	0.37.0.197.0.0.0.0
HG004vGRCh38_wm_50md_PBCCS_sniffles_0_83098	0.37.0.197.0.1.0.0
HG002vGRCh38_wm_50md_PBCCS_sniffles_0_86904	0.37.0.197.1.0.0
HG003vGRCh38_wm_50md_PBCCS_sniffles_0_84945	0.37.0.197.1.0.0
HG004vGRCh38_wm_50md_PBCCS_sniffles_0_83096	0.37.0.197.1.0.0
HG002vGRCh38_wm_50md_PBCCS_sniffles_0_86913	0.37.0.198.0.0
HG004vGRCh38_wm_50md_PBCCS_sniffles_0_83110	0.37.0.198.0.0
HG002vGRCh38_wm_50md_PBCCS_sniffles_0_86914	0.37.0.199.0.0
HG003vGRCh38_wm_50md_PBCCS_sniffles_0_84953	0.37.0.199.0.0
HG004vGRCh38_wm_50md_PBCCS_sniffles_0_83111	0.37.0.199.0.0
HG003vGRCh38_wm_50md_PBCCS_sniffles_0_84463	0.37.0.20.2.0.0
HG002vGRCh38_wm_50md_PBCCS_sniffles_0_86360	0.37.0.20.2.0.0
HG004vGRCh38_wm_50md_PBCCS_sniffles_0_82576	0.37.0.20.2.0.0
HG003vGRCh38_wm_50md_PBCCS_sniffles_0_84958	0.37.0.201.0.0
HG004vGRCh38_wm_50md_PBCCS_sniffles_0_83117	0.37.0.201.0.0
HG002vGRCh38_wm_50md_PBCCS_sniffles_0_86918	0.37.0.202.0.0
HG002vGRCh38_wm_50md_PBCCS_sniffles_0_86920	0.37.0.204.0.0
HG003vGRCh38_wm_50md_PBCCS_sniffles_0_84960	0.37.0.205.0.0
HG004vGRCh38_wm_50md_PBCCS_sniffles_0_83120	0.37.0.206.0.0
HG002vGRCh38_wm_50md_PBCCS_sniffles_0_86921	0.37.0.207.0.0
HG003vGRCh38_wm_50md_PBCCS_sniffles_0_84961	0.37.0.208.0.0
HG002vGRCh38_wm_50md_PBCCS_sniffles_0_86922	0.37.0.209.0.0
HG004vGRCh38_wm_50md_PBCCS_sniffles_0_83121	0.37.0.209.0.0
HG002vGRCh38_wm_50md_PBCCS_sniffles_0_87018	0.37.0.212.1.0.0
HG003vGRCh38_wm_50md_PBCCS_sniffles_0_85059	0.37.0.212.1.0.0
HG004vGRCh38_wm_50md_PBCCS_sniffles_0_83217	0.37.0.212.1.0.0
HG002vGRCh38_wm_50md_PBCCS_sniffles_0_87042	0.37.0.215.0.0
HG003vGRCh38_wm_50md_PBCCS_sniffles_0_85078	0.37.0.215.0.0
HG004vGRCh38_wm_50md_PBCCS_sniffles_0_83232	0.37.0.215.0.0
HG002vGRCh38_wm_50md_PBCCS_sniffles_0_87062	0.37.0.217.0.0
HG003vGRCh38_wm_50md_PBCCS_sniffles_0_85098	0.37.0.217.0.0
HG004vGRCh38_wm_50md_PBCCS_sniffles_0_83251	0.37.0.217.0.0
HG002vGRCh38_wm_50md_PBCCS_sniffles_0_86424	0.37.0.22.0.0
HG002vGRCh38_wm_50md_PBCCS_sniffles_0_87079	0.37.0.220.0.0
HG003vGRCh38_wm_50md_PBCCS_sniffles_0_85118	0.37.0.220.0.0
HG002vGRCh38_wm_50md_PBCCS_sniffles_0_87081	0.37.0.221.0.0
HG003vGRCh38_wm_50md_PBCCS_sniffles_0_85120	0.37.0.222.0.0
HG004vGRCh38_wm_50md_PBCCS_sniffles_0_83272	0.37.0.222.0.0
HG002vGRCh38_wm_50md_PBCCS_sniffles_0_87082	0.37.0.223.0.0
HG003vGRCh38_wm_50md_PBCCS_sniffles_0_85121	0.37.0.223.0.0
HG004vGRCh38_wm_50md_PBCCS_sniffles_0_83273	0.37.0.223.0.0
HG002vGRCh38_wm_50md_PBCCS_sniffles_0_87087	0.37.0.225.0.0
HG003vGRCh38_wm_50md_PBCCS_sniffles_0_85125	0.37.0.226.0.0
HG004vGRCh38_wm_50md_PBCCS_sniffles_0_83278	0.37.0.226.0.0
HG002vGRCh38_wm_50md_PBCCS_sniffles_0_87088	0.37.0.226.0.0
HG002vGRCh38_wm_50md_PBCCS_sniffles_0_87089	0.37.0.227.0.0
HG003vGRCh38_wm_50md_PBCCS_sniffles_0_85126	0.37.0.228.0.0
HG004vGRCh38_wm_50md_PBCCS_sniffles_0_83280	0.37.0.228.0.0
HG004vGRCh38_wm_50md_PBCCS_sniffles_0_83281	0.37.0.229.1.0.0
HG002vGRCh38_wm_50md_PBCCS_sniffles_0_86425	0.37.0.23.0.0
HG002vGRCh38_wm_50md_PBCCS_sniffles_0_87092	0.37.0.230.0.0
HG003vGRCh38_wm_50md_PBCCS_sniffles_0_85129	0.37.0.230.0.1
HG002vGRCh38_wm_50md_PBCCS_sniffles_0_87093	0.37.0.230.0.1
HG002vGRCh38_wm_50md_PBCCS_sniffles_0_87095	0.37.0.231.0.0
HG002vGRCh38_wm_50md_PBCCS_sniffles_0_87102	0.37.0.234.0.0
HG003vGRCh38_wm_50md_PBCCS_sniffles_0_85133	0.37.0.234.0.0
HG004vGRCh38_wm_50md_PBCCS_sniffles_0_83288	0.37.0.234.0.0
HG002vGRCh38_wm_50md_PBCCS_sniffles_0_87105	0.37.0.234.0.0
HG003vGRCh38_wm_50md_PBCCS_sniffles_0_85136	0.37.0.234.0.0
HG004vGRCh38_wm_50md_PBCCS_sniffles_0_83289	0.37.0.235.0.0
HG004vGRCh38_wm_50md_PBCCS_sniffles_0_83292	0.37.0.237.0.0
HG004vGRCh38_wm_50md_PBCCS_sniffles_0_83297	0.37.0.239.0.0
HG002vGRCh38_wm_50md_PBCCS_sniffles_0_86428	0.37.0.24.0.0
HG003vGRCh38_wm_50md_PBCCS_sniffles_0_85141	0.37.0.240.0.0
HG003vGRCh38_wm_50md_PBCCS_sniffles_0_85143	0.37.0.241.0.0
HG002vGRCh38_wm_50md_PBCCS_sniffles_0_87108	0.37.0.241.0.0
HG003vGRCh38_wm_50md_PBCCS_sniffles_0_85144	0.37.0.242.0.0
HG003vGRCh38_wm_50md_PBCCS_sniffles_0_85146	0.37.0.244.0.0
HG003vGRCh38_wm_50md_PBCCS_sniffles_0_85147	0.37.0.245.0.0
HG002vGRCh38_wm_50md_PBCCS_sniffles_0_87110	0.37.0.245.0.1
HG004vGRCh38_wm_50md_PBCCS_sniffles_0_83299	0.37.0.245.0.1
HG003vGRCh38_wm_50md_PBCCS_sniffles_0_85151	0.37.0.246.0.0
HG003vGRCh38_wm_50md_PBCCS_sniffles_0_85152	0.37.0.247.0.0
HG003vGRCh38_wm_50md_PBCCS_sniffles_0_85153	0.37.0.248.0.0
HG002vGRCh38_wm_50md_PBCCS_sniffles_0_87112	0.37.0.248.0.0
HG002vGRCh38_wm_50md_PBCCS_sniffles_0_87115	0.37.0.249.1.0.0
HG004vGRCh38_wm_50md_PBCCS_sniffles_0_83302	0.37.0.249.1.0.0
HG002vGRCh38_wm_50md_PBCCS_sniffles_0_87116	0.37.0.249.1.0.0
HG003vGRCh38_wm_50md_PBCCS_sniffles_0_84516	0.37.0.25.0.0.0.0
HG004vGRCh38_wm_50md_PBCCS_sniffles_0_82651	0.37.0.25.1.0.0
HG004vGRCh38_wm_50md_PBCCS_sniffles_0_83306	0.37.0.251.0.0
HG003vGRCh38_wm_50md_PBCCS_sniffles_0_85158	0.37.0.252.0.0
HG002vGRCh38_wm_50md_PBCCS_sniffles_0_87119	0.37.0.253.0.0
HG003vGRCh38_wm_50md_PBCCS_sniffles_0_85159	0.37.0.253.0.0
HG003vGRCh38_wm_50md_PBCCS_sniffles_0_85160	0.37.0.254.0.0
HG003vGRCh38_wm_50md_PBCCS_sniffles_0_85161	0.37.0.255.0.0
HG004vGRCh38_wm_50md_PBCCS_sniffles_0_83310	0.37.0.256.0.0
HG002vGRCh38_wm_50md_PBCCS_sniffles_0_87123	0.37.0.258.0.0
HG003vGRCh38_wm_50md_PBCCS_sniffles_0_85166	0.37.0.258.0.0
HG004vGRCh38_wm_50md_PBCCS_sniffles_0_83313	0.37.0.258.0.0
HG003vGRCh38_wm_50md_PBCCS_sniffles_0_85168	0.37.0.259.0.0
HG004vGRCh38_wm_50md_PBCCS_sniffles_0_82656	0.37.0.26.0.0.0
HG003vGRCh38_wm_50md_PBCCS_sniffles_0_84520	0.37.0.26.1.0.0
HG003vGRCh38_wm_50md_PBCCS_sniffles_0_84521	0.37.0.26.1.0.0
HG003vGRCh38_wm_50md_PBCCS_sniffles_0_84523	0.37.0.26.1.0.0
HG002vGRCh38_wm_50md_PBCCS_sniffles_0_87125	0.37.0.260.0.0
HG002vGRCh38_wm_50md_PBCCS_sniffles_0_87128	0.37.0.263.0.0
HG004vGRCh38_wm_50md_PBCCS_sniffles_0_83317	0.37.0.264.0.0
HG003vGRCh38_wm_50md_PBCCS_sniffles_0_85173	0.37.0.266.0.0
HG002vGRCh38_wm_50md_PBCCS_sniffles_0_87131	0.37.0.267.0.0
HG003vGRCh38_wm_50md_PBCCS_sniffles_0_85174	0.37.0.268.0.0
HG004vGRCh38_wm_50md_PBCCS_sniffles_0_83320	0.37.0.268.0.1
HG004vGRCh38_wm_50md_PBCCS_sniffles_0_83322	0.37.0.269.0.0
HG004vGRCh38_wm_50md_PBCCS_sniffles_0_82657	0.37.0.27.0.0
HG002vGRCh38_wm_50md_PBCCS_sniffles_0_87135	0.37.0.270.0.0
HG004vGRCh38_wm_50md_PBCCS_sniffles_0_83323	0.37.0.271.0.0
HG002vGRCh38_wm_50md_PBCCS_sniffles_0_87143	0.37.0.273.0.0
HG003vGRCh38_wm_50md_PBCCS_sniffles_0_85181	0.37.0.273.0.1
HG003vGRCh38_wm_50md_PBCCS_sniffles_0_85182	0.37.0.274.0.0
HG004vGRCh38_wm_50md_PBCCS_sniffles_0_83328	0.37.0.274.0.0
HG002vGRCh38_wm_50md_PBCCS_sniffles_0_87149	0.37.0.276.0.0
HG003vGRCh38_wm_50md_PBCCS_sniffles_0_85185	0.37.0.276.0.0
HG004vGRCh38_wm_50md_PBCCS_sniffles_0_83332	0.37.0.276.0.0
HG002vGRCh38_wm_50md_PBCCS_sniffles_0_87151	0.37.0.279.0.0
HG003vGRCh38_wm_50md_PBCCS_sniffles_0_84524	0.37.0.28.0.0
HG004vGRCh38_wm_50md_PBCCS_sniffles_0_83333	0.37.0.280.0.0
HG002vGRCh38_wm_50md_PBCCS_sniffles_0_87154	0.37.0.281.0.0
HG004vGRCh38_wm_50md_PBCCS_sniffles_0_83338	0.37.0.282.0.0
HG002vGRCh38_wm_50md_PBCCS_sniffles_0_87158	0.37.0.284.0.0
HG003vGRCh38_wm_50md_PBCCS_sniffles_0_85204	0.37.0.287.0.0
HG004vGRCh38_wm_50md_PBCCS_sniffles_0_83346	0.37.0.288.0.0
HG003vGRCh38_wm_50md_PBCCS_sniffles_0_85205	0.37.0.289.0.0
HG003vGRCh38_wm_50md_PBCCS_sniffles_0_84525	0.37.0.29.0.0
HG002vGRCh38_wm_50md_PBCCS_sniffles_0_87167	0.37.0.292.0.0
HG002vGRCh38_wm_50md_PBCCS_sniffles_0_87168	0.37.0.293.0.0
HG003vGRCh38_wm_50md_PBCCS_sniffles_0_85209	0.37.0.293.0.0
HG002vGRCh38_wm_50md_PBCCS_sniffles_0_87171	0.37.0.295.0.0
HG004vGRCh38_wm_50md_PBCCS_sniffles_0_83352	0.37.0.295.0.0
HG003vGRCh38_wm_50md_PBCCS_sniffles_0_85215	0.37.0.296.0.0
HG004vGRCh38_wm_50md_PBCCS_sniffles_0_83360	0.37.0.298.0.0
HG002vGRCh38_wm_50md_PBCCS_sniffles_0_86277	0.37.0.3.0.0
HG003vGRCh38_wm_50md_PBCCS_sniffles_0_84385	0.37.0.3.0.0
HG002vGRCh38_wm_50md_PBCCS_sniffles_0_86434	0.37.0.30.0.0
HG002vGRCh38_wm_50md_PBCCS_sniffles_0_87178	0.37.0.300.0.0
HG002vGRCh38_wm_50md_PBCCS_sniffles_0_87180	0.37.0.302.0.0
HG004vGRCh38_wm_50md_PBCCS_sniffles_0_83365	0.37.0.302.0.0
HG003vGRCh38_wm_50md_PBCCS_sniffles_0_85224	0.37.0.303.0.0
HG002vGRCh38_wm_50md_PBCCS_sniffles_0_87181	0.37.0.303.0.0
HG002vGRCh38_wm_50md_PBCCS_sniffles_0_87183	0.37.0.305.0.0
HG002vGRCh38_wm_50md_PBCCS_sniffles_0_87184	0.37.0.306.0.0
HG002vGRCh38_wm_50md_PBCCS_sniffles_0_87187	0.37.0.308.0.0
HG004vGRCh38_wm_50md_PBCCS_sniffles_0_83368	0.37.0.308.0.0
HG004vGRCh38_wm_50md_PBCCS_sniffles_0_83373	0.37.0.309.0.0
HG002vGRCh38_wm_50md_PBCCS_sniffles_0_87193	0.37.0.309.0.0
HG002vGRCh38_wm_50md_PBCCS_sniffles_0_87192	0.37.0.309.0.0
HG002vGRCh38_wm_50md_PBCCS_sniffles_0_86435	0.37.0.31.0.0
HG002vGRCh38_wm_50md_PBCCS_sniffles_0_87208	0.37.0.311.0.0
HG003vGRCh38_wm_50md_PBCCS_sniffles_0_85247	0.37.0.311.0.0
HG004vGRCh38_wm_50md_PBCCS_sniffles_0_83387	0.37.0.311.0.0
HG004vGRCh38_wm_50md_PBCCS_sniffles_0_83391	0.37.0.311.0.0
HG002vGRCh38_wm_50md_PBCCS_sniffles_0_87209	0.37.0.311.0.0
HG003vGRCh38_wm_50md_PBCCS_sniffles_0_85248	0.37.0.311.0.0
HG002vGRCh38_wm_50md_PBCCS_sniffles_0_87211	0.37.0.313.0.0
HG004vGRCh38_wm_50md_PBCCS_sniffles_0_83393	0.37.0.313.0.0
HG003vGRCh38_wm_50md_PBCCS_sniffles_0_85252	0.37.0.314.0.0
HG002vGRCh38_wm_50md_PBCCS_sniffles_0_87217	0.37.0.316.0.0
HG003vGRCh38_wm_50md_PBCCS_sniffles_0_85260	0.37.0.316.0.0
HG002vGRCh38_wm_50md_PBCCS_sniffles_0_87218	0.37.0.317.0.0
HG003vGRCh38_wm_50md_PBCCS_sniffles_0_85261	0.37.0.318.0.0
HG004vGRCh38_wm_50md_PBCCS_sniffles_0_83399	0.37.0.319.0.0
HG002vGRCh38_wm_50md_PBCCS_sniffles_0_87219	0.37.0.319.0.0
HG003vGRCh38_wm_50md_PBCCS_sniffles_0_85262	0.37.0.319.0.0
HG002vGRCh38_wm_50md_PBCCS_sniffles_0_86436	0.37.0.32.0.0
HG004vGRCh38_wm_50md_PBCCS_sniffles_0_83401	0.37.0.321.0.0
HG003vGRCh38_wm_50md_PBCCS_sniffles_0_85267	0.37.0.323.0.0
HG004vGRCh38_wm_50md_PBCCS_sniffles_0_83406	0.37.0.324.0.0
HG002vGRCh38_wm_50md_PBCCS_sniffles_0_87222	0.37.0.324.0.0
HG004vGRCh38_wm_50md_PBCCS_sniffles_0_83408	0.37.0.326.0.0
HG004vGRCh38_wm_50md_PBCCS_sniffles_0_83409	0.37.0.327.0.0
HG004vGRCh38_wm_50md_PBCCS_sniffles_0_83410	0.37.0.328.0.0
HG002vGRCh38_wm_50md_PBCCS_sniffles_0_87225	0.37.0.329.0.0
HG003vGRCh38_wm_50md_PBCCS_sniffles_0_85271	0.37.0.329.0.0
HG002vGRCh38_wm_50md_PBCCS_sniffles_0_86439	0.37.0.33.0.0.0.0
HG004vGRCh38_wm_50md_PBCCS_sniffles_0_82660	0.37.0.33.0.1.0.0
HG004vGRCh38_wm_50md_PBCCS_sniffles_0_82741	0.37.0.33.0.12.0.0
HG003vGRCh38_wm_50md_PBCCS_sniffles_0_84526	0.37.0.33.0.2.0.0
HG002vGRCh38_wm_50md_PBCCS_sniffles_0_86443	0.37.0.33.0.2.0.0
HG004vGRCh38_wm_50md_PBCCS_sniffles_0_82666	0.37.0.33.0.3.0.0
HG002vGRCh38_wm_50md_PBCCS_sniffles_0_86446	0.37.0.33.0.4.0.0
HG004vGRCh38_wm_50md_PBCCS_sniffles_0_82668	0.37.0.33.0.5.0.0
HG002vGRCh38_wm_50md_PBCCS_sniffles_0_86447	0.37.0.33.0.6.0.0
HG003vGRCh38_wm_50md_PBCCS_sniffles_0_84528	0.37.0.33.0.7.0.0
HG003vGRCh38_wm_50md_PBCCS_sniffles_0_84564	0.37.0.33.0.9.0.0
HG002vGRCh38_wm_50md_PBCCS_sniffles_0_86509	0.37.0.33.0.9.0.0
HG004vGRCh38_wm_50md_PBCCS_sniffles_0_82719	0.37.0.33.0.9.0.0
HG002vGRCh38_wm_50md_PBCCS_sniffles_0_86437	0.37.0.33.1.0.0
HG004vGRCh38_wm_50md_PBCCS_sniffles_0_82663	0.37.0.33.1.0.0
HG002vGRCh38_wm_50md_PBCCS_sniffles_0_86440	0.37.0.33.1.0.1
HG002vGRCh38_wm_50md_PBCCS_sniffles_0_86441	0.37.0.33.1.0.1
HG002vGRCh38_wm_50md_PBCCS_sniffles_0_86442	0.37.0.33.1.0.1
HG004vGRCh38_wm_50md_PBCCS_sniffles_0_82688	0.37.0.33.1.0.1
HG003vGRCh38_wm_50md_PBCCS_sniffles_0_84527	0.37.0.33.1.0.2
HG002vGRCh38_wm_50md_PBCCS_sniffles_0_86474	0.37.0.33.1.0.3
HG002vGRCh38_wm_50md_PBCCS_sniffles_0_86480	0.37.0.33.1.0.3
HG002vGRCh38_wm_50md_PBCCS_sniffles_0_86481	0.37.0.33.1.0.3
HG004vGRCh38_wm_50md_PBCCS_sniffles_0_82702	0.37.0.33.1.0.3
HG003vGRCh38_wm_50md_PBCCS_sniffles_0_84542	0.37.0.33.1.0.3
HG003vGRCh38_wm_50md_PBCCS_sniffles_0_84546	0.37.0.33.1.0.3
HG003vGRCh38_wm_50md_PBCCS_sniffles_0_84544	0.37.0.33.1.0.3
HG002vGRCh38_wm_50md_PBCCS_sniffles_0_86491	0.37.0.33.1.0.3
HG003vGRCh38_wm_50md_PBCCS_sniffles_0_84553	0.37.0.33.1.0.3
HG002vGRCh38_wm_50md_PBCCS_sniffles_0_86495	0.37.0.33.1.0.3
HG003vGRCh38_wm_50md_PBCCS_sniffles_0_84557	0.37.0.33.1.0.3
HG003vGRCh38_wm_50md_PBCCS_sniffles_0_84559	0.37.0.33.1.0.3
HG002vGRCh38_wm_50md_PBCCS_sniffles_0_86497	0.37.0.33.1.0.3
HG002vGRCh38_wm_50md_PBCCS_sniffles_0_86498	0.37.0.33.1.0.3
HG002vGRCh38_wm_50md_PBCCS_sniffles_0_86499	0.37.0.33.1.0.3
HG003vGRCh38_wm_50md_PBCCS_sniffles_0_84561	0.37.0.33.1.0.3
HG003vGRCh38_wm_50md_PBCCS_sniffles_0_84562	0.37.0.33.1.0.3
HG002vGRCh38_wm_50md_PBCCS_sniffles_0_86501	0.37.0.33.1.0.3
HG003vGRCh38_wm_50md_PBCCS_sniffles_0_84551	0.37.0.33.1.0.4
HG003vGRCh38_wm_50md_PBCCS_sniffles_0_84554	0.37.0.33.1.0.4
HG002vGRCh38_wm_50md_PBCCS_sniffles_0_86494	0.37.0.33.1.0.4
HG002vGRCh38_wm_50md_PBCCS_sniffles_0_86507	0.37.0.33.1.0.5
HG002vGRCh38_wm_50md_PBCCS_sniffles_0_86508	0.37.0.33.1.0.5
HG004vGRCh38_wm_50md_PBCCS_sniffles_0_82718	0.37.0.33.1.0.5
HG004vGRCh38_wm_50md_PBCCS_sniffles_0_82717	0.37.0.33.1.0.5
HG002vGRCh38_wm_50md_PBCCS_sniffles_0_86510	0.37.0.33.1.0.5
HG004vGRCh38_wm_50md_PBCCS_sniffles_0_82720	0.37.0.33.1.0.5
HG003vGRCh38_wm_50md_PBCCS_sniffles_0_84565	0.37.0.33.1.0.5
HG003vGRCh38_wm_50md_PBCCS_sniffles_0_84568	0.37.0.33.1.0.5
HG003vGRCh38_wm_50md_PBCCS_sniffles_0_84566	0.37.0.33.1.0.5
HG002vGRCh38_wm_50md_PBCCS_sniffles_0_86512	0.37.0.33.1.0.5
HG002vGRCh38_wm_50md_PBCCS_sniffles_0_86517	0.37.0.33.1.0.5
HG004vGRCh38_wm_50md_PBCCS_sniffles_0_82722	0.37.0.33.1.0.5
HG004vGRCh38_wm_50md_PBCCS_sniffles_0_82725	0.37.0.33.1.0.5
HG004vGRCh38_wm_50md_PBCCS_sniffles_0_82724	0.37.0.33.1.0.5
HG004vGRCh38_wm_50md_PBCCS_sniffles_0_82726	0.37.0.33.1.0.5
HG004vGRCh38_wm_50md_PBCCS_sniffles_0_82727	0.37.0.33.1.0.5
HG002vGRCh38_wm_50md_PBCCS_sniffles_0_86520	0.37.0.33.1.0.5
HG003vGRCh38_wm_50md_PBCCS_sniffles_0_84569	0.37.0.33.1.0.5
HG003vGRCh38_wm_50md_PBCCS_sniffles_0_84570	0.37.0.33.1.0.5
HG004vGRCh38_wm_50md_PBCCS_sniffles_0_82728	0.37.0.33.1.0.5
HG002vGRCh38_wm_50md_PBCCS_sniffles_0_86519	0.37.0.33.1.0.5
HG003vGRCh38_wm_50md_PBCCS_sniffles_0_84571	0.37.0.33.1.0.5
HG004vGRCh38_wm_50md_PBCCS_sniffles_0_82730	0.37.0.33.1.0.5
HG003vGRCh38_wm_50md_PBCCS_sniffles_0_84572	0.37.0.33.1.0.5
HG004vGRCh38_wm_50md_PBCCS_sniffles_0_82736	0.37.0.33.1.0.5
HG003vGRCh38_wm_50md_PBCCS_sniffles_0_84575	0.37.0.33.1.0.5
HG004vGRCh38_wm_50md_PBCCS_sniffles_0_82729	0.37.0.33.1.0.6
HG004vGRCh38_wm_50md_PBCCS_sniffles_0_82738	0.37.0.33.1.0.6
HG003vGRCh38_wm_50md_PBCCS_sniffles_0_84574	0.37.0.33.1.0.7
HG002vGRCh38_wm_50md_PBCCS_sniffles_0_86525	0.37.0.33.1.0.7
HG004vGRCh38_wm_50md_PBCCS_sniffles_0_82734	0.37.0.33.1.0.7
HG002vGRCh38_wm_50md_PBCCS_sniffles_0_86521	0.37.0.33.1.0.8
HG002vGRCh38_wm_50md_PBCCS_sniffles_0_86529	0.37.0.33.1.0.8
HG002vGRCh38_wm_50md_PBCCS_sniffles_0_87230	0.37.0.330.0.0
HG004vGRCh38_wm_50md_PBCCS_sniffles_0_83414	0.37.0.330.0.0
HG004vGRCh38_wm_50md_PBCCS_sniffles_0_83416	0.37.0.332.0.0
HG003vGRCh38_wm_50md_PBCCS_sniffles_0_85280	0.37.0.335.0.0
HG002vGRCh38_wm_50md_PBCCS_sniffles_0_87236	0.37.0.336.0.0
HG003vGRCh38_wm_50md_PBCCS_sniffles_0_85281	0.37.0.336.0.0
HG002vGRCh38_wm_50md_PBCCS_sniffles_0_87237	0.37.0.337.0.0
HG004vGRCh38_wm_50md_PBCCS_sniffles_0_83425	0.37.0.337.0.0
HG002vGRCh38_wm_50md_PBCCS_sniffles_0_87238	0.37.0.338.0.0
HG003vGRCh38_wm_50md_PBCCS_sniffles_0_85282	0.37.0.338.0.0
HG004vGRCh38_wm_50md_PBCCS_sniffles_0_83432	0.37.0.339.0.0
HG003vGRCh38_wm_50md_PBCCS_sniffles_0_85284	0.37.0.339.0.0
HG002vGRCh38_wm_50md_PBCCS_sniffles_0_87241	0.37.0.339.0.1
HG004vGRCh38_wm_50md_PBCCS_sniffles_0_83433	0.37.0.340.0.0
HG003vGRCh38_wm_50md_PBCCS_sniffles_0_85286	0.37.0.342.0.0
HG002vGRCh38_wm_50md_PBCCS_sniffles_0_87246	0.37.0.344.0.0.0
HG003vGRCh38_wm_50md_PBCCS_sniffles_0_85289	0.37.0.344.0.0.0
HG002vGRCh38_wm_50md_PBCCS_sniffles_0_87245	0.37.0.344.1.0.0
HG002vGRCh38_wm_50md_PBCCS_sniffles_0_87247	0.37.0.346.0.0
HG002vGRCh38_wm_50md_PBCCS_sniffles_0_87248	0.37.0.347.0.0
HG003vGRCh38_wm_50md_PBCCS_sniffles_0_84579	0.37.0.35.0.0.0
HG002vGRCh38_wm_50md_PBCCS_sniffles_0_86535	0.37.0.35.1.0.0
HG002vGRCh38_wm_50md_PBCCS_sniffles_0_86536	0.37.0.35.1.0.0
HG004vGRCh38_wm_50md_PBCCS_sniffles_0_82747	0.37.0.35.1.0.0
HG002vGRCh38_wm_50md_PBCCS_sniffles_0_86538	0.37.0.35.1.0.0
HG002vGRCh38_wm_50md_PBCCS_sniffles_0_86537	0.37.0.35.1.0.0
HG004vGRCh38_wm_50md_PBCCS_sniffles_0_82748	0.37.0.35.1.0.0
HG003vGRCh38_wm_50md_PBCCS_sniffles_0_85306	0.37.0.352.0.0
HG004vGRCh38_wm_50md_PBCCS_sniffles_0_83455	0.37.0.352.0.0
HG002vGRCh38_wm_50md_PBCCS_sniffles_0_87265	0.37.0.353.0.0
HG003vGRCh38_wm_50md_PBCCS_sniffles_0_85307	0.37.0.353.0.0
HG003vGRCh38_wm_50md_PBCCS_sniffles_0_85319	0.37.0.354.0.0
HG004vGRCh38_wm_50md_PBCCS_sniffles_0_83475	0.37.0.357.0.0
HG002vGRCh38_wm_50md_PBCCS_sniffles_0_87278	0.37.0.361.0.0
HG004vGRCh38_wm_50md_PBCCS_sniffles_0_83483	0.37.0.363.0.0
HG003vGRCh38_wm_50md_PBCCS_sniffles_0_85337	0.37.0.364.0.0
HG003vGRCh38_wm_50md_PBCCS_sniffles_0_85338	0.37.0.365.0.0
HG003vGRCh38_wm_50md_PBCCS_sniffles_0_85339	0.37.0.366.0.0
HG003vGRCh38_wm_50md_PBCCS_sniffles_0_85341	0.37.0.367.0.0
HG004vGRCh38_wm_50md_PBCCS_sniffles_0_83491	0.37.0.367.0.0
HG002vGRCh38_wm_50md_PBCCS_sniffles_0_87286	0.37.0.368.0.0
HG003vGRCh38_wm_50md_PBCCS_sniffles_0_85342	0.37.0.368.0.0
HG004vGRCh38_wm_50md_PBCCS_sniffles_0_83492	0.37.0.368.0.0
HG002vGRCh38_wm_50md_PBCCS_sniffles_0_87288	0.37.0.369.0.0
HG004vGRCh38_wm_50md_PBCCS_sniffles_0_83494	0.37.0.370.0.0
HG004vGRCh38_wm_50md_PBCCS_sniffles_0_83495	0.37.0.371.0.0
HG002vGRCh38_wm_50md_PBCCS_sniffles_0_87293	0.37.0.372.0.0
HG003vGRCh38_wm_50md_PBCCS_sniffles_0_85347	0.37.0.372.0.0
HG004vGRCh38_wm_50md_PBCCS_sniffles_0_83500	0.37.0.372.0.0
HG004vGRCh38_wm_50md_PBCCS_sniffles_0_83503	0.37.0.373.0.0
HG003vGRCh38_wm_50md_PBCCS_sniffles_0_85352	0.37.0.375.0.0
HG004vGRCh38_wm_50md_PBCCS_sniffles_0_83507	0.37.0.375.0.0
HG002vGRCh38_wm_50md_PBCCS_sniffles_0_87298	0.37.0.376.0.0
HG003vGRCh38_wm_50md_PBCCS_sniffles_0_85353	0.37.0.376.0.0
HG004vGRCh38_wm_50md_PBCCS_sniffles_0_83508	0.37.0.376.0.0
HG002vGRCh38_wm_50md_PBCCS_sniffles_0_87302	0.37.0.377.0.0
HG002vGRCh38_wm_50md_PBCCS_sniffles_0_87303	0.37.0.378.0.0
HG003vGRCh38_wm_50md_PBCCS_sniffles_0_85357	0.37.0.378.0.0
HG002vGRCh38_wm_50md_PBCCS_sniffles_0_87304	0.37.0.379.0.0
HG003vGRCh38_wm_50md_PBCCS_sniffles_0_85358	0.37.0.379.0.0
HG003vGRCh38_wm_50md_PBCCS_sniffles_0_84602	0.37.0.38.0.0.0.0
HG002vGRCh38_wm_50md_PBCCS_sniffles_0_86571	0.37.0.38.0.0.0.1
HG003vGRCh38_wm_50md_PBCCS_sniffles_0_84603	0.37.0.38.0.1.0.0
HG003vGRCh38_wm_50md_PBCCS_sniffles_0_84604	0.37.0.38.0.3.0.0
HG003vGRCh38_wm_50md_PBCCS_sniffles_0_84601	0.37.0.38.1.0.0
HG002vGRCh38_wm_50md_PBCCS_sniffles_0_87305	0.37.0.380.0.0
HG003vGRCh38_wm_50md_PBCCS_sniffles_0_85359	0.37.0.380.0.1
HG004vGRCh38_wm_50md_PBCCS_sniffles_0_83512	0.37.0.380.0.1
HG004vGRCh38_wm_50md_PBCCS_sniffles_0_83514	0.37.0.381.0.0
HG003vGRCh38_wm_50md_PBCCS_sniffles_0_85361	0.37.0.382.0.0
HG004vGRCh38_wm_50md_PBCCS_sniffles_0_83515	0.37.0.383.0.0
HG002vGRCh38_wm_50md_PBCCS_sniffles_0_87308	0.37.0.383.0.1
HG003vGRCh38_wm_50md_PBCCS_sniffles_0_85362	0.37.0.384.0.0
HG003vGRCh38_wm_50md_PBCCS_sniffles_0_85363	0.37.0.385.0.0
HG004vGRCh38_wm_50md_PBCCS_sniffles_0_83520	0.37.0.385.0.1
HG004vGRCh38_wm_50md_PBCCS_sniffles_0_83521	0.37.0.386.0.0
HG002vGRCh38_wm_50md_PBCCS_sniffles_0_87311	0.37.0.387.0.0.0
HG004vGRCh38_wm_50md_PBCCS_sniffles_0_83523	0.37.0.388.0.0
HG002vGRCh38_wm_50md_PBCCS_sniffles_0_87314	0.37.0.389.0.0
HG002vGRCh38_wm_50md_PBCCS_sniffles_0_87320	0.37.0.391.0.0
HG004vGRCh38_wm_50md_PBCCS_sniffles_0_83527	0.37.0.391.0.0
HG002vGRCh38_wm_50md_PBCCS_sniffles_0_87324	0.37.0.392.0.0
HG004vGRCh38_wm_50md_PBCCS_sniffles_0_83532	0.37.0.392.0.0
HG003vGRCh38_wm_50md_PBCCS_sniffles_0_85371	0.37.0.394.0.0
HG002vGRCh38_wm_50md_PBCCS_sniffles_0_87326	0.37.0.395.0.0
HG002vGRCh38_wm_50md_PBCCS_sniffles_0_87334	0.37.0.399.0.0
HG004vGRCh38_wm_50md_PBCCS_sniffles_0_82502	0.37.0.4.0.0
HG003vGRCh38_wm_50md_PBCCS_sniffles_0_85376	0.37.0.400.0.0
HG002vGRCh38_wm_50md_PBCCS_sniffles_0_87335	0.37.0.400.0.0
HG004vGRCh38_wm_50md_PBCCS_sniffles_0_83540	0.37.0.400.0.0
HG002vGRCh38_wm_50md_PBCCS_sniffles_0_87339	0.37.0.401.0.0
HG004vGRCh38_wm_50md_PBCCS_sniffles_0_83544	0.37.0.401.0.0
HG002vGRCh38_wm_50md_PBCCS_sniffles_0_87340	0.37.0.402.0.0
HG004vGRCh38_wm_50md_PBCCS_sniffles_0_83546	0.37.0.404.0.0
HG004vGRCh38_wm_50md_PBCCS_sniffles_0_83547	0.37.0.404.0.0
HG003vGRCh38_wm_50md_PBCCS_sniffles_0_85379	0.37.0.405.0.0
HG002vGRCh38_wm_50md_PBCCS_sniffles_0_87343	0.37.0.406.0.0
HG004vGRCh38_wm_50md_PBCCS_sniffles_0_83548	0.37.0.406.0.0
HG003vGRCh38_wm_50md_PBCCS_sniffles_0_84609	0.37.0.41.0.0
HG003vGRCh38_wm_50md_PBCCS_sniffles_0_84610	0.37.0.41.0.0
HG003vGRCh38_wm_50md_PBCCS_sniffles_0_84611	0.37.0.41.0.0
HG002vGRCh38_wm_50md_PBCCS_sniffles_0_87346	0.37.0.410.0.0
HG004vGRCh38_wm_50md_PBCCS_sniffles_0_83552	0.37.0.411.0.0
HG003vGRCh38_wm_50md_PBCCS_sniffles_0_85389	0.37.0.413.0.0
HG002vGRCh38_wm_50md_PBCCS_sniffles_0_87350	0.37.0.414.1.0.0
HG004vGRCh38_wm_50md_PBCCS_sniffles_0_83556	0.37.0.414.1.0.0
HG004vGRCh38_wm_50md_PBCCS_sniffles_0_83560	0.37.0.415.0.0
HG004vGRCh38_wm_50md_PBCCS_sniffles_0_83563	0.37.0.416.0.0
HG004vGRCh38_wm_50md_PBCCS_sniffles_0_83566	0.37.0.417.0.0
HG002vGRCh38_wm_50md_PBCCS_sniffles_0_87359	0.37.0.418.0.0
HG003vGRCh38_wm_50md_PBCCS_sniffles_0_85397	0.37.0.420.0.0
HG003vGRCh38_wm_50md_PBCCS_sniffles_0_85399	0.37.0.422.0.0
HG004vGRCh38_wm_50md_PBCCS_sniffles_0_83571	0.37.0.422.0.0
HG002vGRCh38_wm_50md_PBCCS_sniffles_0_87362	0.37.0.423.0.0
HG003vGRCh38_wm_50md_PBCCS_sniffles_0_85400	0.37.0.423.0.0
HG004vGRCh38_wm_50md_PBCCS_sniffles_0_83572	0.37.0.423.0.0
HG002vGRCh38_wm_50md_PBCCS_sniffles_0_87363	0.37.0.424.0.0
HG004vGRCh38_wm_50md_PBCCS_sniffles_0_83573	0.37.0.424.0.0
HG002vGRCh38_wm_50md_PBCCS_sniffles_0_87367	0.37.0.425.0.0
HG002vGRCh38_wm_50md_PBCCS_sniffles_0_87372	0.37.0.428.0.0
HG003vGRCh38_wm_50md_PBCCS_sniffles_0_85407	0.37.0.428.0.0
HG004vGRCh38_wm_50md_PBCCS_sniffles_0_83579	0.37.0.428.0.0
HG003vGRCh38_wm_50md_PBCCS_sniffles_0_85418	0.37.0.429.0.0
HG004vGRCh38_wm_50md_PBCCS_sniffles_0_82792	0.37.0.43.0.0
HG002vGRCh38_wm_50md_PBCCS_sniffles_0_87378	0.37.0.430.0.0
HG003vGRCh38_wm_50md_PBCCS_sniffles_0_85419	0.37.0.430.0.0
HG004vGRCh38_wm_50md_PBCCS_sniffles_0_83584	0.37.0.430.0.0
HG004vGRCh38_wm_50md_PBCCS_sniffles_0_83585	0.37.0.432.0.0
HG003vGRCh38_wm_50md_PBCCS_sniffles_0_85422	0.37.0.434.0.0
HG002vGRCh38_wm_50md_PBCCS_sniffles_0_87383	0.37.0.436.1.0.0
HG002vGRCh38_wm_50md_PBCCS_sniffles_0_87389	0.37.0.437.0.0
HG004vGRCh38_wm_50md_PBCCS_sniffles_0_83592	0.37.0.437.0.0
HG002vGRCh38_wm_50md_PBCCS_sniffles_0_87390	0.37.0.437.0.0
HG004vGRCh38_wm_50md_PBCCS_sniffles_0_83593	0.37.0.438.0.0
HG002vGRCh38_wm_50md_PBCCS_sniffles_0_87391	0.37.0.439.0.0
HG004vGRCh38_wm_50md_PBCCS_sniffles_0_83594	0.37.0.439.0.0
HG004vGRCh38_wm_50md_PBCCS_sniffles_0_82793	0.37.0.44.0.0
HG004vGRCh38_wm_50md_PBCCS_sniffles_0_82794	0.37.0.44.0.0
HG004vGRCh38_wm_50md_PBCCS_sniffles_0_83595	0.37.0.440.0.0
HG002vGRCh38_wm_50md_PBCCS_sniffles_0_87392	0.37.0.440.0.0
HG003vGRCh38_wm_50md_PBCCS_sniffles_0_85427	0.37.0.440.0.0
HG004vGRCh38_wm_50md_PBCCS_sniffles_0_83601	0.37.0.442.0.0
HG004vGRCh38_wm_50md_PBCCS_sniffles_0_83603	0.37.0.443.0.0
HG002vGRCh38_wm_50md_PBCCS_sniffles_0_87401	0.37.0.445.0.0
HG003vGRCh38_wm_50md_PBCCS_sniffles_0_85434	0.37.0.446.0.0
HG003vGRCh38_wm_50md_PBCCS_sniffles_0_85437	0.37.0.448.0.0
HG002vGRCh38_wm_50md_PBCCS_sniffles_0_87409	0.37.0.451.0.0
HG004vGRCh38_wm_50md_PBCCS_sniffles_0_83610	0.37.0.455.0.0
HG002vGRCh38_wm_50md_PBCCS_sniffles_0_87412	0.37.0.456.0.0
HG003vGRCh38_wm_50md_PBCCS_sniffles_0_85446	0.37.0.456.0.0
HG003vGRCh38_wm_50md_PBCCS_sniffles_0_85447	0.37.0.457.0.0
HG004vGRCh38_wm_50md_PBCCS_sniffles_0_83612	0.37.0.457.0.0
HG002vGRCh38_wm_50md_PBCCS_sniffles_0_87413	0.37.0.458.0.0
HG002vGRCh38_wm_50md_PBCCS_sniffles_0_87414	0.37.0.459.0.0
HG004vGRCh38_wm_50md_PBCCS_sniffles_0_83613	0.37.0.459.0.0
HG002vGRCh38_wm_50md_PBCCS_sniffles_0_87416	0.37.0.461.0.0
HG002vGRCh38_wm_50md_PBCCS_sniffles_0_87417	0.37.0.462.0.0
HG003vGRCh38_wm_50md_PBCCS_sniffles_0_85450	0.37.0.462.0.0
HG003vGRCh38_wm_50md_PBCCS_sniffles_0_85453	0.37.0.463.0.0
HG002vGRCh38_wm_50md_PBCCS_sniffles_0_87420	0.37.0.463.0.0
HG004vGRCh38_wm_50md_PBCCS_sniffles_0_83616	0.37.0.464.0.0
HG002vGRCh38_wm_50md_PBCCS_sniffles_0_87421	0.37.0.465.0.0
HG003vGRCh38_wm_50md_PBCCS_sniffles_0_85454	0.37.0.465.0.0
HG003vGRCh38_wm_50md_PBCCS_sniffles_0_85457	0.37.0.466.0.0
HG004vGRCh38_wm_50md_PBCCS_sniffles_0_83620	0.37.0.467.0.0
HG003vGRCh38_wm_50md_PBCCS_sniffles_0_85462	0.37.0.468.0.0
HG002vGRCh38_wm_50md_PBCCS_sniffles_0_86593	0.37.0.47.0.0
HG003vGRCh38_wm_50md_PBCCS_sniffles_0_85465	0.37.0.471.0.0
HG003vGRCh38_wm_50md_PBCCS_sniffles_0_85472	0.37.0.473.0.0
HG003vGRCh38_wm_50md_PBCCS_sniffles_0_85475	0.37.0.475.0.0
HG004vGRCh38_wm_50md_PBCCS_sniffles_0_83626	0.37.0.475.0.0
HG002vGRCh38_wm_50md_PBCCS_sniffles_0_87433	0.37.0.475.0.0
HG003vGRCh38_wm_50md_PBCCS_sniffles_0_85476	0.37.0.476.0.0
HG004vGRCh38_wm_50md_PBCCS_sniffles_0_83627	0.37.0.476.0.0
HG002vGRCh38_wm_50md_PBCCS_sniffles_0_87434	0.37.0.476.0.0
HG004vGRCh38_wm_50md_PBCCS_sniffles_0_83628	0.37.0.477.0.0
HG003vGRCh38_wm_50md_PBCCS_sniffles_0_85478	0.37.0.479.0.0
HG003vGRCh38_wm_50md_PBCCS_sniffles_0_84623	0.37.0.48.0.0
HG003vGRCh38_wm_50md_PBCCS_sniffles_0_85481	0.37.0.481.0.0
HG003vGRCh38_wm_50md_PBCCS_sniffles_0_85482	0.37.0.482.0.0
HG002vGRCh38_wm_50md_PBCCS_sniffles_0_87435	0.37.0.483.0.0
HG002vGRCh38_wm_50md_PBCCS_sniffles_0_87436	0.37.0.484.0.0
HG003vGRCh38_wm_50md_PBCCS_sniffles_0_85483	0.37.0.484.0.0
HG004vGRCh38_wm_50md_PBCCS_sniffles_0_83631	0.37.0.484.0.0
HG002vGRCh38_wm_50md_PBCCS_sniffles_0_87438	0.37.0.486.0.0
HG004vGRCh38_wm_50md_PBCCS_sniffles_0_83635	0.37.0.487.0.0
HG003vGRCh38_wm_50md_PBCCS_sniffles_0_84624	0.37.0.49.0.0
HG002vGRCh38_wm_50md_PBCCS_sniffles_0_87454	0.37.0.490.0.0
HG003vGRCh38_wm_50md_PBCCS_sniffles_0_85494	0.37.0.490.0.0
HG004vGRCh38_wm_50md_PBCCS_sniffles_0_83649	0.37.0.490.0.0
HG003vGRCh38_wm_50md_PBCCS_sniffles_0_85495	0.37.0.490.0.0
HG002vGRCh38_wm_50md_PBCCS_sniffles_0_87462	0.37.0.491.0.0
HG003vGRCh38_wm_50md_PBCCS_sniffles_0_85503	0.37.0.491.0.0
HG004vGRCh38_wm_50md_PBCCS_sniffles_0_83655	0.37.0.491.0.0
HG002vGRCh38_wm_50md_PBCCS_sniffles_0_87463	0.37.0.492.0.0
HG003vGRCh38_wm_50md_PBCCS_sniffles_0_85504	0.37.0.492.0.0
HG004vGRCh38_wm_50md_PBCCS_sniffles_0_83656	0.37.0.492.0.0
HG004vGRCh38_wm_50md_PBCCS_sniffles_0_83657	0.37.0.493.0.0
HG004vGRCh38_wm_50md_PBCCS_sniffles_0_83658	0.37.0.494.0.0
HG002vGRCh38_wm_50md_PBCCS_sniffles_0_87468	0.37.0.498.0.0
HG004vGRCh38_wm_50md_PBCCS_sniffles_0_82804	0.37.0.50.0.0
HG002vGRCh38_wm_50md_PBCCS_sniffles_0_87470	0.37.0.500.0.0
HG003vGRCh38_wm_50md_PBCCS_sniffles_0_85508	0.37.0.500.0.0
HG004vGRCh38_wm_50md_PBCCS_sniffles_0_83682	0.37.0.504.0.0
HG004vGRCh38_wm_50md_PBCCS_sniffles_0_83683	0.37.0.505.0.0
HG003vGRCh38_wm_50md_PBCCS_sniffles_0_85534	0.37.0.508.0.0
HG002vGRCh38_wm_50md_PBCCS_sniffles_0_87498	0.37.0.508.0.0
HG002vGRCh38_wm_50md_PBCCS_sniffles_0_87499	0.37.0.509.0.0
HG003vGRCh38_wm_50md_PBCCS_sniffles_0_85535	0.37.0.509.0.0
HG004vGRCh38_wm_50md_PBCCS_sniffles_0_83689	0.37.0.509.0.0
HG002vGRCh38_wm_50md_PBCCS_sniffles_0_86597	0.37.0.51.0.0
HG003vGRCh38_wm_50md_PBCCS_sniffles_0_84625	0.37.0.51.0.0
HG002vGRCh38_wm_50md_PBCCS_sniffles_0_87501	0.37.0.510.0.0
HG004vGRCh38_wm_50md_PBCCS_sniffles_0_83692	0.37.0.513.0.0
HG002vGRCh38_wm_50md_PBCCS_sniffles_0_87507	0.37.0.516.0.0
HG003vGRCh38_wm_50md_PBCCS_sniffles_0_85541	0.37.0.516.0.0
HG004vGRCh38_wm_50md_PBCCS_sniffles_0_83695	0.37.0.516.0.0
HG004vGRCh38_wm_50md_PBCCS_sniffles_0_83696	0.37.0.517.0.0
HG003vGRCh38_wm_50md_PBCCS_sniffles_0_85549	0.37.0.519.0.0
HG004vGRCh38_wm_50md_PBCCS_sniffles_0_82806	0.37.0.52.0.0
HG002vGRCh38_wm_50md_PBCCS_sniffles_0_87515	0.37.0.520.0.0
HG004vGRCh38_wm_50md_PBCCS_sniffles_0_83705	0.37.0.520.0.0
HG003vGRCh38_wm_50md_PBCCS_sniffles_0_85558	0.37.0.523.0.0
HG003vGRCh38_wm_50md_PBCCS_sniffles_0_85559	0.37.0.524.0.0
HG003vGRCh38_wm_50md_PBCCS_sniffles_0_85560	0.37.0.525.0.0
HG002vGRCh38_wm_50md_PBCCS_sniffles_0_87522	0.37.0.526.0.0
HG003vGRCh38_wm_50md_PBCCS_sniffles_0_85561	0.37.0.526.0.0
HG002vGRCh38_wm_50md_PBCCS_sniffles_0_87530	0.37.0.528.0.0
HG002vGRCh38_wm_50md_PBCCS_sniffles_0_87536	0.37.0.530.0.0
HG004vGRCh38_wm_50md_PBCCS_sniffles_0_83719	0.37.0.531.0.0
HG003vGRCh38_wm_50md_PBCCS_sniffles_0_85576	0.37.0.531.0.0
HG003vGRCh38_wm_50md_PBCCS_sniffles_0_85577	0.37.0.532.0.0
HG003vGRCh38_wm_50md_PBCCS_sniffles_0_85582	0.37.0.533.0.0
HG004vGRCh38_wm_50md_PBCCS_sniffles_0_83722	0.37.0.533.0.0
HG003vGRCh38_wm_50md_PBCCS_sniffles_0_85584	0.37.0.534.0.0
HG002vGRCh38_wm_50md_PBCCS_sniffles_0_87548	0.37.0.536.0.0
HG003vGRCh38_wm_50md_PBCCS_sniffles_0_85593	0.37.0.538.0.0
HG004vGRCh38_wm_50md_PBCCS_sniffles_0_83734	0.37.0.539.0.0
HG004vGRCh38_wm_50md_PBCCS_sniffles_0_82807	0.37.0.54.0.0.0.0
HG002vGRCh38_wm_50md_PBCCS_sniffles_0_86600	0.37.0.54.0.1.0.0
HG002vGRCh38_wm_50md_PBCCS_sniffles_0_86602	0.37.0.54.0.2.0.0
HG003vGRCh38_wm_50md_PBCCS_sniffles_0_84626	0.37.0.54.1.0.0
HG003vGRCh38_wm_50md_PBCCS_sniffles_0_84627	0.37.0.54.1.0.0
HG003vGRCh38_wm_50md_PBCCS_sniffles_0_84628	0.37.0.54.1.0.0
HG003vGRCh38_wm_50md_PBCCS_sniffles_0_84631	0.37.0.54.1.0.0
HG002vGRCh38_wm_50md_PBCCS_sniffles_0_86605	0.37.0.54.1.0.0
HG003vGRCh38_wm_50md_PBCCS_sniffles_0_84630	0.37.0.54.1.0.0
HG002vGRCh38_wm_50md_PBCCS_sniffles_0_86606	0.37.0.54.1.0.0
HG002vGRCh38_wm_50md_PBCCS_sniffles_0_87551	0.37.0.540.0.0
HG003vGRCh38_wm_50md_PBCCS_sniffles_0_85594	0.37.0.540.0.1
HG004vGRCh38_wm_50md_PBCCS_sniffles_0_83735	0.37.0.541.0.0.0
HG003vGRCh38_wm_50md_PBCCS_sniffles_0_85595	0.37.0.541.1.0.0
HG003vGRCh38_wm_50md_PBCCS_sniffles_0_85597	0.37.0.541.1.0.0
HG004vGRCh38_wm_50md_PBCCS_sniffles_0_83736	0.37.0.542.1.0.0
HG003vGRCh38_wm_50md_PBCCS_sniffles_0_85599	0.37.0.542.1.0.0
HG002vGRCh38_wm_50md_PBCCS_sniffles_0_87553	0.37.0.542.1.0.0
HG004vGRCh38_wm_50md_PBCCS_sniffles_0_83737	0.37.0.542.1.0.0
HG003vGRCh38_wm_50md_PBCCS_sniffles_0_85607	0.37.0.544.0.0
HG004vGRCh38_wm_50md_PBCCS_sniffles_0_83744	0.37.0.544.0.0
HG002vGRCh38_wm_50md_PBCCS_sniffles_0_87563	0.37.0.545.0.0
HG003vGRCh38_wm_50md_PBCCS_sniffles_0_85609	0.37.0.545.0.0
HG004vGRCh38_wm_50md_PBCCS_sniffles_0_83746	0.37.0.545.0.0
HG004vGRCh38_wm_50md_PBCCS_sniffles_0_83747	0.37.0.545.0.0
HG003vGRCh38_wm_50md_PBCCS_sniffles_0_85610	0.37.0.545.0.0
HG002vGRCh38_wm_50md_PBCCS_sniffles_0_87564	0.37.0.545.0.0
HG003vGRCh38_wm_50md_PBCCS_sniffles_0_85612	0.37.0.546.0.0
HG003vGRCh38_wm_50md_PBCCS_sniffles_0_85613	0.37.0.547.0.0
HG004vGRCh38_wm_50md_PBCCS_sniffles_0_83749	0.37.0.547.0.0
HG002vGRCh38_wm_50md_PBCCS_sniffles_0_87566	0.37.0.548.0.0
HG003vGRCh38_wm_50md_PBCCS_sniffles_0_85614	0.37.0.548.0.0
HG002vGRCh38_wm_50md_PBCCS_sniffles_0_87567	0.37.0.549.0.0
HG004vGRCh38_wm_50md_PBCCS_sniffles_0_82814	0.37.0.55.0.0
HG004vGRCh38_wm_50md_PBCCS_sniffles_0_83752	0.37.0.551.0.0
HG002vGRCh38_wm_50md_PBCCS_sniffles_0_87569	0.37.0.552.0.0
HG003vGRCh38_wm_50md_PBCCS_sniffles_0_85616	0.37.0.552.0.0
HG004vGRCh38_wm_50md_PBCCS_sniffles_0_83753	0.37.0.552.0.0
HG003vGRCh38_wm_50md_PBCCS_sniffles_0_85618	0.37.0.553.0.0
HG004vGRCh38_wm_50md_PBCCS_sniffles_0_83755	0.37.0.553.0.0
HG002vGRCh38_wm_50md_PBCCS_sniffles_0_87572	0.37.0.554.0.0
HG004vGRCh38_wm_50md_PBCCS_sniffles_0_83757	0.37.0.555.0.0
HG002vGRCh38_wm_50md_PBCCS_sniffles_0_87578	0.37.0.558.0.0
HG004vGRCh38_wm_50md_PBCCS_sniffles_0_83763	0.37.0.558.0.1
HG004vGRCh38_wm_50md_PBCCS_sniffles_0_83766	0.37.0.560.0.0
HG004vGRCh38_wm_50md_PBCCS_sniffles_0_83770	0.37.0.563.0.0
HG004vGRCh38_wm_50md_PBCCS_sniffles_0_83771	0.37.0.564.0.0
HG003vGRCh38_wm_50md_PBCCS_sniffles_0_85629	0.37.0.565.0.0
HG004vGRCh38_wm_50md_PBCCS_sniffles_0_83772	0.37.0.565.0.0
HG004vGRCh38_wm_50md_PBCCS_sniffles_0_83773	0.37.0.566.0.0
HG003vGRCh38_wm_50md_PBCCS_sniffles_0_85632	0.37.0.568.0.0
HG004vGRCh38_wm_50md_PBCCS_sniffles_0_83775	0.37.0.569.0.0
HG003vGRCh38_wm_50md_PBCCS_sniffles_0_85635	0.37.0.571.0.0
HG002vGRCh38_wm_50md_PBCCS_sniffles_0_87588	0.37.0.572.0.0
HG004vGRCh38_wm_50md_PBCCS_sniffles_0_83778	0.37.0.573.0.0
HG003vGRCh38_wm_50md_PBCCS_sniffles_0_85636	0.37.0.573.0.0
HG003vGRCh38_wm_50md_PBCCS_sniffles_0_85639	0.37.0.575.0.0
HG002vGRCh38_wm_50md_PBCCS_sniffles_0_87598	0.37.0.576.0.0
HG003vGRCh38_wm_50md_PBCCS_sniffles_0_85646	0.37.0.576.0.0
HG004vGRCh38_wm_50md_PBCCS_sniffles_0_83786	0.37.0.576.0.0
HG002vGRCh38_wm_50md_PBCCS_sniffles_0_87600	0.37.0.577.0.0
HG004vGRCh38_wm_50md_PBCCS_sniffles_0_83787	0.37.0.577.0.0
HG002vGRCh38_wm_50md_PBCCS_sniffles_0_87603	0.37.0.578.0.0
HG002vGRCh38_wm_50md_PBCCS_sniffles_0_87605	0.37.0.580.0.0
HG004vGRCh38_wm_50md_PBCCS_sniffles_0_83792	0.37.0.582.0.0
HG002vGRCh38_wm_50md_PBCCS_sniffles_0_87608	0.37.0.583.0.0
HG002vGRCh38_wm_50md_PBCCS_sniffles_0_87609	0.37.0.584.0.0
HG003vGRCh38_wm_50md_PBCCS_sniffles_0_85653	0.37.0.585.0.0
HG002vGRCh38_wm_50md_PBCCS_sniffles_0_87610	0.37.0.586.0.0
HG003vGRCh38_wm_50md_PBCCS_sniffles_0_85654	0.37.0.586.0.0
HG004vGRCh38_wm_50md_PBCCS_sniffles_0_83793	0.37.0.586.0.0
HG004vGRCh38_wm_50md_PBCCS_sniffles_0_83794	0.37.0.587.0.0
HG003vGRCh38_wm_50md_PBCCS_sniffles_0_85659	0.37.0.589.0.0
HG002vGRCh38_wm_50md_PBCCS_sniffles_0_86621	0.37.0.59.0.0
HG004vGRCh38_wm_50md_PBCCS_sniffles_0_82822	0.37.0.59.0.0
HG002vGRCh38_wm_50md_PBCCS_sniffles_0_87613	0.37.0.591.0.0
HG004vGRCh38_wm_50md_PBCCS_sniffles_0_83797	0.37.0.591.0.0
HG003vGRCh38_wm_50md_PBCCS_sniffles_0_85661	0.37.0.592.0.0
HG004vGRCh38_wm_50md_PBCCS_sniffles_0_83806	0.37.0.597.0.0
HG002vGRCh38_wm_50md_PBCCS_sniffles_0_87626	0.37.0.599.0.0
HG004vGRCh38_wm_50md_PBCCS_sniffles_0_83808	0.37.0.599.0.0
HG002vGRCh38_wm_50md_PBCCS_sniffles_0_87630	0.37.0.600.0.0
HG002vGRCh38_wm_50md_PBCCS_sniffles_0_87631	0.37.0.601.0.0
HG004vGRCh38_wm_50md_PBCCS_sniffles_0_83811	0.37.0.601.0.0
HG003vGRCh38_wm_50md_PBCCS_sniffles_0_85679	0.37.0.603.0.0
HG004vGRCh38_wm_50md_PBCCS_sniffles_0_83819	0.37.0.608.0.0
HG002vGRCh38_wm_50md_PBCCS_sniffles_0_87638	0.37.0.609.0.0
HG004vGRCh38_wm_50md_PBCCS_sniffles_0_82825	0.37.0.61.0.0
HG003vGRCh38_wm_50md_PBCCS_sniffles_0_85684	0.37.0.610.0.0
HG004vGRCh38_wm_50md_PBCCS_sniffles_0_83823	0.37.0.612.0.0
HG003vGRCh38_wm_50md_PBCCS_sniffles_0_85689	0.37.0.613.0.0
HG002vGRCh38_wm_50md_PBCCS_sniffles_0_87642	0.37.0.614.0.0
HG003vGRCh38_wm_50md_PBCCS_sniffles_0_85691	0.37.0.614.0.0
HG004vGRCh38_wm_50md_PBCCS_sniffles_0_83825	0.37.0.614.0.0
HG002vGRCh38_wm_50md_PBCCS_sniffles_0_87643	0.37.0.615.0.0
HG003vGRCh38_wm_50md_PBCCS_sniffles_0_85692	0.37.0.616.0.0
HG004vGRCh38_wm_50md_PBCCS_sniffles_0_83826	0.37.0.617.0.0
HG002vGRCh38_wm_50md_PBCCS_sniffles_0_87647	0.37.0.619.0.0
HG004vGRCh38_wm_50md_PBCCS_sniffles_0_82826	0.37.0.62.0.0
HG002vGRCh38_wm_50md_PBCCS_sniffles_0_87648	0.37.0.620.0.0
HG003vGRCh38_wm_50md_PBCCS_sniffles_0_85695	0.37.0.620.0.0
HG002vGRCh38_wm_50md_PBCCS_sniffles_0_87649	0.37.0.621.0.0
HG004vGRCh38_wm_50md_PBCCS_sniffles_0_83828	0.37.0.621.0.0
HG003vGRCh38_wm_50md_PBCCS_sniffles_0_85696	0.37.0.621.0.0
HG004vGRCh38_wm_50md_PBCCS_sniffles_0_83829	0.37.0.622.0.0
HG004vGRCh38_wm_50md_PBCCS_sniffles_0_83830	0.37.0.623.0.0
HG004vGRCh38_wm_50md_PBCCS_sniffles_0_83840	0.37.0.625.0.0
HG002vGRCh38_wm_50md_PBCCS_sniffles_0_87664	0.37.0.627.0.0
HG002vGRCh38_wm_50md_PBCCS_sniffles_0_87665	0.37.0.628.0.0
HG004vGRCh38_wm_50md_PBCCS_sniffles_0_83845	0.37.0.628.0.0
HG004vGRCh38_wm_50md_PBCCS_sniffles_0_83846	0.37.0.629.0.0
HG004vGRCh38_wm_50md_PBCCS_sniffles_0_82830	0.37.0.63.0.0
HG002vGRCh38_wm_50md_PBCCS_sniffles_0_87679	0.37.0.634.0.0
HG003vGRCh38_wm_50md_PBCCS_sniffles_0_85724	0.37.0.634.0.0
HG004vGRCh38_wm_50md_PBCCS_sniffles_0_83863	0.37.0.634.0.0
HG002vGRCh38_wm_50md_PBCCS_sniffles_0_87680	0.37.0.635.0.0
HG004vGRCh38_wm_50md_PBCCS_sniffles_0_83865	0.37.0.637.0.0
HG004vGRCh38_wm_50md_PBCCS_sniffles_0_83869	0.37.0.639.0.0
HG003vGRCh38_wm_50md_PBCCS_sniffles_0_84644	0.37.0.64.0.0
HG004vGRCh38_wm_50md_PBCCS_sniffles_0_82831	0.37.0.64.0.0
HG003vGRCh38_wm_50md_PBCCS_sniffles_0_85730	0.37.0.640.0.0
HG002vGRCh38_wm_50md_PBCCS_sniffles_0_87688	0.37.0.642.0.0
HG002vGRCh38_wm_50md_PBCCS_sniffles_0_87691	0.37.0.644.0.0
HG002vGRCh38_wm_50md_PBCCS_sniffles_0_87692	0.37.0.645.0.0
HG003vGRCh38_wm_50md_PBCCS_sniffles_0_85736	0.37.0.646.0.0
HG003vGRCh38_wm_50md_PBCCS_sniffles_0_85737	0.37.0.648.0.0
HG002vGRCh38_wm_50md_PBCCS_sniffles_0_87698	0.37.0.649.0.0
HG002vGRCh38_wm_50md_PBCCS_sniffles_0_86623	0.37.0.65.0.0
HG003vGRCh38_wm_50md_PBCCS_sniffles_0_84645	0.37.0.65.0.0
HG004vGRCh38_wm_50md_PBCCS_sniffles_0_82832	0.37.0.65.0.0
HG004vGRCh38_wm_50md_PBCCS_sniffles_0_83876	0.37.0.650.0.0
HG002vGRCh38_wm_50md_PBCCS_sniffles_0_87700	0.37.0.650.0.1
HG003vGRCh38_wm_50md_PBCCS_sniffles_0_85743	0.37.0.651.0.0
HG002vGRCh38_wm_50md_PBCCS_sniffles_0_87705	0.37.0.655.0.0
HG003vGRCh38_wm_50md_PBCCS_sniffles_0_85748	0.37.0.656.0.0
HG002vGRCh38_wm_50md_PBCCS_sniffles_0_87706	0.37.0.656.0.0
HG002vGRCh38_wm_50md_PBCCS_sniffles_0_87708	0.37.0.657.0.0
HG003vGRCh38_wm_50md_PBCCS_sniffles_0_85751	0.37.0.657.0.0
HG004vGRCh38_wm_50md_PBCCS_sniffles_0_83882	0.37.0.658.0.0
HG002vGRCh38_wm_50md_PBCCS_sniffles_0_87712	0.37.0.659.0.0
HG003vGRCh38_wm_50md_PBCCS_sniffles_0_85755	0.37.0.659.0.0
HG004vGRCh38_wm_50md_PBCCS_sniffles_0_83883	0.37.0.659.0.0
HG003vGRCh38_wm_50md_PBCCS_sniffles_0_84646	0.37.0.66.0.0
HG004vGRCh38_wm_50md_PBCCS_sniffles_0_83884	0.37.0.660.0.0
HG002vGRCh38_wm_50md_PBCCS_sniffles_0_87713	0.37.0.660.0.0
HG003vGRCh38_wm_50md_PBCCS_sniffles_0_85756	0.37.0.661.0.0
HG002vGRCh38_wm_50md_PBCCS_sniffles_0_87722	0.37.0.663.0.0
HG003vGRCh38_wm_50md_PBCCS_sniffles_0_85765	0.37.0.663.0.0
HG003vGRCh38_wm_50md_PBCCS_sniffles_0_85766	0.37.0.664.0.0
HG002vGRCh38_wm_50md_PBCCS_sniffles_0_87723	0.37.0.664.0.0
HG004vGRCh38_wm_50md_PBCCS_sniffles_0_83891	0.37.0.664.0.0
HG003vGRCh38_wm_50md_PBCCS_sniffles_0_85767	0.37.0.665.0.0
HG004vGRCh38_wm_50md_PBCCS_sniffles_0_83893	0.37.0.665.0.0
HG002vGRCh38_wm_50md_PBCCS_sniffles_0_87725	0.37.0.667.0.0
HG004vGRCh38_wm_50md_PBCCS_sniffles_0_83895	0.37.0.667.0.0
HG003vGRCh38_wm_50md_PBCCS_sniffles_0_85769	0.37.0.668.0.0
HG004vGRCh38_wm_50md_PBCCS_sniffles_0_82833	0.37.0.67.0.0
HG003vGRCh38_wm_50md_PBCCS_sniffles_0_85773	0.37.0.670.0.0
HG003vGRCh38_wm_50md_PBCCS_sniffles_0_85774	0.37.0.671.0.0
HG002vGRCh38_wm_50md_PBCCS_sniffles_0_87731	0.37.0.672.0.0
HG003vGRCh38_wm_50md_PBCCS_sniffles_0_85775	0.37.0.672.0.0
HG002vGRCh38_wm_50md_PBCCS_sniffles_0_87732	0.37.0.673.0.0
HG003vGRCh38_wm_50md_PBCCS_sniffles_0_85781	0.37.0.676.0.0
HG002vGRCh38_wm_50md_PBCCS_sniffles_0_87736	0.37.0.677.0.0
HG004vGRCh38_wm_50md_PBCCS_sniffles_0_83900	0.37.0.677.0.0
HG004vGRCh38_wm_50md_PBCCS_sniffles_0_83904	0.37.0.679.1.0.0
HG002vGRCh38_wm_50md_PBCCS_sniffles_0_87752	0.37.0.680.0.0
HG003vGRCh38_wm_50md_PBCCS_sniffles_0_85798	0.37.0.681.0.0
HG004vGRCh38_wm_50md_PBCCS_sniffles_0_83913	0.37.0.681.0.0
HG002vGRCh38_wm_50md_PBCCS_sniffles_0_87755	0.37.0.683.0.0
HG004vGRCh38_wm_50md_PBCCS_sniffles_0_83916	0.37.0.685.0.0
HG002vGRCh38_wm_50md_PBCCS_sniffles_0_87765	0.37.0.688.0.0
HG003vGRCh38_wm_50md_PBCCS_sniffles_0_85806	0.37.0.688.0.0
HG004vGRCh38_wm_50md_PBCCS_sniffles_0_83921	0.37.0.688.0.0
HG003vGRCh38_wm_50md_PBCCS_sniffles_0_85810	0.37.0.690.0.0
HG002vGRCh38_wm_50md_PBCCS_sniffles_0_87772	0.37.0.692.0.0
HG002vGRCh38_wm_50md_PBCCS_sniffles_0_87773	0.37.0.693.0.0
HG004vGRCh38_wm_50md_PBCCS_sniffles_0_83927	0.37.0.693.0.0
HG002vGRCh38_wm_50md_PBCCS_sniffles_0_87777	0.37.0.695.0.0
HG004vGRCh38_wm_50md_PBCCS_sniffles_0_83933	0.37.0.696.0.0
HG002vGRCh38_wm_50md_PBCCS_sniffles_0_87779	0.37.0.698.0.0
HG003vGRCh38_wm_50md_PBCCS_sniffles_0_85818	0.37.0.698.0.1
HG003vGRCh38_wm_50md_PBCCS_sniffles_0_85819	0.37.0.699.0.0
HG004vGRCh38_wm_50md_PBCCS_sniffles_0_83935	0.37.0.699.0.0
HG002vGRCh38_wm_50md_PBCCS_sniffles_0_86634	0.37.0.70.0.0
HG003vGRCh38_wm_50md_PBCCS_sniffles_0_84656	0.37.0.70.0.0
HG004vGRCh38_wm_50md_PBCCS_sniffles_0_82837	0.37.0.70.0.0
HG003vGRCh38_wm_50md_PBCCS_sniffles_0_85820	0.37.0.700.0.0
HG004vGRCh38_wm_50md_PBCCS_sniffles_0_83936	0.37.0.700.0.0
HG003vGRCh38_wm_50md_PBCCS_sniffles_0_85823	0.37.0.702.0.0
HG004vGRCh38_wm_50md_PBCCS_sniffles_0_83938	0.37.0.703.0.0
HG003vGRCh38_wm_50md_PBCCS_sniffles_0_85824	0.37.0.703.0.1
HG002vGRCh38_wm_50md_PBCCS_sniffles_0_87785	0.37.0.705.0.0
HG004vGRCh38_wm_50md_PBCCS_sniffles_0_83943	0.37.0.706.0.0
HG002vGRCh38_wm_50md_PBCCS_sniffles_0_87787	0.37.0.707.0.0
HG003vGRCh38_wm_50md_PBCCS_sniffles_0_85828	0.37.0.707.0.0
HG002vGRCh38_wm_50md_PBCCS_sniffles_0_87788	0.37.0.709.0.0
HG003vGRCh38_wm_50md_PBCCS_sniffles_0_85830	0.37.0.709.0.0
HG004vGRCh38_wm_50md_PBCCS_sniffles_0_82839	0.37.0.71.0.0.0.0
HG004vGRCh38_wm_50md_PBCCS_sniffles_0_82841	0.37.0.71.1.0.0
HG004vGRCh38_wm_50md_PBCCS_sniffles_0_82840	0.37.0.71.1.0.0
HG002vGRCh38_wm_50md_PBCCS_sniffles_0_87789	0.37.0.710.0.0
HG003vGRCh38_wm_50md_PBCCS_sniffles_0_85831	0.37.0.710.0.0
HG002vGRCh38_wm_50md_PBCCS_sniffles_0_87790	0.37.0.711.0.0
HG002vGRCh38_wm_50md_PBCCS_sniffles_0_87795	0.37.0.714.0.0
HG002vGRCh38_wm_50md_PBCCS_sniffles_0_87797	0.37.0.717.0.0
HG003vGRCh38_wm_50md_PBCCS_sniffles_0_85842	0.37.0.719.0.0
HG003vGRCh38_wm_50md_PBCCS_sniffles_0_84668	0.37.0.72.0.0
HG004vGRCh38_wm_50md_PBCCS_sniffles_0_82860	0.37.0.72.0.0
HG003vGRCh38_wm_50md_PBCCS_sniffles_0_85843	0.37.0.720.0.0
HG002vGRCh38_wm_50md_PBCCS_sniffles_0_87800	0.37.0.721.0.0
HG003vGRCh38_wm_50md_PBCCS_sniffles_0_85844	0.37.0.721.0.0
HG003vGRCh38_wm_50md_PBCCS_sniffles_0_85845	0.37.0.722.0.0
HG004vGRCh38_wm_50md_PBCCS_sniffles_0_83950	0.37.0.722.0.0
HG003vGRCh38_wm_50md_PBCCS_sniffles_0_85846	0.37.0.723.0.0
HG002vGRCh38_wm_50md_PBCCS_sniffles_0_87801	0.37.0.723.0.0
HG003vGRCh38_wm_50md_PBCCS_sniffles_0_85847	0.37.0.724.0.0
HG004vGRCh38_wm_50md_PBCCS_sniffles_0_83952	0.37.0.724.0.1
HG002vGRCh38_wm_50md_PBCCS_sniffles_0_87802	0.37.0.724.0.1
HG004vGRCh38_wm_50md_PBCCS_sniffles_0_83954	0.37.0.725.0.0
HG003vGRCh38_wm_50md_PBCCS_sniffles_0_85850	0.37.0.726.0.0
HG002vGRCh38_wm_50md_PBCCS_sniffles_0_87806	0.37.0.726.0.0
HG002vGRCh38_wm_50md_PBCCS_sniffles_0_87809	0.37.0.727.0.0
HG004vGRCh38_wm_50md_PBCCS_sniffles_0_83957	0.37.0.727.0.0
HG004vGRCh38_wm_50md_PBCCS_sniffles_0_83960	0.37.0.728.0.0
HG004vGRCh38_wm_50md_PBCCS_sniffles_0_82861	0.37.0.73.0.0
HG002vGRCh38_wm_50md_PBCCS_sniffles_0_86653	0.37.0.73.0.0
HG004vGRCh38_wm_50md_PBCCS_sniffles_0_83969	0.37.0.730.0.0
HG002vGRCh38_wm_50md_PBCCS_sniffles_0_87815	0.37.0.731.0.0
HG003vGRCh38_wm_50md_PBCCS_sniffles_0_85859	0.37.0.733.0.0
HG004vGRCh38_wm_50md_PBCCS_sniffles_0_83973	0.37.0.735.0.0
HG003vGRCh38_wm_50md_PBCCS_sniffles_0_85861	0.37.0.736.0.0
HG002vGRCh38_wm_50md_PBCCS_sniffles_0_87821	0.37.0.737.1.0.0
HG002vGRCh38_wm_50md_PBCCS_sniffles_0_87824	0.37.0.738.0.0
HG003vGRCh38_wm_50md_PBCCS_sniffles_0_85865	0.37.0.738.0.0
HG004vGRCh38_wm_50md_PBCCS_sniffles_0_83979	0.37.0.739.0.0
HG003vGRCh38_wm_50md_PBCCS_sniffles_0_85867	0.37.0.739.0.1
HG002vGRCh38_wm_50md_PBCCS_sniffles_0_87827	0.37.0.739.0.2
HG004vGRCh38_wm_50md_PBCCS_sniffles_0_83980	0.37.0.739.0.2
HG004vGRCh38_wm_50md_PBCCS_sniffles_0_83981	0.37.0.741.0.0
HG002vGRCh38_wm_50md_PBCCS_sniffles_0_87828	0.37.0.742.0.0
HG003vGRCh38_wm_50md_PBCCS_sniffles_0_85870	0.37.0.742.0.0
HG003vGRCh38_wm_50md_PBCCS_sniffles_0_85874	0.37.0.743.0.0
HG003vGRCh38_wm_50md_PBCCS_sniffles_0_85878	0.37.0.747.0.0
HG003vGRCh38_wm_50md_PBCCS_sniffles_0_85879	0.37.0.748.0.0
HG002vGRCh38_wm_50md_PBCCS_sniffles_0_87839	0.37.0.749.0.0
HG004vGRCh38_wm_50md_PBCCS_sniffles_0_82863	0.37.0.75.0.0
HG003vGRCh38_wm_50md_PBCCS_sniffles_0_84669	0.37.0.75.0.0
HG002vGRCh38_wm_50md_PBCCS_sniffles_0_86655	0.37.0.75.0.0
HG004vGRCh38_wm_50md_PBCCS_sniffles_0_83995	0.37.0.756.0.0
HG004vGRCh38_wm_50md_PBCCS_sniffles_0_83996	0.37.0.757.0.0
HG002vGRCh38_wm_50md_PBCCS_sniffles_0_87860	0.37.0.760.0.0
HG004vGRCh38_wm_50md_PBCCS_sniffles_0_84004	0.37.0.764.0.0.0.0
HG004vGRCh38_wm_50md_PBCCS_sniffles_0_84003	0.37.0.764.1.0.0
HG004vGRCh38_wm_50md_PBCCS_sniffles_0_84008	0.37.0.765.0.0
HG003vGRCh38_wm_50md_PBCCS_sniffles_0_85907	0.37.0.766.0.0
HG004vGRCh38_wm_50md_PBCCS_sniffles_0_84017	0.37.0.769.0.0
HG002vGRCh38_wm_50md_PBCCS_sniffles_0_86660	0.37.0.77.0.0
HG004vGRCh38_wm_50md_PBCCS_sniffles_0_84018	0.37.0.770.0.0
HG002vGRCh38_wm_50md_PBCCS_sniffles_0_87877	0.37.0.771.0.0
HG003vGRCh38_wm_50md_PBCCS_sniffles_0_85911	0.37.0.773.0.0
HG004vGRCh38_wm_50md_PBCCS_sniffles_0_84021	0.37.0.774.0.0
HG002vGRCh38_wm_50md_PBCCS_sniffles_0_87878	0.37.0.775.0.0
HG004vGRCh38_wm_50md_PBCCS_sniffles_0_84022	0.37.0.775.0.0
HG002vGRCh38_wm_50md_PBCCS_sniffles_0_87886	0.37.0.779.0.0
HG004vGRCh38_wm_50md_PBCCS_sniffles_0_84032	0.37.0.779.0.0
HG002vGRCh38_wm_50md_PBCCS_sniffles_0_86666	0.37.0.78.0.0.0.0
HG003vGRCh38_wm_50md_PBCCS_sniffles_0_84675	0.37.0.78.0.0.0.0
HG002vGRCh38_wm_50md_PBCCS_sniffles_0_86667	0.37.0.78.0.1.0.0
HG003vGRCh38_wm_50md_PBCCS_sniffles_0_84676	0.37.0.78.0.1.0.0
HG004vGRCh38_wm_50md_PBCCS_sniffles_0_82868	0.37.0.78.0.1.0.0
HG003vGRCh38_wm_50md_PBCCS_sniffles_0_84678	0.37.0.78.0.2.0.0
HG003vGRCh38_wm_50md_PBCCS_sniffles_0_84673	0.37.0.78.1.0.0
HG002vGRCh38_wm_50md_PBCCS_sniffles_0_86662	0.37.0.78.2.0.0.0
HG002vGRCh38_wm_50md_PBCCS_sniffles_0_86668	0.37.0.78.2.1.0.0
HG004vGRCh38_wm_50md_PBCCS_sniffles_0_82870	0.37.0.78.2.1.0.0
HG004vGRCh38_wm_50md_PBCCS_sniffles_0_82869	0.37.0.78.2.1.0.0
HG002vGRCh38_wm_50md_PBCCS_sniffles_0_86669	0.37.0.78.2.1.0.0
HG003vGRCh38_wm_50md_PBCCS_sniffles_0_84677	0.37.0.78.2.1.0.0
HG004vGRCh38_wm_50md_PBCCS_sniffles_0_82871	0.37.0.78.2.1.0.0
HG002vGRCh38_wm_50md_PBCCS_sniffles_0_86664	0.37.0.78.3.0.0
HG003vGRCh38_wm_50md_PBCCS_sniffles_0_84674	0.37.0.78.3.0.0
HG002vGRCh38_wm_50md_PBCCS_sniffles_0_86665	0.37.0.78.3.0.0
HG002vGRCh38_wm_50md_PBCCS_sniffles_0_86663	0.37.0.78.3.0.0
HG003vGRCh38_wm_50md_PBCCS_sniffles_0_85919	0.37.0.780.0.0
HG003vGRCh38_wm_50md_PBCCS_sniffles_0_85923	0.37.0.782.0.0
HG002vGRCh38_wm_50md_PBCCS_sniffles_0_87896	0.37.0.784.0.0
HG003vGRCh38_wm_50md_PBCCS_sniffles_0_85927	0.37.0.785.0.0
HG002vGRCh38_wm_50md_PBCCS_sniffles_0_87898	0.37.0.786.0.0
HG004vGRCh38_wm_50md_PBCCS_sniffles_0_84036	0.37.0.786.0.0
HG002vGRCh38_wm_50md_PBCCS_sniffles_0_87904	0.37.0.787.0.0
HG004vGRCh38_wm_50md_PBCCS_sniffles_0_84044	0.37.0.789.0.0
HG002vGRCh38_wm_50md_PBCCS_sniffles_0_87907	0.37.0.789.0.0
HG002vGRCh38_wm_50md_PBCCS_sniffles_0_86670	0.37.0.79.0.0
HG002vGRCh38_wm_50md_PBCCS_sniffles_0_87908	0.37.0.790.1.0.0
HG002vGRCh38_wm_50md_PBCCS_sniffles_0_87910	0.37.0.791.0.0
HG002vGRCh38_wm_50md_PBCCS_sniffles_0_87923	0.37.0.795.0.0
HG002vGRCh38_wm_50md_PBCCS_sniffles_0_87926	0.37.0.799.0.0
HG002vGRCh38_wm_50md_PBCCS_sniffles_0_86288	0.37.0.8.1.0.0
HG004vGRCh38_wm_50md_PBCCS_sniffles_0_82513	0.37.0.8.1.0.0
HG002vGRCh38_wm_50md_PBCCS_sniffles_0_86671	0.37.0.80.0.0
HG003vGRCh38_wm_50md_PBCCS_sniffles_0_84679	0.37.0.80.0.0
HG004vGRCh38_wm_50md_PBCCS_sniffles_0_82874	0.37.0.80.0.0
HG004vGRCh38_wm_50md_PBCCS_sniffles_0_84061	0.37.0.800.0.0
HG002vGRCh38_wm_50md_PBCCS_sniffles_0_87927	0.37.0.801.0.0
HG004vGRCh38_wm_50md_PBCCS_sniffles_0_84062	0.37.0.802.0.0
HG002vGRCh38_wm_50md_PBCCS_sniffles_0_87932	0.37.0.805.0.0
HG003vGRCh38_wm_50md_PBCCS_sniffles_0_85951	0.37.0.805.0.0
HG003vGRCh38_wm_50md_PBCCS_sniffles_0_85952	0.37.0.806.0.0
HG003vGRCh38_wm_50md_PBCCS_sniffles_0_85955	0.37.0.808.0.0
HG004vGRCh38_wm_50md_PBCCS_sniffles_0_84070	0.37.0.809.0.0
HG003vGRCh38_wm_50md_PBCCS_sniffles_0_84680	0.37.0.81.0.0
HG002vGRCh38_wm_50md_PBCCS_sniffles_0_87935	0.37.0.810.0.0
HG003vGRCh38_wm_50md_PBCCS_sniffles_0_85957	0.37.0.810.0.0
HG004vGRCh38_wm_50md_PBCCS_sniffles_0_84072	0.37.0.811.0.0
HG003vGRCh38_wm_50md_PBCCS_sniffles_0_85960	0.37.0.812.0.0
HG002vGRCh38_wm_50md_PBCCS_sniffles_0_87938	0.37.0.813.0.0
HG003vGRCh38_wm_50md_PBCCS_sniffles_0_85961	0.37.0.813.0.0
HG004vGRCh38_wm_50md_PBCCS_sniffles_0_84075	0.37.0.815.0.0
HG004vGRCh38_wm_50md_PBCCS_sniffles_0_84079	0.37.0.818.0.0
HG002vGRCh38_wm_50md_PBCCS_sniffles_0_87943	0.37.0.818.0.1
HG003vGRCh38_wm_50md_PBCCS_sniffles_0_85967	0.37.0.818.0.1
HG002vGRCh38_wm_50md_PBCCS_sniffles_0_86673	0.37.0.82.0.0
HG003vGRCh38_wm_50md_PBCCS_sniffles_0_84682	0.37.0.82.0.0
HG004vGRCh38_wm_50md_PBCCS_sniffles_0_82877	0.37.0.82.0.0
HG002vGRCh38_wm_50md_PBCCS_sniffles_0_87951	0.37.0.821.0.0
HG004vGRCh38_wm_50md_PBCCS_sniffles_0_84089	0.37.0.821.0.0
HG003vGRCh38_wm_50md_PBCCS_sniffles_0_85976	0.37.0.821.0.0
HG002vGRCh38_wm_50md_PBCCS_sniffles_0_86675	0.37.0.83.0.0
HG002vGRCh38_wm_50md_PBCCS_sniffles_0_86676	0.37.0.84.0.0
HG002vGRCh38_wm_50md_PBCCS_sniffles_0_86677	0.37.0.85.0.0
HG003vGRCh38_wm_50md_PBCCS_sniffles_0_84683	0.37.0.85.0.0
HG003vGRCh38_wm_50md_PBCCS_sniffles_0_84684	0.37.0.86.0.0
HG002vGRCh38_wm_50md_PBCCS_sniffles_0_86678	0.37.0.86.0.0
HG004vGRCh38_wm_50md_PBCCS_sniffles_0_82878	0.37.0.87.0.0
HG002vGRCh38_wm_50md_PBCCS_sniffles_0_86679	0.37.0.88.0.0
HG004vGRCh38_wm_50md_PBCCS_sniffles_0_82879	0.37.0.89.0.0
HG002vGRCh38_wm_50md_PBCCS_sniffles_0_86680	0.37.0.89.0.1
HG003vGRCh38_wm_50md_PBCCS_sniffles_0_84685	0.37.0.89.0.1
HG003vGRCh38_wm_50md_PBCCS_sniffles_0_84686	0.37.0.90.0.0
HG004vGRCh38_wm_50md_PBCCS_sniffles_0_82881	0.37.0.90.0.0
HG002vGRCh38_wm_50md_PBCCS_sniffles_0_86681	0.37.0.90.0.1
HG003vGRCh38_wm_50md_PBCCS_sniffles_0_84687	0.37.0.90.0.1
HG004vGRCh38_wm_50md_PBCCS_sniffles_0_82883	0.37.0.91.0.0
HG003vGRCh38_wm_50md_PBCCS_sniffles_0_84688	0.37.0.91.0.0
HG002vGRCh38_wm_50md_PBCCS_sniffles_0_86682	0.37.0.91.0.0
HG003vGRCh38_wm_50md_PBCCS_sniffles_0_84690	0.37.0.93.0.0
HG002vGRCh38_wm_50md_PBCCS_sniffles_0_86684	0.37.0.93.0.0
HG004vGRCh38_wm_50md_PBCCS_sniffles_0_82885	0.37.0.93.0.0
HG002vGRCh38_wm_50md_PBCCS_sniffles_0_86685	0.37.0.94.0.0
HG003vGRCh38_wm_50md_PBCCS_sniffles_0_84691	0.37.0.94.0.0
HG004vGRCh38_wm_50md_PBCCS_sniffles_0_82886	0.37.0.95.0.0
HG002vGRCh38_wm_50md_PBCCS_sniffles_0_86687	0.37.0.97.0.0
HG004vGRCh38_wm_50md_PBCCS_sniffles_0_82888	0.37.0.98.0.0
HG003vGRCh38_wm_50md_PBCCS_sniffles_0_84799	0.37.1.0.0.0
HG004vGRCh38_wm_50md_PBCCS_sniffles_0_82988	0.37.1.0.0.0
HG002vGRCh38_wm_50md_PBCCS_sniffles_0_86871	0.37.1.1.0.0
HG004vGRCh38_wm_50md_PBCCS_sniffles_0_82756	0.37.2.0.0.0
HG004vGRCh38_wm_50md_PBCCS_sniffles_0_82755	0.37.2.0.0.0
HG002vGRCh38_wm_50md_PBCCS_sniffles_0_86813	0.37.2.1.0.0
HG003vGRCh38_wm_50md_PBCCS_sniffles_0_84848	0.37.2.1.0.0
HG003vGRCh38_wm_50md_PBCCS_sniffles_0_84381	0.37.3.0.0.0
HG004vGRCh38_wm_50md_PBCCS_sniffles_0_82490	0.37.3.0.0.0
HG002vGRCh38_wm_50md_PBCCS_sniffles_0_86274	0.37.3.0.0.0
HG004vGRCh38_wm_50md_PBCCS_sniffles_0_82491	0.37.3.0.0.0
HG004vGRCh38_wm_50md_PBCCS_sniffles_0_82500	0.37.3.0.0.0
HG003vGRCh38_wm_50md_PBCCS_sniffles_0_84814	0.37.3.1.0.0
HG003vGRCh38_wm_50md_PBCCS_sniffles_0_85336	0.37.3.2.0.0
HG004vGRCh38_wm_50md_PBCCS_sniffles_0_83490	0.37.3.2.0.0
HG003vGRCh38_wm_50md_PBCCS_sniffles_0_84393	0.37.4.0.0
HG004vGRCh38_wm_50md_PBCCS_sniffles_0_82511	0.37.4.0.0
HG004vGRCh38_wm_50md_PBCCS_sniffles_0_84093	0.38.0.0
HG002vGRCh38_wm_50md_PBCCS_sniffles_0_87955	0.38.0.0
HG003vGRCh38_wm_50md_PBCCS_sniffles_0_85982	0.38.0.0
HG004vGRCh38_wm_50md_PBCCS_sniffles_0_82454	0.4.0.0
HG003vGRCh38_wm_50md_PBCCS_sniffles_0_84347	0.4.0.0
HG003vGRCh38_wm_50md_PBCCS_sniffles_0_85995	0.44.0.0
HG002vGRCh38_wm_50md_PBCCS_sniffles_0_87968	0.45.0.0
HG004vGRCh38_wm_50md_PBCCS_sniffles_0_84108	0.45.0.0
HG002vGRCh38_wm_50md_PBCCS_sniffles_0_87973	0.48.0.0
HG003vGRCh38_wm_50md_PBCCS_sniffles_0_84348	0.5.0.0
HG004vGRCh38_wm_50md_PBCCS_sniffles_0_82455	0.5.0.0
HG002vGRCh38_wm_50md_PBCCS_sniffles_0_86232	0.5.0.0
HG002vGRCh38_wm_50md_PBCCS_sniffles_0_87979	0.50.0.0
HG003vGRCh38_wm_50md_PBCCS_sniffles_0_86005	0.51.0.0
HG002vGRCh38_wm_50md_PBCCS_sniffles_0_87980	0.51.0.0
HG004vGRCh38_wm_50md_PBCCS_sniffles_0_84114	0.53.0.0
HG004vGRCh38_wm_50md_PBCCS_sniffles_0_84115	0.54.0.0
HG003vGRCh38_wm_50md_PBCCS_sniffles_0_86009	0.55.0.0
HG004vGRCh38_wm_50md_PBCCS_sniffles_0_84116	0.57.0.0
HG004vGRCh38_wm_50md_PBCCS_sniffles_0_84117	0.57.0.0
HG004vGRCh38_wm_50md_PBCCS_sniffles_0_84118	0.58.0.0
HG003vGRCh38_wm_50md_PBCCS_sniffles_0_84350	0.6.0.0
HG002vGRCh38_wm_50md_PBCCS_sniffles_0_86234	0.6.0.1
HG003vGRCh38_wm_50md_PBCCS_sniffles_0_86029	0.62.0.0
HG004vGRCh38_wm_50md_PBCCS_sniffles_0_84129	0.63.0.0
HG002vGRCh38_wm_50md_PBCCS_sniffles_0_87996	0.66.0.0
HG002vGRCh38_wm_50md_PBCCS_sniffles_0_88000	0.68.0.0
HG003vGRCh38_wm_50md_PBCCS_sniffles_0_84352	0.7.0.0
HG002vGRCh38_wm_50md_PBCCS_sniffles_0_88003	0.70.0.0
HG002vGRCh38_wm_50md_PBCCS_sniffles_0_88004	0.71.0.0
HG003vGRCh38_wm_50md_PBCCS_sniffles_0_86035	0.71.0.0
HG004vGRCh38_wm_50md_PBCCS_sniffles_0_84137	0.71.0.0
HG002vGRCh38_wm_50md_PBCCS_sniffles_0_88023	0.79.0.0
HG003vGRCh38_wm_50md_PBCCS_sniffles_0_86050	0.79.0.0
HG004vGRCh38_wm_50md_PBCCS_sniffles_0_84149	0.79.0.0
HG003vGRCh38_wm_50md_PBCCS_sniffles_0_84353	0.8.0.0
HG002vGRCh38_wm_50md_PBCCS_sniffles_0_88025	0.80.0.0
HG004vGRCh38_wm_50md_PBCCS_sniffles_0_84151	0.81.0.0
HG004vGRCh38_wm_50md_PBCCS_sniffles_0_84152	0.82.0.0
HG002vGRCh38_wm_50md_PBCCS_sniffles_0_88027	0.84.0.0
HG002vGRCh38_wm_50md_PBCCS_sniffles_0_88028	0.85.0.0
HG003vGRCh38_wm_50md_PBCCS_sniffles_0_86053	0.85.0.0
HG004vGRCh38_wm_50md_PBCCS_sniffles_0_84154	0.85.0.0
HG002vGRCh38_wm_50md_PBCCS_sniffles_0_88041	0.89.0.0
HG002vGRCh38_wm_50md_PBCCS_sniffles_0_86235	0.9.0.0
HG003vGRCh38_wm_50md_PBCCS_sniffles_0_86065	0.90.0.0
HG002vGRCh38_wm_50md_PBCCS_sniffles_0_88043	0.91.0.0
HG002vGRCh38_wm_50md_PBCCS_sniffles_0_88049	0.94.0.0
HG002vGRCh38_wm_50md_PBCCS_sniffles_0_88050	0.95.0.0.0.0
HG003vGRCh38_wm_50md_PBCCS_sniffles_0_86075	0.95.0.0.0.0
HG003vGRCh38_wm_50md_PBCCS_sniffles_0_86073	0.95.1.0.0
HG004vGRCh38_wm_50md_PBCCS_sniffles_0_84174	0.97.0.0
HG003vGRCh38_wm_50md_PBCCS_sniffles_0_86080	0.98.0.0
HG002vGRCh38_wm_50md_PBCCS_sniffles_0_88056	0.99.0.0
HG003vGRCh38_wm_50md_PBCCS_sniffles_0_86081	0.99.0.0
HG004vGRCh38_wm_50md_PBCCS_sniffles_0_84175	0.99.0.0
