HG002vGRCh38_wm_50md_PBCCS_sniffles_0_88376	0.0.0.0
HG004vGRCh38_wm_50md_PBCCS_sniffles_0_84501	0.0.0.0
HG004vGRCh38_wm_50md_PBCCS_sniffles_0_84515	0.10.0.0
HG002vGRCh38_wm_50md_PBCCS_sniffles_0_90322	0.1001.0.0
HG002vGRCh38_wm_50md_PBCCS_sniffles_0_90326	0.1002.0.0
HG002vGRCh38_wm_50md_PBCCS_sniffles_0_90327	0.1003.0.0
HG003vGRCh38_wm_50md_PBCCS_sniffles_0_88279	0.1003.0.0
HG003vGRCh38_wm_50md_PBCCS_sniffles_0_88288	0.1004.0.0
HG004vGRCh38_wm_50md_PBCCS_sniffles_0_86310	0.1004.0.0
HG002vGRCh38_wm_50md_PBCCS_sniffles_0_90345	0.1007.0.0.0
HG004vGRCh38_wm_50md_PBCCS_sniffles_0_86318	0.1007.0.0.0
HG003vGRCh38_wm_50md_PBCCS_sniffles_0_88296	0.1008.0.0
HG002vGRCh38_wm_50md_PBCCS_sniffles_0_90346	0.1008.0.1
HG003vGRCh38_wm_50md_PBCCS_sniffles_0_88295	0.1008.0.1
HG004vGRCh38_wm_50md_PBCCS_sniffles_0_86319	0.1008.0.1
HG003vGRCh38_wm_50md_PBCCS_sniffles_0_88300	0.1009.0.0
HG002vGRCh38_wm_50md_PBCCS_sniffles_0_88664	0.101.0.0.0
HG003vGRCh38_wm_50md_PBCCS_sniffles_0_86652	0.101.0.0.0
HG002vGRCh38_wm_50md_PBCCS_sniffles_0_88667	0.101.1.0.0
HG002vGRCh38_wm_50md_PBCCS_sniffles_0_88665	0.101.2.0.0
HG002vGRCh38_wm_50md_PBCCS_sniffles_0_88666	0.101.2.0.1
HG004vGRCh38_wm_50md_PBCCS_sniffles_0_84800	0.101.2.0.1
HG002vGRCh38_wm_50md_PBCCS_sniffles_0_90353	0.1011.0.0
HG004vGRCh38_wm_50md_PBCCS_sniffles_0_86323	0.1011.0.0
HG002vGRCh38_wm_50md_PBCCS_sniffles_0_90357	0.1012.0.0
HG003vGRCh38_wm_50md_PBCCS_sniffles_0_88308	0.1012.0.0
HG004vGRCh38_wm_50md_PBCCS_sniffles_0_86328	0.1012.0.0
HG002vGRCh38_wm_50md_PBCCS_sniffles_0_90362	0.1017.0.0
HG003vGRCh38_wm_50md_PBCCS_sniffles_0_88313	0.1017.0.0
HG002vGRCh38_wm_50md_PBCCS_sniffles_0_90369	0.1018.0.0
HG003vGRCh38_wm_50md_PBCCS_sniffles_0_88318	0.1018.0.0
HG004vGRCh38_wm_50md_PBCCS_sniffles_0_86335	0.1018.0.0
HG003vGRCh38_wm_50md_PBCCS_sniffles_0_88319	0.1019.0.0.0
HG003vGRCh38_wm_50md_PBCCS_sniffles_0_88320	0.1019.0.0.0
HG004vGRCh38_wm_50md_PBCCS_sniffles_0_86337	0.1019.1.0.0
HG002vGRCh38_wm_50md_PBCCS_sniffles_0_90370	0.1019.2.0.0
HG004vGRCh38_wm_50md_PBCCS_sniffles_0_86338	0.1019.2.0.0
HG002vGRCh38_wm_50md_PBCCS_sniffles_0_88669	0.102.0.0
HG002vGRCh38_wm_50md_PBCCS_sniffles_0_90374	0.1020.0.0.0
HG003vGRCh38_wm_50md_PBCCS_sniffles_0_88324	0.1020.0.0.0
HG002vGRCh38_wm_50md_PBCCS_sniffles_0_90372	0.1020.1.0.0
HG003vGRCh38_wm_50md_PBCCS_sniffles_0_88323	0.1020.1.0.0
HG004vGRCh38_wm_50md_PBCCS_sniffles_0_86342	0.1020.1.0.0
HG002vGRCh38_wm_50md_PBCCS_sniffles_0_90373	0.1020.1.0.0
HG004vGRCh38_wm_50md_PBCCS_sniffles_0_86343	0.1020.1.0.0
HG002vGRCh38_wm_50md_PBCCS_sniffles_0_90376	0.1022.0.0
HG004vGRCh38_wm_50md_PBCCS_sniffles_0_86346	0.1022.0.0
HG003vGRCh38_wm_50md_PBCCS_sniffles_0_88329	0.1023.0.0.0
HG002vGRCh38_wm_50md_PBCCS_sniffles_0_90377	0.1023.1.0.0
HG002vGRCh38_wm_50md_PBCCS_sniffles_0_90379	0.1023.1.0.0
HG004vGRCh38_wm_50md_PBCCS_sniffles_0_86348	0.1023.1.0.0
HG003vGRCh38_wm_50md_PBCCS_sniffles_0_88332	0.1025.0.0
HG004vGRCh38_wm_50md_PBCCS_sniffles_0_84807	0.104.1.0.0
HG004vGRCh38_wm_50md_PBCCS_sniffles_0_84805	0.104.1.0.0
HG004vGRCh38_wm_50md_PBCCS_sniffles_0_84819	0.107.0.0
HG002vGRCh38_wm_50md_PBCCS_sniffles_0_88683	0.110.0.0
HG004vGRCh38_wm_50md_PBCCS_sniffles_0_84823	0.110.0.0
HG003vGRCh38_wm_50md_PBCCS_sniffles_0_86669	0.116.0.0
HG004vGRCh38_wm_50md_PBCCS_sniffles_0_84825	0.116.0.0
HG002vGRCh38_wm_50md_PBCCS_sniffles_0_88706	0.118.0.3.0.0
HG003vGRCh38_wm_50md_PBCCS_sniffles_0_86686	0.118.0.3.0.0
HG004vGRCh38_wm_50md_PBCCS_sniffles_0_84839	0.118.0.3.0.0
HG003vGRCh38_wm_50md_PBCCS_sniffles_0_86687	0.118.1.2.0.0
HG003vGRCh38_wm_50md_PBCCS_sniffles_0_86698	0.123.0.0
HG004vGRCh38_wm_50md_PBCCS_sniffles_0_84851	0.123.0.0
HG004vGRCh38_wm_50md_PBCCS_sniffles_0_84861	0.130.0.0
HG004vGRCh38_wm_50md_PBCCS_sniffles_0_84879	0.132.0.0.0
HG003vGRCh38_wm_50md_PBCCS_sniffles_0_86708	0.132.0.0.0
HG004vGRCh38_wm_50md_PBCCS_sniffles_0_84870	0.132.0.0.0
HG004vGRCh38_wm_50md_PBCCS_sniffles_0_84876	0.132.0.0.0
HG002vGRCh38_wm_50md_PBCCS_sniffles_0_88732	0.132.0.0.0
HG004vGRCh38_wm_50md_PBCCS_sniffles_0_84869	0.132.0.0.0
HG003vGRCh38_wm_50md_PBCCS_sniffles_0_86709	0.132.0.0.0
HG004vGRCh38_wm_50md_PBCCS_sniffles_0_84871	0.132.0.0.0
HG002vGRCh38_wm_50md_PBCCS_sniffles_0_88733	0.132.0.0.0
HG003vGRCh38_wm_50md_PBCCS_sniffles_0_86711	0.132.0.0.0
HG004vGRCh38_wm_50md_PBCCS_sniffles_0_84872	0.132.0.0.0
HG002vGRCh38_wm_50md_PBCCS_sniffles_0_88735	0.132.0.0.0
HG003vGRCh38_wm_50md_PBCCS_sniffles_0_86712	0.132.0.0.0
HG004vGRCh38_wm_50md_PBCCS_sniffles_0_84880	0.132.0.0.0
HG002vGRCh38_wm_50md_PBCCS_sniffles_0_88731	0.132.1.0.0
HG004vGRCh38_wm_50md_PBCCS_sniffles_0_84878	0.132.2.0.0
HG002vGRCh38_wm_50md_PBCCS_sniffles_0_88739	0.132.2.0.0
HG003vGRCh38_wm_50md_PBCCS_sniffles_0_86715	0.132.2.0.0
HG002vGRCh38_wm_50md_PBCCS_sniffles_0_88738	0.132.2.0.1
HG003vGRCh38_wm_50md_PBCCS_sniffles_0_86714	0.132.2.0.2
HG004vGRCh38_wm_50md_PBCCS_sniffles_0_84873	0.132.2.0.3
HG002vGRCh38_wm_50md_PBCCS_sniffles_0_88734	0.132.2.0.3
HG002vGRCh38_wm_50md_PBCCS_sniffles_0_88737	0.132.2.0.4
HG004vGRCh38_wm_50md_PBCCS_sniffles_0_84875	0.132.2.0.5
HG002vGRCh38_wm_50md_PBCCS_sniffles_0_88736	0.132.2.0.5
HG002vGRCh38_wm_50md_PBCCS_sniffles_0_88741	0.133.0.0
HG003vGRCh38_wm_50md_PBCCS_sniffles_0_86716	0.133.0.0
HG004vGRCh38_wm_50md_PBCCS_sniffles_0_84884	0.133.0.0
HG002vGRCh38_wm_50md_PBCCS_sniffles_0_88742	0.133.0.1
HG004vGRCh38_wm_50md_PBCCS_sniffles_0_84883	0.133.0.1
HG002vGRCh38_wm_50md_PBCCS_sniffles_0_88745	0.134.0.0
HG004vGRCh38_wm_50md_PBCCS_sniffles_0_84888	0.134.0.0
HG003vGRCh38_wm_50md_PBCCS_sniffles_0_86719	0.134.0.0
HG002vGRCh38_wm_50md_PBCCS_sniffles_0_88744	0.134.0.1
HG003vGRCh38_wm_50md_PBCCS_sniffles_0_86718	0.134.0.1
HG004vGRCh38_wm_50md_PBCCS_sniffles_0_84887	0.134.0.1
HG003vGRCh38_wm_50md_PBCCS_sniffles_0_86725	0.137.0.0.0
HG004vGRCh38_wm_50md_PBCCS_sniffles_0_84895	0.137.0.0.0
HG002vGRCh38_wm_50md_PBCCS_sniffles_0_88750	0.137.0.0.0
HG003vGRCh38_wm_50md_PBCCS_sniffles_0_86726	0.137.0.0.0
HG004vGRCh38_wm_50md_PBCCS_sniffles_0_84899	0.137.1.0.0
HG002vGRCh38_wm_50md_PBCCS_sniffles_0_88751	0.137.1.0.0
HG003vGRCh38_wm_50md_PBCCS_sniffles_0_86729	0.137.1.0.0
HG004vGRCh38_wm_50md_PBCCS_sniffles_0_84898	0.137.1.0.0
HG003vGRCh38_wm_50md_PBCCS_sniffles_0_86727	0.137.1.0.1
HG004vGRCh38_wm_50md_PBCCS_sniffles_0_84897	0.137.1.0.1
HG003vGRCh38_wm_50md_PBCCS_sniffles_0_86728	0.137.1.0.2
HG002vGRCh38_wm_50md_PBCCS_sniffles_0_88752	0.138.0.0
HG002vGRCh38_wm_50md_PBCCS_sniffles_0_88755	0.140.0.0
HG003vGRCh38_wm_50md_PBCCS_sniffles_0_86733	0.140.0.0
HG004vGRCh38_wm_50md_PBCCS_sniffles_0_84908	0.140.0.0
HG004vGRCh38_wm_50md_PBCCS_sniffles_0_84906	0.140.0.1
HG004vGRCh38_wm_50md_PBCCS_sniffles_0_84913	0.141.0.0.0
HG003vGRCh38_wm_50md_PBCCS_sniffles_0_86736	0.141.0.0.1
HG004vGRCh38_wm_50md_PBCCS_sniffles_0_84917	0.141.0.0.1
HG004vGRCh38_wm_50md_PBCCS_sniffles_0_84924	0.141.0.0.1
HG004vGRCh38_wm_50md_PBCCS_sniffles_0_84916	0.141.0.0.1
HG003vGRCh38_wm_50md_PBCCS_sniffles_0_86734	0.141.0.0.1
HG002vGRCh38_wm_50md_PBCCS_sniffles_0_88760	0.141.1.0.0
HG003vGRCh38_wm_50md_PBCCS_sniffles_0_86741	0.141.1.0.0
HG002vGRCh38_wm_50md_PBCCS_sniffles_0_88767	0.141.1.0.0
HG004vGRCh38_wm_50md_PBCCS_sniffles_0_84921	0.141.1.0.0
HG002vGRCh38_wm_50md_PBCCS_sniffles_0_88759	0.141.1.0.0
HG003vGRCh38_wm_50md_PBCCS_sniffles_0_86737	0.141.1.0.0
HG004vGRCh38_wm_50md_PBCCS_sniffles_0_84919	0.141.1.0.0
HG002vGRCh38_wm_50md_PBCCS_sniffles_0_88768	0.141.2.0.0
HG004vGRCh38_wm_50md_PBCCS_sniffles_0_84923	0.141.2.0.0
HG002vGRCh38_wm_50md_PBCCS_sniffles_0_88763	0.141.2.0.0
HG004vGRCh38_wm_50md_PBCCS_sniffles_0_84920	0.141.2.0.0
HG002vGRCh38_wm_50md_PBCCS_sniffles_0_88757	0.141.2.0.1
HG004vGRCh38_wm_50md_PBCCS_sniffles_0_84911	0.141.2.0.1
HG004vGRCh38_wm_50md_PBCCS_sniffles_0_84925	0.141.2.0.2
HG002vGRCh38_wm_50md_PBCCS_sniffles_0_88769	0.141.2.0.2
HG003vGRCh38_wm_50md_PBCCS_sniffles_0_86743	0.141.2.0.2
HG002vGRCh38_wm_50md_PBCCS_sniffles_0_88762	0.141.2.0.3
HG002vGRCh38_wm_50md_PBCCS_sniffles_0_88764	0.141.2.0.3
HG003vGRCh38_wm_50md_PBCCS_sniffles_0_86738	0.141.2.0.3
HG002vGRCh38_wm_50md_PBCCS_sniffles_0_88765	0.141.2.0.3
HG003vGRCh38_wm_50md_PBCCS_sniffles_0_86742	0.141.2.0.3
HG004vGRCh38_wm_50md_PBCCS_sniffles_0_84922	0.141.2.0.3
HG004vGRCh38_wm_50md_PBCCS_sniffles_0_84926	0.141.2.0.3
HG004vGRCh38_wm_50md_PBCCS_sniffles_0_84929	0.144.0.0
HG002vGRCh38_wm_50md_PBCCS_sniffles_0_88777	0.149.0.0.0
HG003vGRCh38_wm_50md_PBCCS_sniffles_0_86752	0.149.0.0.0
HG003vGRCh38_wm_50md_PBCCS_sniffles_0_86759	0.155.0.0
HG002vGRCh38_wm_50md_PBCCS_sniffles_0_88797	0.160.0.0
HG003vGRCh38_wm_50md_PBCCS_sniffles_0_86771	0.160.0.0
HG004vGRCh38_wm_50md_PBCCS_sniffles_0_84944	0.160.0.0
HG003vGRCh38_wm_50md_PBCCS_sniffles_0_86782	0.161.0.0
HG003vGRCh38_wm_50md_PBCCS_sniffles_0_86783	0.161.0.0
HG003vGRCh38_wm_50md_PBCCS_sniffles_0_86784	0.161.0.0
HG002vGRCh38_wm_50md_PBCCS_sniffles_0_88804	0.161.0.0
HG003vGRCh38_wm_50md_PBCCS_sniffles_0_86774	0.161.0.1
HG002vGRCh38_wm_50md_PBCCS_sniffles_0_88801	0.161.0.1
HG003vGRCh38_wm_50md_PBCCS_sniffles_0_86778	0.161.0.1
HG002vGRCh38_wm_50md_PBCCS_sniffles_0_88803	0.161.0.2
HG003vGRCh38_wm_50md_PBCCS_sniffles_0_86781	0.161.0.2
HG003vGRCh38_wm_50md_PBCCS_sniffles_0_86779	0.161.0.2
HG002vGRCh38_wm_50md_PBCCS_sniffles_0_88816	0.166.0.0
HG004vGRCh38_wm_50md_PBCCS_sniffles_0_84956	0.166.0.0
HG002vGRCh38_wm_50md_PBCCS_sniffles_0_88823	0.173.0.0
HG002vGRCh38_wm_50md_PBCCS_sniffles_0_88824	0.174.0.0
HG003vGRCh38_wm_50md_PBCCS_sniffles_0_86799	0.174.0.0
HG004vGRCh38_wm_50md_PBCCS_sniffles_0_84963	0.174.0.0
HG002vGRCh38_wm_50md_PBCCS_sniffles_0_88828	0.177.0.0
HG004vGRCh38_wm_50md_PBCCS_sniffles_0_84967	0.178.0.0
HG002vGRCh38_wm_50md_PBCCS_sniffles_0_88829	0.178.0.0
HG003vGRCh38_wm_50md_PBCCS_sniffles_0_86805	0.178.0.0
HG002vGRCh38_wm_50md_PBCCS_sniffles_0_88388	0.18.0.1.0.0
HG004vGRCh38_wm_50md_PBCCS_sniffles_0_84977	0.180.0.0
HG002vGRCh38_wm_50md_PBCCS_sniffles_0_88834	0.180.0.0
HG002vGRCh38_wm_50md_PBCCS_sniffles_0_88835	0.180.0.0
HG003vGRCh38_wm_50md_PBCCS_sniffles_0_86810	0.180.0.0
HG004vGRCh38_wm_50md_PBCCS_sniffles_0_84975	0.180.0.0
HG004vGRCh38_wm_50md_PBCCS_sniffles_0_84979	0.183.0.0
HG002vGRCh38_wm_50md_PBCCS_sniffles_0_88837	0.183.0.1
HG003vGRCh38_wm_50md_PBCCS_sniffles_0_86811	0.183.0.1
HG004vGRCh38_wm_50md_PBCCS_sniffles_0_84984	0.184.0.0.0
HG004vGRCh38_wm_50md_PBCCS_sniffles_0_84982	0.184.1.0.0
HG002vGRCh38_wm_50md_PBCCS_sniffles_0_88839	0.184.1.0.0
HG003vGRCh38_wm_50md_PBCCS_sniffles_0_86814	0.184.1.0.0
HG004vGRCh38_wm_50md_PBCCS_sniffles_0_84983	0.184.1.0.0
HG002vGRCh38_wm_50md_PBCCS_sniffles_0_88838	0.184.2.0.0
HG003vGRCh38_wm_50md_PBCCS_sniffles_0_86813	0.184.2.0.0
HG004vGRCh38_wm_50md_PBCCS_sniffles_0_84981	0.184.2.0.0
HG004vGRCh38_wm_50md_PBCCS_sniffles_0_84986	0.185.0.0
HG002vGRCh38_wm_50md_PBCCS_sniffles_0_88842	0.185.0.0
HG003vGRCh38_wm_50md_PBCCS_sniffles_0_86816	0.185.0.0
HG004vGRCh38_wm_50md_PBCCS_sniffles_0_84985	0.185.0.0
HG002vGRCh38_wm_50md_PBCCS_sniffles_0_88845	0.186.0.0
HG003vGRCh38_wm_50md_PBCCS_sniffles_0_86817	0.186.0.0
HG004vGRCh38_wm_50md_PBCCS_sniffles_0_84990	0.186.0.0
HG002vGRCh38_wm_50md_PBCCS_sniffles_0_88847	0.187.0.0
HG003vGRCh38_wm_50md_PBCCS_sniffles_0_86819	0.187.0.0
HG004vGRCh38_wm_50md_PBCCS_sniffles_0_84992	0.187.0.0
HG003vGRCh38_wm_50md_PBCCS_sniffles_0_86823	0.189.0.0
HG002vGRCh38_wm_50md_PBCCS_sniffles_0_88851	0.189.0.0
HG003vGRCh38_wm_50md_PBCCS_sniffles_0_86824	0.189.0.0
HG003vGRCh38_wm_50md_PBCCS_sniffles_0_86829	0.191.0.0
HG002vGRCh38_wm_50md_PBCCS_sniffles_0_88856	0.191.0.0
HG003vGRCh38_wm_50md_PBCCS_sniffles_0_86830	0.191.0.0
HG002vGRCh38_wm_50md_PBCCS_sniffles_0_88858	0.193.0.0.0
HG003vGRCh38_wm_50md_PBCCS_sniffles_0_86832	0.193.0.0.0
HG003vGRCh38_wm_50md_PBCCS_sniffles_0_86837	0.193.0.0.1
HG002vGRCh38_wm_50md_PBCCS_sniffles_0_88861	0.193.0.0.1
HG003vGRCh38_wm_50md_PBCCS_sniffles_0_86838	0.193.0.0.1
HG003vGRCh38_wm_50md_PBCCS_sniffles_0_86833	0.193.0.0.1
HG002vGRCh38_wm_50md_PBCCS_sniffles_0_88859	0.193.0.0.1
HG003vGRCh38_wm_50md_PBCCS_sniffles_0_86834	0.193.0.0.1
HG002vGRCh38_wm_50md_PBCCS_sniffles_0_88860	0.193.0.0.1
HG003vGRCh38_wm_50md_PBCCS_sniffles_0_86835	0.193.0.0.1
HG003vGRCh38_wm_50md_PBCCS_sniffles_0_86836	0.193.0.0.1
HG002vGRCh38_wm_50md_PBCCS_sniffles_0_88862	0.193.1.0.0
HG003vGRCh38_wm_50md_PBCCS_sniffles_0_86839	0.193.1.0.0
HG003vGRCh38_wm_50md_PBCCS_sniffles_0_86843	0.194.0.0.0
HG003vGRCh38_wm_50md_PBCCS_sniffles_0_86854	0.194.0.0.1
HG003vGRCh38_wm_50md_PBCCS_sniffles_0_86846	0.194.0.0.1
HG003vGRCh38_wm_50md_PBCCS_sniffles_0_86847	0.194.0.0.2
HG002vGRCh38_wm_50md_PBCCS_sniffles_0_88865	0.194.0.0.2
HG003vGRCh38_wm_50md_PBCCS_sniffles_0_86848	0.194.0.0.2
HG003vGRCh38_wm_50md_PBCCS_sniffles_0_86845	0.194.0.0.2
HG002vGRCh38_wm_50md_PBCCS_sniffles_0_88867	0.194.0.0.3
HG003vGRCh38_wm_50md_PBCCS_sniffles_0_86851	0.194.0.0.3
HG002vGRCh38_wm_50md_PBCCS_sniffles_0_88864	0.194.0.0.4
HG003vGRCh38_wm_50md_PBCCS_sniffles_0_86842	0.194.0.0.4
HG002vGRCh38_wm_50md_PBCCS_sniffles_0_88868	0.194.1.0.0
HG003vGRCh38_wm_50md_PBCCS_sniffles_0_86853	0.194.1.0.0
HG003vGRCh38_wm_50md_PBCCS_sniffles_0_86861	0.195.0.0.0
HG003vGRCh38_wm_50md_PBCCS_sniffles_0_86863	0.195.0.0.0
HG002vGRCh38_wm_50md_PBCCS_sniffles_0_88876	0.195.0.0.0
HG003vGRCh38_wm_50md_PBCCS_sniffles_0_86864	0.195.0.0.0
HG003vGRCh38_wm_50md_PBCCS_sniffles_0_86859	0.195.0.0.0
HG002vGRCh38_wm_50md_PBCCS_sniffles_0_88872	0.195.0.0.0
HG002vGRCh38_wm_50md_PBCCS_sniffles_0_88874	0.195.1.0.0
HG002vGRCh38_wm_50md_PBCCS_sniffles_0_88879	0.197.0.0
HG003vGRCh38_wm_50md_PBCCS_sniffles_0_86867	0.197.0.0
HG003vGRCh38_wm_50md_PBCCS_sniffles_0_86869	0.197.0.0
HG004vGRCh38_wm_50md_PBCCS_sniffles_0_84537	0.20.0.0.0
HG003vGRCh38_wm_50md_PBCCS_sniffles_0_86405	0.20.1.0.0
HG002vGRCh38_wm_50md_PBCCS_sniffles_0_88397	0.20.1.0.1
HG003vGRCh38_wm_50md_PBCCS_sniffles_0_86407	0.20.1.0.1
HG004vGRCh38_wm_50md_PBCCS_sniffles_0_84538	0.20.1.0.2
HG003vGRCh38_wm_50md_PBCCS_sniffles_0_86406	0.20.1.0.2
HG002vGRCh38_wm_50md_PBCCS_sniffles_0_88396	0.20.1.0.2
HG002vGRCh38_wm_50md_PBCCS_sniffles_0_88898	0.209.0.0
HG003vGRCh38_wm_50md_PBCCS_sniffles_0_86886	0.209.0.0
HG002vGRCh38_wm_50md_PBCCS_sniffles_0_88400	0.21.0.0
HG003vGRCh38_wm_50md_PBCCS_sniffles_0_86411	0.21.0.0
HG004vGRCh38_wm_50md_PBCCS_sniffles_0_84547	0.21.0.0
HG002vGRCh38_wm_50md_PBCCS_sniffles_0_88900	0.210.0.0
HG004vGRCh38_wm_50md_PBCCS_sniffles_0_85015	0.210.0.0
HG002vGRCh38_wm_50md_PBCCS_sniffles_0_88907	0.212.0.0.0
HG002vGRCh38_wm_50md_PBCCS_sniffles_0_88908	0.212.0.0.0
HG004vGRCh38_wm_50md_PBCCS_sniffles_0_85019	0.212.0.0.0
HG003vGRCh38_wm_50md_PBCCS_sniffles_0_86894	0.212.0.0.1
HG002vGRCh38_wm_50md_PBCCS_sniffles_0_88906	0.212.1.0.0
HG003vGRCh38_wm_50md_PBCCS_sniffles_0_86893	0.212.1.0.0
HG002vGRCh38_wm_50md_PBCCS_sniffles_0_88912	0.213.0.3.0.0
HG004vGRCh38_wm_50md_PBCCS_sniffles_0_85023	0.213.0.3.0.0
HG004vGRCh38_wm_50md_PBCCS_sniffles_0_85042	0.221.0.0
HG002vGRCh38_wm_50md_PBCCS_sniffles_0_88928	0.221.0.0
HG003vGRCh38_wm_50md_PBCCS_sniffles_0_86913	0.221.0.0
HG004vGRCh38_wm_50md_PBCCS_sniffles_0_85041	0.221.0.0
HG002vGRCh38_wm_50md_PBCCS_sniffles_0_88929	0.221.0.0
HG002vGRCh38_wm_50md_PBCCS_sniffles_0_88932	0.222.0.0
HG004vGRCh38_wm_50md_PBCCS_sniffles_0_85046	0.222.0.0
HG002vGRCh38_wm_50md_PBCCS_sniffles_0_88930	0.222.0.0
HG004vGRCh38_wm_50md_PBCCS_sniffles_0_85044	0.222.0.0
HG002vGRCh38_wm_50md_PBCCS_sniffles_0_88931	0.222.0.0
HG004vGRCh38_wm_50md_PBCCS_sniffles_0_85045	0.222.0.0
HG004vGRCh38_wm_50md_PBCCS_sniffles_0_85047	0.223.0.0
HG004vGRCh38_wm_50md_PBCCS_sniffles_0_85048	0.227.0.0
HG002vGRCh38_wm_50md_PBCCS_sniffles_0_88937	0.228.0.0
HG003vGRCh38_wm_50md_PBCCS_sniffles_0_86919	0.228.0.0
HG004vGRCh38_wm_50md_PBCCS_sniffles_0_85051	0.228.0.0
HG003vGRCh38_wm_50md_PBCCS_sniffles_0_86418	0.23.0.1.0.0
HG002vGRCh38_wm_50md_PBCCS_sniffles_0_88406	0.23.0.1.0.0
HG002vGRCh38_wm_50md_PBCCS_sniffles_0_88407	0.23.0.1.0.0
HG004vGRCh38_wm_50md_PBCCS_sniffles_0_84556	0.23.0.1.0.0
HG003vGRCh38_wm_50md_PBCCS_sniffles_0_86424	0.23.0.1.0.0
HG004vGRCh38_wm_50md_PBCCS_sniffles_0_84563	0.23.0.1.0.0
HG002vGRCh38_wm_50md_PBCCS_sniffles_0_88415	0.23.0.1.0.0
HG003vGRCh38_wm_50md_PBCCS_sniffles_0_86426	0.23.0.1.0.0
HG003vGRCh38_wm_50md_PBCCS_sniffles_0_86427	0.23.0.1.0.0
HG002vGRCh38_wm_50md_PBCCS_sniffles_0_88416	0.23.0.1.0.0
HG003vGRCh38_wm_50md_PBCCS_sniffles_0_86428	0.23.0.1.0.0
HG004vGRCh38_wm_50md_PBCCS_sniffles_0_84565	0.23.0.1.0.0
HG004vGRCh38_wm_50md_PBCCS_sniffles_0_84566	0.23.0.1.0.0
HG004vGRCh38_wm_50md_PBCCS_sniffles_0_84581	0.23.0.1.0.0
HG004vGRCh38_wm_50md_PBCCS_sniffles_0_84569	0.23.0.1.0.1
HG004vGRCh38_wm_50md_PBCCS_sniffles_0_84555	0.23.0.1.0.1
HG004vGRCh38_wm_50md_PBCCS_sniffles_0_84578	0.23.0.1.0.2
HG003vGRCh38_wm_50md_PBCCS_sniffles_0_86433	0.23.1.0.0
HG004vGRCh38_wm_50md_PBCCS_sniffles_0_84567	0.23.2.0.0
HG002vGRCh38_wm_50md_PBCCS_sniffles_0_88417	0.23.2.0.0
HG003vGRCh38_wm_50md_PBCCS_sniffles_0_86429	0.23.2.0.0
HG004vGRCh38_wm_50md_PBCCS_sniffles_0_84554	0.23.2.0.1
HG004vGRCh38_wm_50md_PBCCS_sniffles_0_84575	0.23.2.0.1
HG004vGRCh38_wm_50md_PBCCS_sniffles_0_84574	0.23.2.0.2
HG004vGRCh38_wm_50md_PBCCS_sniffles_0_84577	0.23.2.0.2
HG002vGRCh38_wm_50md_PBCCS_sniffles_0_88405	0.23.2.0.3
HG002vGRCh38_wm_50md_PBCCS_sniffles_0_88420	0.23.2.0.4
HG003vGRCh38_wm_50md_PBCCS_sniffles_0_86431	0.23.2.0.4
HG004vGRCh38_wm_50md_PBCCS_sniffles_0_84572	0.23.2.0.4
HG002vGRCh38_wm_50md_PBCCS_sniffles_0_88424	0.23.2.0.4
HG003vGRCh38_wm_50md_PBCCS_sniffles_0_86434	0.23.2.0.4
HG004vGRCh38_wm_50md_PBCCS_sniffles_0_84576	0.23.2.0.4
HG002vGRCh38_wm_50md_PBCCS_sniffles_0_88425	0.23.2.0.4
HG002vGRCh38_wm_50md_PBCCS_sniffles_0_88426	0.23.2.0.4
HG002vGRCh38_wm_50md_PBCCS_sniffles_0_88427	0.23.2.0.4
HG002vGRCh38_wm_50md_PBCCS_sniffles_0_88428	0.23.2.0.4
HG002vGRCh38_wm_50md_PBCCS_sniffles_0_88429	0.23.2.0.4
HG004vGRCh38_wm_50md_PBCCS_sniffles_0_84585	0.23.2.0.4
HG003vGRCh38_wm_50md_PBCCS_sniffles_0_86440	0.23.2.0.4
HG004vGRCh38_wm_50md_PBCCS_sniffles_0_84570	0.23.2.0.4
HG002vGRCh38_wm_50md_PBCCS_sniffles_0_88419	0.23.2.0.5
HG004vGRCh38_wm_50md_PBCCS_sniffles_0_84573	0.23.2.0.5
HG003vGRCh38_wm_50md_PBCCS_sniffles_0_86432	0.23.2.0.5
HG004vGRCh38_wm_50md_PBCCS_sniffles_0_84568	0.23.2.0.6
HG002vGRCh38_wm_50md_PBCCS_sniffles_0_88418	0.23.2.0.6
HG003vGRCh38_wm_50md_PBCCS_sniffles_0_86430	0.23.2.0.6
HG002vGRCh38_wm_50md_PBCCS_sniffles_0_88954	0.234.0.0
HG003vGRCh38_wm_50md_PBCCS_sniffles_0_86935	0.234.0.0
HG004vGRCh38_wm_50md_PBCCS_sniffles_0_85061	0.234.0.0
HG003vGRCh38_wm_50md_PBCCS_sniffles_0_86939	0.237.0.0
HG004vGRCh38_wm_50md_PBCCS_sniffles_0_85064	0.237.0.0
HG002vGRCh38_wm_50md_PBCCS_sniffles_0_88958	0.237.0.1
HG003vGRCh38_wm_50md_PBCCS_sniffles_0_86942	0.239.0.0
HG004vGRCh38_wm_50md_PBCCS_sniffles_0_85074	0.241.0.0.0
HG003vGRCh38_wm_50md_PBCCS_sniffles_0_86945	0.241.0.0.1
HG004vGRCh38_wm_50md_PBCCS_sniffles_0_85073	0.241.1.0.0
HG002vGRCh38_wm_50md_PBCCS_sniffles_0_88970	0.242.0.0
HG003vGRCh38_wm_50md_PBCCS_sniffles_0_86951	0.242.0.0
HG002vGRCh38_wm_50md_PBCCS_sniffles_0_88973	0.248.0.0
HG004vGRCh38_wm_50md_PBCCS_sniffles_0_85081	0.248.0.0
HG003vGRCh38_wm_50md_PBCCS_sniffles_0_86955	0.249.0.0
HG002vGRCh38_wm_50md_PBCCS_sniffles_0_88976	0.250.0.0
HG004vGRCh38_wm_50md_PBCCS_sniffles_0_85085	0.250.0.1
HG002vGRCh38_wm_50md_PBCCS_sniffles_0_88983	0.251.1.0.0
HG002vGRCh38_wm_50md_PBCCS_sniffles_0_88991	0.252.0.0.0
HG003vGRCh38_wm_50md_PBCCS_sniffles_0_86971	0.252.0.0.1
HG002vGRCh38_wm_50md_PBCCS_sniffles_0_88989	0.252.0.0.2
HG003vGRCh38_wm_50md_PBCCS_sniffles_0_86970	0.252.0.0.2
HG004vGRCh38_wm_50md_PBCCS_sniffles_0_85097	0.252.0.0.2
HG004vGRCh38_wm_50md_PBCCS_sniffles_0_85099	0.252.0.0.3
HG004vGRCh38_wm_50md_PBCCS_sniffles_0_85109	0.253.0.0.0.0.0
HG002vGRCh38_wm_50md_PBCCS_sniffles_0_89002	0.253.0.1.0.0.0
HG003vGRCh38_wm_50md_PBCCS_sniffles_0_86984	0.253.0.1.0.0.0
HG002vGRCh38_wm_50md_PBCCS_sniffles_0_88999	0.253.0.1.1.0.0
HG004vGRCh38_wm_50md_PBCCS_sniffles_0_85110	0.253.0.1.1.0.0
HG002vGRCh38_wm_50md_PBCCS_sniffles_0_88998	0.253.0.1.2.0.0
HG003vGRCh38_wm_50md_PBCCS_sniffles_0_86982	0.253.0.1.2.0.0
HG002vGRCh38_wm_50md_PBCCS_sniffles_0_89001	0.253.0.1.2.0.0
HG003vGRCh38_wm_50md_PBCCS_sniffles_0_86983	0.253.0.1.2.0.0
HG002vGRCh38_wm_50md_PBCCS_sniffles_0_89000	0.253.0.1.2.0.1
HG004vGRCh38_wm_50md_PBCCS_sniffles_0_85112	0.253.0.1.2.0.1
HG004vGRCh38_wm_50md_PBCCS_sniffles_0_85111	0.253.0.1.2.0.1
HG004vGRCh38_wm_50md_PBCCS_sniffles_0_85146	0.253.0.12.0.0
HG002vGRCh38_wm_50md_PBCCS_sniffles_0_89042	0.253.0.14.0.0
HG003vGRCh38_wm_50md_PBCCS_sniffles_0_87030	0.253.0.14.0.0
HG004vGRCh38_wm_50md_PBCCS_sniffles_0_85151	0.253.0.14.0.0
HG003vGRCh38_wm_50md_PBCCS_sniffles_0_87038	0.253.0.17.0.0
HG003vGRCh38_wm_50md_PBCCS_sniffles_0_87039	0.253.0.18.0.0
HG003vGRCh38_wm_50md_PBCCS_sniffles_0_87042	0.253.0.23.0.0
HG003vGRCh38_wm_50md_PBCCS_sniffles_0_87056	0.253.0.24.0.0
HG002vGRCh38_wm_50md_PBCCS_sniffles_0_89067	0.253.0.27.0.0
HG003vGRCh38_wm_50md_PBCCS_sniffles_0_87058	0.253.0.27.0.0
HG003vGRCh38_wm_50md_PBCCS_sniffles_0_87061	0.253.0.29.0.0
HG004vGRCh38_wm_50md_PBCCS_sniffles_0_85175	0.253.0.29.0.0
HG003vGRCh38_wm_50md_PBCCS_sniffles_0_86986	0.253.0.3.0.0.0
HG004vGRCh38_wm_50md_PBCCS_sniffles_0_85117	0.253.0.3.1.0.0
HG002vGRCh38_wm_50md_PBCCS_sniffles_0_89075	0.253.0.31.0.0
HG004vGRCh38_wm_50md_PBCCS_sniffles_0_85177	0.253.0.31.0.0
HG002vGRCh38_wm_50md_PBCCS_sniffles_0_89083	0.253.0.35.0.0
HG004vGRCh38_wm_50md_PBCCS_sniffles_0_85185	0.253.0.35.0.0
HG002vGRCh38_wm_50md_PBCCS_sniffles_0_89084	0.253.0.36.0.0
HG003vGRCh38_wm_50md_PBCCS_sniffles_0_87072	0.253.0.36.0.0
HG002vGRCh38_wm_50md_PBCCS_sniffles_0_89086	0.253.0.36.0.0
HG003vGRCh38_wm_50md_PBCCS_sniffles_0_87073	0.253.0.36.0.0
HG004vGRCh38_wm_50md_PBCCS_sniffles_0_85186	0.253.0.36.0.0
HG004vGRCh38_wm_50md_PBCCS_sniffles_0_85187	0.253.0.36.0.0
HG003vGRCh38_wm_50md_PBCCS_sniffles_0_87077	0.253.0.40.0.0
HG004vGRCh38_wm_50md_PBCCS_sniffles_0_85190	0.253.0.40.0.0
HG002vGRCh38_wm_50md_PBCCS_sniffles_0_89096	0.253.0.42.0.0
HG004vGRCh38_wm_50md_PBCCS_sniffles_0_85201	0.253.0.43.0.0
HG002vGRCh38_wm_50md_PBCCS_sniffles_0_89009	0.253.0.5.0.0
HG004vGRCh38_wm_50md_PBCCS_sniffles_0_85123	0.253.0.5.0.1
HG003vGRCh38_wm_50md_PBCCS_sniffles_0_87102	0.253.0.50.0.0
HG002vGRCh38_wm_50md_PBCCS_sniffles_0_89120	0.253.0.51.0.0
HG004vGRCh38_wm_50md_PBCCS_sniffles_0_85215	0.253.0.51.0.1
HG002vGRCh38_wm_50md_PBCCS_sniffles_0_89122	0.253.0.51.0.1
HG004vGRCh38_wm_50md_PBCCS_sniffles_0_85217	0.253.0.51.0.1
HG003vGRCh38_wm_50md_PBCCS_sniffles_0_87104	0.253.0.51.0.1
HG004vGRCh38_wm_50md_PBCCS_sniffles_0_85221	0.253.0.52.0.0.0
HG002vGRCh38_wm_50md_PBCCS_sniffles_0_89126	0.253.0.52.0.0.0
HG003vGRCh38_wm_50md_PBCCS_sniffles_0_87109	0.253.0.52.0.0.0
HG004vGRCh38_wm_50md_PBCCS_sniffles_0_85223	0.253.0.52.0.0.0
HG002vGRCh38_wm_50md_PBCCS_sniffles_0_89127	0.253.0.52.0.0.0
HG003vGRCh38_wm_50md_PBCCS_sniffles_0_87110	0.253.0.52.0.0.0
HG003vGRCh38_wm_50md_PBCCS_sniffles_0_87111	0.253.0.52.0.0.0
HG002vGRCh38_wm_50md_PBCCS_sniffles_0_89130	0.253.0.52.0.0.0
HG003vGRCh38_wm_50md_PBCCS_sniffles_0_87116	0.253.0.52.0.0.0
HG004vGRCh38_wm_50md_PBCCS_sniffles_0_85231	0.253.0.52.0.0.0
HG004vGRCh38_wm_50md_PBCCS_sniffles_0_85232	0.253.0.52.0.0.0
HG003vGRCh38_wm_50md_PBCCS_sniffles_0_87121	0.253.0.52.0.0.0
HG004vGRCh38_wm_50md_PBCCS_sniffles_0_85237	0.253.0.52.0.0.0
HG004vGRCh38_wm_50md_PBCCS_sniffles_0_85238	0.253.0.52.0.0.0
HG004vGRCh38_wm_50md_PBCCS_sniffles_0_85243	0.253.0.52.0.0.0
HG002vGRCh38_wm_50md_PBCCS_sniffles_0_89137	0.253.0.52.0.0.0
HG002vGRCh38_wm_50md_PBCCS_sniffles_0_89138	0.253.0.52.0.0.0
HG003vGRCh38_wm_50md_PBCCS_sniffles_0_87129	0.253.0.52.0.0.0
HG004vGRCh38_wm_50md_PBCCS_sniffles_0_85244	0.253.0.52.0.0.0
HG004vGRCh38_wm_50md_PBCCS_sniffles_0_85246	0.253.0.52.0.0.0
HG003vGRCh38_wm_50md_PBCCS_sniffles_0_87127	0.253.0.52.0.0.1
HG002vGRCh38_wm_50md_PBCCS_sniffles_0_89135	0.253.0.52.0.0.1
HG004vGRCh38_wm_50md_PBCCS_sniffles_0_85240	0.253.0.52.0.0.1
HG002vGRCh38_wm_50md_PBCCS_sniffles_0_89136	0.253.0.52.0.0.1
HG003vGRCh38_wm_50md_PBCCS_sniffles_0_87124	0.253.0.52.0.0.1
HG004vGRCh38_wm_50md_PBCCS_sniffles_0_85242	0.253.0.52.0.0.1
HG003vGRCh38_wm_50md_PBCCS_sniffles_0_87126	0.253.0.52.0.0.1
HG003vGRCh38_wm_50md_PBCCS_sniffles_0_87118	0.253.0.52.0.0.1
HG003vGRCh38_wm_50md_PBCCS_sniffles_0_87120	0.253.0.52.0.0.1
HG002vGRCh38_wm_50md_PBCCS_sniffles_0_89132	0.253.0.52.0.0.2
HG004vGRCh38_wm_50md_PBCCS_sniffles_0_85236	0.253.0.52.0.0.3
HG004vGRCh38_wm_50md_PBCCS_sniffles_0_85225	0.253.0.52.0.0.4
HG002vGRCh38_wm_50md_PBCCS_sniffles_0_89134	0.253.0.52.1.0.0
HG004vGRCh38_wm_50md_PBCCS_sniffles_0_85239	0.253.0.52.1.0.0
HG004vGRCh38_wm_50md_PBCCS_sniffles_0_85247	0.253.0.53.0.0
HG002vGRCh38_wm_50md_PBCCS_sniffles_0_89151	0.253.0.57.0.0
HG004vGRCh38_wm_50md_PBCCS_sniffles_0_85257	0.253.0.57.0.0
HG002vGRCh38_wm_50md_PBCCS_sniffles_0_89159	0.253.0.60.0.0
HG003vGRCh38_wm_50md_PBCCS_sniffles_0_87146	0.253.0.60.0.1
HG003vGRCh38_wm_50md_PBCCS_sniffles_0_87148	0.253.0.60.0.1
HG003vGRCh38_wm_50md_PBCCS_sniffles_0_87149	0.253.0.60.0.1
HG003vGRCh38_wm_50md_PBCCS_sniffles_0_87150	0.253.0.60.0.1
HG004vGRCh38_wm_50md_PBCCS_sniffles_0_85262	0.253.0.60.0.2
HG003vGRCh38_wm_50md_PBCCS_sniffles_0_87147	0.253.0.60.0.2
HG004vGRCh38_wm_50md_PBCCS_sniffles_0_85131	0.253.0.7.0.0
HG002vGRCh38_wm_50md_PBCCS_sniffles_0_89031	0.253.0.8.0.0
HG003vGRCh38_wm_50md_PBCCS_sniffles_0_87014	0.253.0.8.0.0
HG002vGRCh38_wm_50md_PBCCS_sniffles_0_89037	0.253.0.9.0.0
HG003vGRCh38_wm_50md_PBCCS_sniffles_0_87022	0.253.0.9.0.0
HG004vGRCh38_wm_50md_PBCCS_sniffles_0_85139	0.253.0.9.0.0
HG003vGRCh38_wm_50md_PBCCS_sniffles_0_87018	0.253.0.9.0.0
HG004vGRCh38_wm_50md_PBCCS_sniffles_0_85140	0.253.0.9.0.0
HG004vGRCh38_wm_50md_PBCCS_sniffles_0_85226	0.253.1.2.0.0
HG004vGRCh38_wm_50md_PBCCS_sniffles_0_85233	0.253.1.2.0.0
HG002vGRCh38_wm_50md_PBCCS_sniffles_0_89128	0.253.1.2.0.1
HG004vGRCh38_wm_50md_PBCCS_sniffles_0_85227	0.253.1.2.0.1
HG004vGRCh38_wm_50md_PBCCS_sniffles_0_85267	0.254.0.0
HG003vGRCh38_wm_50md_PBCCS_sniffles_0_87158	0.255.0.0.0
HG004vGRCh38_wm_50md_PBCCS_sniffles_0_85273	0.255.0.0.0
HG003vGRCh38_wm_50md_PBCCS_sniffles_0_87153	0.255.0.0.1
HG002vGRCh38_wm_50md_PBCCS_sniffles_0_89163	0.255.0.0.1
HG004vGRCh38_wm_50md_PBCCS_sniffles_0_85272	0.255.0.0.1
HG002vGRCh38_wm_50md_PBCCS_sniffles_0_89167	0.255.0.0.1
HG002vGRCh38_wm_50md_PBCCS_sniffles_0_89162	0.255.1.0.0
HG003vGRCh38_wm_50md_PBCCS_sniffles_0_87154	0.255.1.0.0
HG004vGRCh38_wm_50md_PBCCS_sniffles_0_85268	0.255.1.0.0
HG002vGRCh38_wm_50md_PBCCS_sniffles_0_89164	0.255.2.0.0
HG004vGRCh38_wm_50md_PBCCS_sniffles_0_85270	0.255.2.0.0
HG002vGRCh38_wm_50md_PBCCS_sniffles_0_89168	0.256.0.0
HG003vGRCh38_wm_50md_PBCCS_sniffles_0_87159	0.256.0.0
HG004vGRCh38_wm_50md_PBCCS_sniffles_0_85276	0.256.0.0
HG002vGRCh38_wm_50md_PBCCS_sniffles_0_89170	0.259.0.0
HG004vGRCh38_wm_50md_PBCCS_sniffles_0_85277	0.259.0.0
HG003vGRCh38_wm_50md_PBCCS_sniffles_0_87161	0.259.0.0
HG002vGRCh38_wm_50md_PBCCS_sniffles_0_89171	0.260.0.0
HG003vGRCh38_wm_50md_PBCCS_sniffles_0_87162	0.260.0.0
HG004vGRCh38_wm_50md_PBCCS_sniffles_0_85278	0.260.0.0
HG004vGRCh38_wm_50md_PBCCS_sniffles_0_85280	0.261.0.0
HG003vGRCh38_wm_50md_PBCCS_sniffles_0_87165	0.262.0.0
HG004vGRCh38_wm_50md_PBCCS_sniffles_0_85287	0.263.0.0
HG002vGRCh38_wm_50md_PBCCS_sniffles_0_89183	0.268.0.0
HG004vGRCh38_wm_50md_PBCCS_sniffles_0_85291	0.268.0.0
HG004vGRCh38_wm_50md_PBCCS_sniffles_0_85298	0.274.0.0
HG003vGRCh38_wm_50md_PBCCS_sniffles_0_87186	0.276.0.0.0
HG003vGRCh38_wm_50md_PBCCS_sniffles_0_87188	0.278.0.0
HG004vGRCh38_wm_50md_PBCCS_sniffles_0_85322	0.293.0.0
HG002vGRCh38_wm_50md_PBCCS_sniffles_0_89207	0.295.0.0
HG003vGRCh38_wm_50md_PBCCS_sniffles_0_87203	0.295.0.0
HG004vGRCh38_wm_50md_PBCCS_sniffles_0_85324	0.295.0.0
HG002vGRCh38_wm_50md_PBCCS_sniffles_0_89208	0.296.0.0
HG002vGRCh38_wm_50md_PBCCS_sniffles_0_89209	0.296.0.0
HG003vGRCh38_wm_50md_PBCCS_sniffles_0_87204	0.296.0.0
HG004vGRCh38_wm_50md_PBCCS_sniffles_0_85325	0.296.0.0
HG004vGRCh38_wm_50md_PBCCS_sniffles_0_85328	0.297.0.0.0.0
HG002vGRCh38_wm_50md_PBCCS_sniffles_0_89216	0.297.0.3.0.0
HG003vGRCh38_wm_50md_PBCCS_sniffles_0_87211	0.297.0.3.0.0
HG002vGRCh38_wm_50md_PBCCS_sniffles_0_89219	0.297.0.6.0.0
HG002vGRCh38_wm_50md_PBCCS_sniffles_0_89220	0.297.0.7.0.0
HG002vGRCh38_wm_50md_PBCCS_sniffles_0_89221	0.297.0.7.0.0
HG003vGRCh38_wm_50md_PBCCS_sniffles_0_87214	0.297.0.7.0.0
HG004vGRCh38_wm_50md_PBCCS_sniffles_0_85334	0.297.0.7.0.0
HG002vGRCh38_wm_50md_PBCCS_sniffles_0_89223	0.297.0.9.0.0
HG004vGRCh38_wm_50md_PBCCS_sniffles_0_85336	0.297.1.1.0.0
HG002vGRCh38_wm_50md_PBCCS_sniffles_0_89222	0.297.1.1.0.1
HG002vGRCh38_wm_50md_PBCCS_sniffles_0_89226	0.297.1.3.0.0
HG003vGRCh38_wm_50md_PBCCS_sniffles_0_87218	0.297.1.3.0.0
HG004vGRCh38_wm_50md_PBCCS_sniffles_0_85340	0.297.1.3.0.0
HG004vGRCh38_wm_50md_PBCCS_sniffles_0_85342	0.298.0.0
HG004vGRCh38_wm_50md_PBCCS_sniffles_0_84508	0.3.0.0
HG002vGRCh38_wm_50md_PBCCS_sniffles_0_89232	0.301.0.0
HG003vGRCh38_wm_50md_PBCCS_sniffles_0_87222	0.301.0.0
HG002vGRCh38_wm_50md_PBCCS_sniffles_0_89237	0.304.0.0.0
HG003vGRCh38_wm_50md_PBCCS_sniffles_0_87226	0.304.0.0.0
HG004vGRCh38_wm_50md_PBCCS_sniffles_0_85349	0.304.0.0.0
HG002vGRCh38_wm_50md_PBCCS_sniffles_0_89236	0.304.1.0.0
HG004vGRCh38_wm_50md_PBCCS_sniffles_0_85347	0.304.1.0.0
HG002vGRCh38_wm_50md_PBCCS_sniffles_0_89238	0.305.0.0
HG004vGRCh38_wm_50md_PBCCS_sniffles_0_85350	0.305.0.0
HG004vGRCh38_wm_50md_PBCCS_sniffles_0_85352	0.307.0.0.0
HG004vGRCh38_wm_50md_PBCCS_sniffles_0_85355	0.307.1.0.0
HG003vGRCh38_wm_50md_PBCCS_sniffles_0_87232	0.309.0.0
HG004vGRCh38_wm_50md_PBCCS_sniffles_0_85357	0.309.0.0
HG002vGRCh38_wm_50md_PBCCS_sniffles_0_88462	0.31.0.0
HG003vGRCh38_wm_50md_PBCCS_sniffles_0_86471	0.31.0.0
HG002vGRCh38_wm_50md_PBCCS_sniffles_0_89240	0.311.0.0
HG003vGRCh38_wm_50md_PBCCS_sniffles_0_87233	0.311.0.0
HG002vGRCh38_wm_50md_PBCCS_sniffles_0_89241	0.312.0.0
HG003vGRCh38_wm_50md_PBCCS_sniffles_0_87234	0.312.0.0
HG004vGRCh38_wm_50md_PBCCS_sniffles_0_85362	0.312.0.0
HG004vGRCh38_wm_50md_PBCCS_sniffles_0_85363	0.312.0.0
HG004vGRCh38_wm_50md_PBCCS_sniffles_0_85367	0.314.0.0
HG004vGRCh38_wm_50md_PBCCS_sniffles_0_85368	0.315.0.0
HG004vGRCh38_wm_50md_PBCCS_sniffles_0_85370	0.316.0.0
HG002vGRCh38_wm_50md_PBCCS_sniffles_0_89247	0.319.0.0
HG003vGRCh38_wm_50md_PBCCS_sniffles_0_87240	0.319.0.0
HG004vGRCh38_wm_50md_PBCCS_sniffles_0_85372	0.319.0.0
HG002vGRCh38_wm_50md_PBCCS_sniffles_0_89252	0.323.0.0
HG003vGRCh38_wm_50md_PBCCS_sniffles_0_87242	0.323.0.0
HG004vGRCh38_wm_50md_PBCCS_sniffles_0_85374	0.323.0.0
HG004vGRCh38_wm_50md_PBCCS_sniffles_0_85380	0.328.0.0
HG003vGRCh38_wm_50md_PBCCS_sniffles_0_86475	0.33.0.0
HG002vGRCh38_wm_50md_PBCCS_sniffles_0_89266	0.330.0.2.0.0
HG003vGRCh38_wm_50md_PBCCS_sniffles_0_87255	0.330.0.2.0.0
HG002vGRCh38_wm_50md_PBCCS_sniffles_0_89268	0.331.0.0
HG002vGRCh38_wm_50md_PBCCS_sniffles_0_89276	0.337.0.0
HG002vGRCh38_wm_50md_PBCCS_sniffles_0_89277	0.338.0.0
HG003vGRCh38_wm_50md_PBCCS_sniffles_0_87268	0.338.0.0
HG004vGRCh38_wm_50md_PBCCS_sniffles_0_85408	0.338.0.0
HG002vGRCh38_wm_50md_PBCCS_sniffles_0_89278	0.339.0.0
HG003vGRCh38_wm_50md_PBCCS_sniffles_0_87269	0.339.0.0
HG004vGRCh38_wm_50md_PBCCS_sniffles_0_85409	0.339.0.0
HG002vGRCh38_wm_50md_PBCCS_sniffles_0_89281	0.341.0.0
HG003vGRCh38_wm_50md_PBCCS_sniffles_0_87272	0.341.0.1
HG002vGRCh38_wm_50md_PBCCS_sniffles_0_89286	0.343.0.0
HG003vGRCh38_wm_50md_PBCCS_sniffles_0_87277	0.343.0.0
HG004vGRCh38_wm_50md_PBCCS_sniffles_0_85414	0.343.0.0
HG002vGRCh38_wm_50md_PBCCS_sniffles_0_89289	0.344.0.0
HG003vGRCh38_wm_50md_PBCCS_sniffles_0_87278	0.344.0.0
HG003vGRCh38_wm_50md_PBCCS_sniffles_0_87280	0.345.0.0
HG002vGRCh38_wm_50md_PBCCS_sniffles_0_89292	0.347.0.0
HG003vGRCh38_wm_50md_PBCCS_sniffles_0_87283	0.347.0.0
HG002vGRCh38_wm_50md_PBCCS_sniffles_0_89296	0.349.0.0
HG003vGRCh38_wm_50md_PBCCS_sniffles_0_87284	0.349.0.0
HG004vGRCh38_wm_50md_PBCCS_sniffles_0_85419	0.349.0.0
HG003vGRCh38_wm_50md_PBCCS_sniffles_0_86484	0.35.0.2.0.0
HG004vGRCh38_wm_50md_PBCCS_sniffles_0_84623	0.35.0.2.0.0
HG002vGRCh38_wm_50md_PBCCS_sniffles_0_88476	0.35.0.2.0.0
HG002vGRCh38_wm_50md_PBCCS_sniffles_0_89297	0.350.0.0
HG004vGRCh38_wm_50md_PBCCS_sniffles_0_85420	0.350.0.0
HG002vGRCh38_wm_50md_PBCCS_sniffles_0_89299	0.352.0.0
HG004vGRCh38_wm_50md_PBCCS_sniffles_0_85421	0.352.0.0
HG004vGRCh38_wm_50md_PBCCS_sniffles_0_85427	0.357.0.0
HG004vGRCh38_wm_50md_PBCCS_sniffles_0_85429	0.361.0.0
HG002vGRCh38_wm_50md_PBCCS_sniffles_0_89309	0.361.0.0
HG002vGRCh38_wm_50md_PBCCS_sniffles_0_89318	0.364.0.0
HG003vGRCh38_wm_50md_PBCCS_sniffles_0_87305	0.364.0.0
HG002vGRCh38_wm_50md_PBCCS_sniffles_0_89319	0.365.0.0
HG003vGRCh38_wm_50md_PBCCS_sniffles_0_87309	0.366.0.0
HG003vGRCh38_wm_50md_PBCCS_sniffles_0_87315	0.370.0.0
HG002vGRCh38_wm_50md_PBCCS_sniffles_0_89328	0.372.0.0
HG003vGRCh38_wm_50md_PBCCS_sniffles_0_87319	0.372.0.0
HG004vGRCh38_wm_50md_PBCCS_sniffles_0_85436	0.372.0.0
HG002vGRCh38_wm_50md_PBCCS_sniffles_0_89333	0.376.0.0
HG003vGRCh38_wm_50md_PBCCS_sniffles_0_87325	0.376.0.0
HG004vGRCh38_wm_50md_PBCCS_sniffles_0_85443	0.376.0.0
HG002vGRCh38_wm_50md_PBCCS_sniffles_0_89335	0.378.0.0
HG003vGRCh38_wm_50md_PBCCS_sniffles_0_87326	0.378.0.0
HG004vGRCh38_wm_50md_PBCCS_sniffles_0_85444	0.378.0.0
HG002vGRCh38_wm_50md_PBCCS_sniffles_0_89336	0.380.0.0
HG004vGRCh38_wm_50md_PBCCS_sniffles_0_85445	0.380.0.0
HG002vGRCh38_wm_50md_PBCCS_sniffles_0_89337	0.382.0.0
HG003vGRCh38_wm_50md_PBCCS_sniffles_0_87331	0.382.0.0
HG002vGRCh38_wm_50md_PBCCS_sniffles_0_89341	0.386.0.0
HG003vGRCh38_wm_50md_PBCCS_sniffles_0_87333	0.386.0.0
HG004vGRCh38_wm_50md_PBCCS_sniffles_0_85451	0.386.0.0
HG003vGRCh38_wm_50md_PBCCS_sniffles_0_87334	0.388.0.0
HG004vGRCh38_wm_50md_PBCCS_sniffles_0_85453	0.388.0.0
HG002vGRCh38_wm_50md_PBCCS_sniffles_0_89355	0.397.0.0
HG004vGRCh38_wm_50md_PBCCS_sniffles_0_85472	0.402.0.0
HG003vGRCh38_wm_50md_PBCCS_sniffles_0_87345	0.403.0.0
HG003vGRCh38_wm_50md_PBCCS_sniffles_0_87347	0.404.0.0
HG004vGRCh38_wm_50md_PBCCS_sniffles_0_85474	0.404.0.0
HG002vGRCh38_wm_50md_PBCCS_sniffles_0_89362	0.407.0.0
HG004vGRCh38_wm_50md_PBCCS_sniffles_0_85478	0.409.0.0
HG002vGRCh38_wm_50md_PBCCS_sniffles_0_89365	0.409.0.0
HG003vGRCh38_wm_50md_PBCCS_sniffles_0_87354	0.409.0.0
HG002vGRCh38_wm_50md_PBCCS_sniffles_0_88491	0.41.0.2.0.0
HG003vGRCh38_wm_50md_PBCCS_sniffles_0_86491	0.41.0.2.0.0
HG003vGRCh38_wm_50md_PBCCS_sniffles_0_87357	0.412.0.0
HG002vGRCh38_wm_50md_PBCCS_sniffles_0_89371	0.415.0.0
HG003vGRCh38_wm_50md_PBCCS_sniffles_0_87359	0.415.0.0
HG004vGRCh38_wm_50md_PBCCS_sniffles_0_85490	0.418.0.0
HG002vGRCh38_wm_50md_PBCCS_sniffles_0_89372	0.418.0.0
HG003vGRCh38_wm_50md_PBCCS_sniffles_0_86493	0.42.0.0
HG003vGRCh38_wm_50md_PBCCS_sniffles_0_86492	0.42.0.0
HG002vGRCh38_wm_50md_PBCCS_sniffles_0_89375	0.420.0.0
HG003vGRCh38_wm_50md_PBCCS_sniffles_0_87362	0.420.0.0
HG004vGRCh38_wm_50md_PBCCS_sniffles_0_85491	0.420.0.0
HG004vGRCh38_wm_50md_PBCCS_sniffles_0_85494	0.422.0.0
HG002vGRCh38_wm_50md_PBCCS_sniffles_0_89378	0.424.0.0
HG004vGRCh38_wm_50md_PBCCS_sniffles_0_85495	0.424.0.0
HG004vGRCh38_wm_50md_PBCCS_sniffles_0_85497	0.425.0.0
HG003vGRCh38_wm_50md_PBCCS_sniffles_0_87371	0.426.0.0
HG002vGRCh38_wm_50md_PBCCS_sniffles_0_89386	0.429.0.0
HG004vGRCh38_wm_50md_PBCCS_sniffles_0_85510	0.429.0.0
HG003vGRCh38_wm_50md_PBCCS_sniffles_0_87375	0.430.0.0
HG002vGRCh38_wm_50md_PBCCS_sniffles_0_89389	0.431.0.0
HG003vGRCh38_wm_50md_PBCCS_sniffles_0_87376	0.431.0.0
HG004vGRCh38_wm_50md_PBCCS_sniffles_0_85517	0.435.0.0
HG002vGRCh38_wm_50md_PBCCS_sniffles_0_89398	0.436.0.0
HG004vGRCh38_wm_50md_PBCCS_sniffles_0_85520	0.439.0.0
HG003vGRCh38_wm_50md_PBCCS_sniffles_0_87395	0.442.0.0
HG004vGRCh38_wm_50md_PBCCS_sniffles_0_85528	0.442.0.0
HG003vGRCh38_wm_50md_PBCCS_sniffles_0_87397	0.444.0.0
HG002vGRCh38_wm_50md_PBCCS_sniffles_0_89413	0.444.0.0
HG002vGRCh38_wm_50md_PBCCS_sniffles_0_89416	0.447.0.0
HG004vGRCh38_wm_50md_PBCCS_sniffles_0_85529	0.447.0.0
HG002vGRCh38_wm_50md_PBCCS_sniffles_0_89420	0.449.0.0
HG003vGRCh38_wm_50md_PBCCS_sniffles_0_87402	0.449.0.0
HG002vGRCh38_wm_50md_PBCCS_sniffles_0_88493	0.45.0.0.0
HG003vGRCh38_wm_50md_PBCCS_sniffles_0_86496	0.45.0.0.0
HG004vGRCh38_wm_50md_PBCCS_sniffles_0_84642	0.45.0.0.0
HG004vGRCh38_wm_50md_PBCCS_sniffles_0_84644	0.45.0.0.0
HG002vGRCh38_wm_50md_PBCCS_sniffles_0_88495	0.45.0.0.0
HG003vGRCh38_wm_50md_PBCCS_sniffles_0_86497	0.45.0.0.0
HG004vGRCh38_wm_50md_PBCCS_sniffles_0_84647	0.45.0.0.0
HG004vGRCh38_wm_50md_PBCCS_sniffles_0_84648	0.45.0.0.1
HG004vGRCh38_wm_50md_PBCCS_sniffles_0_84650	0.45.1.0.0
HG002vGRCh38_wm_50md_PBCCS_sniffles_0_89422	0.451.0.0
HG003vGRCh38_wm_50md_PBCCS_sniffles_0_87405	0.451.0.0
HG004vGRCh38_wm_50md_PBCCS_sniffles_0_85537	0.451.0.0
HG004vGRCh38_wm_50md_PBCCS_sniffles_0_85542	0.453.0.0
HG004vGRCh38_wm_50md_PBCCS_sniffles_0_85547	0.456.0.0
HG002vGRCh38_wm_50md_PBCCS_sniffles_0_89440	0.464.0.0
HG003vGRCh38_wm_50md_PBCCS_sniffles_0_87416	0.464.0.0
HG004vGRCh38_wm_50md_PBCCS_sniffles_0_85559	0.464.0.0
HG003vGRCh38_wm_50md_PBCCS_sniffles_0_87426	0.470.0.0
HG004vGRCh38_wm_50md_PBCCS_sniffles_0_85568	0.470.0.0
HG002vGRCh38_wm_50md_PBCCS_sniffles_0_89450	0.471.0.0
HG004vGRCh38_wm_50md_PBCCS_sniffles_0_85569	0.471.0.0
HG002vGRCh38_wm_50md_PBCCS_sniffles_0_89452	0.472.0.0
HG003vGRCh38_wm_50md_PBCCS_sniffles_0_87429	0.472.0.0
HG004vGRCh38_wm_50md_PBCCS_sniffles_0_85571	0.472.0.0
HG003vGRCh38_wm_50md_PBCCS_sniffles_0_87432	0.473.0.1.0.0
HG002vGRCh38_wm_50md_PBCCS_sniffles_0_89455	0.473.0.1.0.0
HG003vGRCh38_wm_50md_PBCCS_sniffles_0_87433	0.473.0.1.0.0
HG004vGRCh38_wm_50md_PBCCS_sniffles_0_85573	0.473.0.1.0.0
HG002vGRCh38_wm_50md_PBCCS_sniffles_0_89459	0.477.0.0
HG004vGRCh38_wm_50md_PBCCS_sniffles_0_85577	0.477.0.0
HG002vGRCh38_wm_50md_PBCCS_sniffles_0_89460	0.478.0.0
HG002vGRCh38_wm_50md_PBCCS_sniffles_0_89463	0.480.0.0
HG003vGRCh38_wm_50md_PBCCS_sniffles_0_87441	0.480.0.0
HG004vGRCh38_wm_50md_PBCCS_sniffles_0_85587	0.484.0.0
HG002vGRCh38_wm_50md_PBCCS_sniffles_0_89468	0.484.0.0
HG003vGRCh38_wm_50md_PBCCS_sniffles_0_87446	0.484.0.0
HG004vGRCh38_wm_50md_PBCCS_sniffles_0_85588	0.485.0.0
HG004vGRCh38_wm_50md_PBCCS_sniffles_0_85591	0.488.0.0
HG002vGRCh38_wm_50md_PBCCS_sniffles_0_89473	0.489.0.0
HG004vGRCh38_wm_50md_PBCCS_sniffles_0_85592	0.489.0.0
HG002vGRCh38_wm_50md_PBCCS_sniffles_0_89485	0.497.0.0
HG004vGRCh38_wm_50md_PBCCS_sniffles_0_85601	0.497.0.0
HG003vGRCh38_wm_50md_PBCCS_sniffles_0_87464	0.498.0.0
HG004vGRCh38_wm_50md_PBCCS_sniffles_0_84509	0.5.0.0
HG002vGRCh38_wm_50md_PBCCS_sniffles_0_89490	0.503.0.0
HG003vGRCh38_wm_50md_PBCCS_sniffles_0_87468	0.503.0.0
HG004vGRCh38_wm_50md_PBCCS_sniffles_0_85605	0.504.0.0
HG002vGRCh38_wm_50md_PBCCS_sniffles_0_89493	0.504.0.0
HG002vGRCh38_wm_50md_PBCCS_sniffles_0_89498	0.509.0.0
HG003vGRCh38_wm_50md_PBCCS_sniffles_0_87477	0.509.0.0
HG004vGRCh38_wm_50md_PBCCS_sniffles_0_85611	0.509.0.0
HG004vGRCh38_wm_50md_PBCCS_sniffles_0_84657	0.51.0.0
HG003vGRCh38_wm_50md_PBCCS_sniffles_0_86501	0.51.0.1
HG002vGRCh38_wm_50md_PBCCS_sniffles_0_88503	0.51.0.2
HG002vGRCh38_wm_50md_PBCCS_sniffles_0_89503	0.511.0.0
HG003vGRCh38_wm_50md_PBCCS_sniffles_0_87483	0.511.0.0
HG004vGRCh38_wm_50md_PBCCS_sniffles_0_85615	0.511.0.0
HG002vGRCh38_wm_50md_PBCCS_sniffles_0_89507	0.515.0.0
HG003vGRCh38_wm_50md_PBCCS_sniffles_0_87488	0.515.0.0
HG004vGRCh38_wm_50md_PBCCS_sniffles_0_85621	0.515.0.0
HG004vGRCh38_wm_50md_PBCCS_sniffles_0_85623	0.517.0.0
HG002vGRCh38_wm_50md_PBCCS_sniffles_0_89516	0.519.0.0
HG003vGRCh38_wm_50md_PBCCS_sniffles_0_87496	0.519.0.0
HG004vGRCh38_wm_50md_PBCCS_sniffles_0_85629	0.519.0.0
HG003vGRCh38_wm_50md_PBCCS_sniffles_0_87498	0.519.0.0
HG002vGRCh38_wm_50md_PBCCS_sniffles_0_88505	0.52.0.0
HG004vGRCh38_wm_50md_PBCCS_sniffles_0_84661	0.52.0.0
HG002vGRCh38_wm_50md_PBCCS_sniffles_0_89520	0.520.0.0
HG002vGRCh38_wm_50md_PBCCS_sniffles_0_89522	0.523.0.0
HG003vGRCh38_wm_50md_PBCCS_sniffles_0_87505	0.523.0.0
HG004vGRCh38_wm_50md_PBCCS_sniffles_0_85634	0.523.0.0
HG003vGRCh38_wm_50md_PBCCS_sniffles_0_87507	0.525.0.0
HG003vGRCh38_wm_50md_PBCCS_sniffles_0_87519	0.532.0.0
HG003vGRCh38_wm_50md_PBCCS_sniffles_0_87523	0.535.0.0
HG002vGRCh38_wm_50md_PBCCS_sniffles_0_89533	0.539.0.0
HG003vGRCh38_wm_50md_PBCCS_sniffles_0_87527	0.539.0.0
HG004vGRCh38_wm_50md_PBCCS_sniffles_0_85644	0.539.0.0
HG002vGRCh38_wm_50md_PBCCS_sniffles_0_89535	0.539.0.0
HG003vGRCh38_wm_50md_PBCCS_sniffles_0_87528	0.539.0.0
HG004vGRCh38_wm_50md_PBCCS_sniffles_0_85645	0.539.0.0
HG003vGRCh38_wm_50md_PBCCS_sniffles_0_86507	0.54.0.0
HG002vGRCh38_wm_50md_PBCCS_sniffles_0_89541	0.542.0.0
HG003vGRCh38_wm_50md_PBCCS_sniffles_0_87535	0.542.0.0
HG002vGRCh38_wm_50md_PBCCS_sniffles_0_89543	0.543.0.0
HG004vGRCh38_wm_50md_PBCCS_sniffles_0_85650	0.543.0.0
HG003vGRCh38_wm_50md_PBCCS_sniffles_0_87540	0.546.0.0
HG004vGRCh38_wm_50md_PBCCS_sniffles_0_85654	0.546.0.0
HG003vGRCh38_wm_50md_PBCCS_sniffles_0_87560	0.554.0.0
HG004vGRCh38_wm_50md_PBCCS_sniffles_0_85685	0.560.0.0
HG002vGRCh38_wm_50md_PBCCS_sniffles_0_89577	0.560.0.1
HG003vGRCh38_wm_50md_PBCCS_sniffles_0_87573	0.560.0.1
HG002vGRCh38_wm_50md_PBCCS_sniffles_0_89578	0.561.0.0
HG004vGRCh38_wm_50md_PBCCS_sniffles_0_85686	0.561.0.0
HG002vGRCh38_wm_50md_PBCCS_sniffles_0_89579	0.561.0.0
HG004vGRCh38_wm_50md_PBCCS_sniffles_0_85687	0.561.0.0
HG002vGRCh38_wm_50md_PBCCS_sniffles_0_89580	0.562.0.0
HG003vGRCh38_wm_50md_PBCCS_sniffles_0_87574	0.562.0.0
HG002vGRCh38_wm_50md_PBCCS_sniffles_0_89581	0.562.0.0
HG002vGRCh38_wm_50md_PBCCS_sniffles_0_89582	0.563.0.0
HG003vGRCh38_wm_50md_PBCCS_sniffles_0_87575	0.563.0.0
HG004vGRCh38_wm_50md_PBCCS_sniffles_0_85688	0.563.0.0
HG004vGRCh38_wm_50md_PBCCS_sniffles_0_85690	0.564.0.0
HG002vGRCh38_wm_50md_PBCCS_sniffles_0_89594	0.573.0.0
HG003vGRCh38_wm_50md_PBCCS_sniffles_0_87581	0.573.0.0
HG003vGRCh38_wm_50md_PBCCS_sniffles_0_87580	0.573.0.0
HG002vGRCh38_wm_50md_PBCCS_sniffles_0_89599	0.576.0.0
HG003vGRCh38_wm_50md_PBCCS_sniffles_0_87588	0.576.0.0
HG004vGRCh38_wm_50md_PBCCS_sniffles_0_85705	0.576.0.0
HG002vGRCh38_wm_50md_PBCCS_sniffles_0_89607	0.579.0.0
HG003vGRCh38_wm_50md_PBCCS_sniffles_0_87593	0.579.0.0
HG004vGRCh38_wm_50md_PBCCS_sniffles_0_85709	0.579.0.0
HG003vGRCh38_wm_50md_PBCCS_sniffles_0_86516	0.58.0.0.0.0
HG004vGRCh38_wm_50md_PBCCS_sniffles_0_84683	0.58.0.0.0.0
HG002vGRCh38_wm_50md_PBCCS_sniffles_0_88526	0.58.0.0.0.0
HG002vGRCh38_wm_50md_PBCCS_sniffles_0_88533	0.58.0.0.0.0
HG003vGRCh38_wm_50md_PBCCS_sniffles_0_86536	0.58.0.0.0.0
HG003vGRCh38_wm_50md_PBCCS_sniffles_0_86541	0.58.0.0.0.0
HG004vGRCh38_wm_50md_PBCCS_sniffles_0_84694	0.58.0.0.0.0
HG002vGRCh38_wm_50md_PBCCS_sniffles_0_88517	0.58.0.0.0.0
HG004vGRCh38_wm_50md_PBCCS_sniffles_0_84671	0.58.0.0.0.1
HG002vGRCh38_wm_50md_PBCCS_sniffles_0_88625	0.58.0.1.0.0
HG004vGRCh38_wm_50md_PBCCS_sniffles_0_84772	0.58.0.1.0.0
HG003vGRCh38_wm_50md_PBCCS_sniffles_0_86519	0.58.1.0.0
HG004vGRCh38_wm_50md_PBCCS_sniffles_0_84675	0.58.1.0.0
HG002vGRCh38_wm_50md_PBCCS_sniffles_0_88522	0.58.1.0.0
HG002vGRCh38_wm_50md_PBCCS_sniffles_0_88515	0.58.1.0.0
HG004vGRCh38_wm_50md_PBCCS_sniffles_0_84688	0.58.1.0.0
HG002vGRCh38_wm_50md_PBCCS_sniffles_0_88532	0.58.1.0.0
HG003vGRCh38_wm_50md_PBCCS_sniffles_0_86518	0.58.1.0.0
HG004vGRCh38_wm_50md_PBCCS_sniffles_0_84674	0.58.1.0.0
HG004vGRCh38_wm_50md_PBCCS_sniffles_0_84682	0.58.1.0.0
HG003vGRCh38_wm_50md_PBCCS_sniffles_0_86529	0.58.1.0.0
HG003vGRCh38_wm_50md_PBCCS_sniffles_0_86515	0.58.1.0.0
HG002vGRCh38_wm_50md_PBCCS_sniffles_0_88512	0.58.1.0.0
HG004vGRCh38_wm_50md_PBCCS_sniffles_0_84670	0.58.1.0.0
HG002vGRCh38_wm_50md_PBCCS_sniffles_0_89609	0.581.0.0
HG003vGRCh38_wm_50md_PBCCS_sniffles_0_87594	0.581.0.0
HG002vGRCh38_wm_50md_PBCCS_sniffles_0_89611	0.582.0.0
HG003vGRCh38_wm_50md_PBCCS_sniffles_0_87596	0.582.0.0
HG004vGRCh38_wm_50md_PBCCS_sniffles_0_85711	0.582.0.0
HG003vGRCh38_wm_50md_PBCCS_sniffles_0_87599	0.584.0.0
HG003vGRCh38_wm_50md_PBCCS_sniffles_0_87601	0.587.0.0
HG002vGRCh38_wm_50md_PBCCS_sniffles_0_89618	0.590.0.0
HG004vGRCh38_wm_50md_PBCCS_sniffles_0_85716	0.590.0.0
HG002vGRCh38_wm_50md_PBCCS_sniffles_0_89623	0.591.0.0
HG002vGRCh38_wm_50md_PBCCS_sniffles_0_89624	0.591.0.0
HG003vGRCh38_wm_50md_PBCCS_sniffles_0_87611	0.591.0.0
HG004vGRCh38_wm_50md_PBCCS_sniffles_0_85721	0.591.0.0
HG003vGRCh38_wm_50md_PBCCS_sniffles_0_87614	0.592.0.0
HG002vGRCh38_wm_50md_PBCCS_sniffles_0_89628	0.594.0.0
HG004vGRCh38_wm_50md_PBCCS_sniffles_0_85725	0.594.0.0
HG002vGRCh38_wm_50md_PBCCS_sniffles_0_89635	0.599.0.0
HG004vGRCh38_wm_50md_PBCCS_sniffles_0_85730	0.599.0.0
HG002vGRCh38_wm_50md_PBCCS_sniffles_0_89636	0.599.0.0
HG003vGRCh38_wm_50md_PBCCS_sniffles_0_87623	0.599.0.0
HG004vGRCh38_wm_50md_PBCCS_sniffles_0_85731	0.599.0.0
HG003vGRCh38_wm_50md_PBCCS_sniffles_0_87625	0.600.0.0
HG003vGRCh38_wm_50md_PBCCS_sniffles_0_87627	0.600.0.0
HG002vGRCh38_wm_50md_PBCCS_sniffles_0_89642	0.602.0.0
HG003vGRCh38_wm_50md_PBCCS_sniffles_0_87634	0.602.0.0
HG004vGRCh38_wm_50md_PBCCS_sniffles_0_85738	0.602.0.0
HG004vGRCh38_wm_50md_PBCCS_sniffles_0_85743	0.608.0.0
HG002vGRCh38_wm_50md_PBCCS_sniffles_0_89652	0.610.0.0
HG002vGRCh38_wm_50md_PBCCS_sniffles_0_89653	0.610.0.0
HG003vGRCh38_wm_50md_PBCCS_sniffles_0_87641	0.610.0.0
HG004vGRCh38_wm_50md_PBCCS_sniffles_0_85754	0.610.0.0
HG003vGRCh38_wm_50md_PBCCS_sniffles_0_87642	0.611.0.0
HG003vGRCh38_wm_50md_PBCCS_sniffles_0_87643	0.611.0.0
HG002vGRCh38_wm_50md_PBCCS_sniffles_0_89655	0.613.0.0
HG002vGRCh38_wm_50md_PBCCS_sniffles_0_89657	0.615.0.0
HG003vGRCh38_wm_50md_PBCCS_sniffles_0_87652	0.615.0.0
HG002vGRCh38_wm_50md_PBCCS_sniffles_0_89659	0.618.0.0
HG003vGRCh38_wm_50md_PBCCS_sniffles_0_87656	0.619.0.0
HG002vGRCh38_wm_50md_PBCCS_sniffles_0_89662	0.621.0.0
HG003vGRCh38_wm_50md_PBCCS_sniffles_0_87659	0.621.0.0
HG003vGRCh38_wm_50md_PBCCS_sniffles_0_87664	0.625.0.0
HG004vGRCh38_wm_50md_PBCCS_sniffles_0_85770	0.627.0.0
HG002vGRCh38_wm_50md_PBCCS_sniffles_0_89670	0.627.0.0
HG003vGRCh38_wm_50md_PBCCS_sniffles_0_87667	0.627.0.0
HG002vGRCh38_wm_50md_PBCCS_sniffles_0_89679	0.628.0.0
HG003vGRCh38_wm_50md_PBCCS_sniffles_0_87676	0.628.0.0
HG004vGRCh38_wm_50md_PBCCS_sniffles_0_85778	0.628.0.0
HG004vGRCh38_wm_50md_PBCCS_sniffles_0_85779	0.629.0.0
HG004vGRCh38_wm_50md_PBCCS_sniffles_0_84774	0.63.0.0
HG002vGRCh38_wm_50md_PBCCS_sniffles_0_89682	0.631.0.0
HG002vGRCh38_wm_50md_PBCCS_sniffles_0_89683	0.632.0.0
HG004vGRCh38_wm_50md_PBCCS_sniffles_0_85784	0.635.0.0.0
HG002vGRCh38_wm_50md_PBCCS_sniffles_0_89686	0.635.1.0.0
HG003vGRCh38_wm_50md_PBCCS_sniffles_0_87685	0.636.0.0
HG002vGRCh38_wm_50md_PBCCS_sniffles_0_89689	0.638.0.0
HG003vGRCh38_wm_50md_PBCCS_sniffles_0_87686	0.638.0.0
HG004vGRCh38_wm_50md_PBCCS_sniffles_0_85792	0.643.0.0
HG002vGRCh38_wm_50md_PBCCS_sniffles_0_89703	0.644.0.0
HG003vGRCh38_wm_50md_PBCCS_sniffles_0_87698	0.644.0.0
HG002vGRCh38_wm_50md_PBCCS_sniffles_0_89704	0.647.0.0
HG004vGRCh38_wm_50md_PBCCS_sniffles_0_85799	0.647.0.0
HG002vGRCh38_wm_50md_PBCCS_sniffles_0_89705	0.649.0.0
HG003vGRCh38_wm_50md_PBCCS_sniffles_0_87703	0.649.0.0
HG002vGRCh38_wm_50md_PBCCS_sniffles_0_89716	0.652.0.0
HG002vGRCh38_wm_50md_PBCCS_sniffles_0_89719	0.653.0.0
HG003vGRCh38_wm_50md_PBCCS_sniffles_0_87717	0.653.0.0
HG004vGRCh38_wm_50md_PBCCS_sniffles_0_85811	0.653.0.0
HG004vGRCh38_wm_50md_PBCCS_sniffles_0_85819	0.656.0.0
HG002vGRCh38_wm_50md_PBCCS_sniffles_0_89728	0.656.0.0
HG002vGRCh38_wm_50md_PBCCS_sniffles_0_89731	0.658.0.0
HG004vGRCh38_wm_50md_PBCCS_sniffles_0_85820	0.658.0.0
HG003vGRCh38_wm_50md_PBCCS_sniffles_0_87725	0.658.0.0
HG004vGRCh38_wm_50md_PBCCS_sniffles_0_85821	0.659.0.0
HG002vGRCh38_wm_50md_PBCCS_sniffles_0_89734	0.660.0.0
HG002vGRCh38_wm_50md_PBCCS_sniffles_0_89744	0.666.0.0
HG003vGRCh38_wm_50md_PBCCS_sniffles_0_87731	0.666.0.0
HG004vGRCh38_wm_50md_PBCCS_sniffles_0_85831	0.666.0.0
HG002vGRCh38_wm_50md_PBCCS_sniffles_0_89745	0.667.0.0
HG004vGRCh38_wm_50md_PBCCS_sniffles_0_85833	0.667.0.0
HG002vGRCh38_wm_50md_PBCCS_sniffles_0_89746	0.667.0.0
HG004vGRCh38_wm_50md_PBCCS_sniffles_0_85834	0.667.0.0
HG002vGRCh38_wm_50md_PBCCS_sniffles_0_89749	0.668.0.0
HG002vGRCh38_wm_50md_PBCCS_sniffles_0_88636	0.67.0.0
HG002vGRCh38_wm_50md_PBCCS_sniffles_0_89753	0.672.0.0
HG004vGRCh38_wm_50md_PBCCS_sniffles_0_85840	0.672.0.0
HG002vGRCh38_wm_50md_PBCCS_sniffles_0_89756	0.674.0.0
HG003vGRCh38_wm_50md_PBCCS_sniffles_0_87738	0.674.0.0
HG004vGRCh38_wm_50md_PBCCS_sniffles_0_85842	0.674.0.0
HG002vGRCh38_wm_50md_PBCCS_sniffles_0_89759	0.675.0.0
HG003vGRCh38_wm_50md_PBCCS_sniffles_0_87740	0.675.0.0
HG003vGRCh38_wm_50md_PBCCS_sniffles_0_87743	0.676.0.0
HG002vGRCh38_wm_50md_PBCCS_sniffles_0_89762	0.677.0.0
HG003vGRCh38_wm_50md_PBCCS_sniffles_0_87744	0.677.0.0
HG002vGRCh38_wm_50md_PBCCS_sniffles_0_88640	0.68.0.0.0
HG003vGRCh38_wm_50md_PBCCS_sniffles_0_86634	0.68.0.0.0
HG002vGRCh38_wm_50md_PBCCS_sniffles_0_88642	0.68.0.0.0
HG002vGRCh38_wm_50md_PBCCS_sniffles_0_88643	0.68.0.0.0
HG002vGRCh38_wm_50md_PBCCS_sniffles_0_88644	0.68.0.0.0
HG003vGRCh38_wm_50md_PBCCS_sniffles_0_86635	0.68.0.0.1
HG003vGRCh38_wm_50md_PBCCS_sniffles_0_86636	0.68.1.0.0
HG002vGRCh38_wm_50md_PBCCS_sniffles_0_88641	0.68.1.0.0
HG002vGRCh38_wm_50md_PBCCS_sniffles_0_89765	0.680.0.0
HG003vGRCh38_wm_50md_PBCCS_sniffles_0_87749	0.683.0.0
HG002vGRCh38_wm_50md_PBCCS_sniffles_0_89773	0.686.0.0
HG003vGRCh38_wm_50md_PBCCS_sniffles_0_87757	0.686.0.0
HG004vGRCh38_wm_50md_PBCCS_sniffles_0_85848	0.686.0.0
HG003vGRCh38_wm_50md_PBCCS_sniffles_0_87765	0.689.0.0
HG002vGRCh38_wm_50md_PBCCS_sniffles_0_89783	0.689.0.0
HG002vGRCh38_wm_50md_PBCCS_sniffles_0_88646	0.69.0.0
HG003vGRCh38_wm_50md_PBCCS_sniffles_0_86638	0.69.0.0
HG004vGRCh38_wm_50md_PBCCS_sniffles_0_84780	0.69.0.0
HG004vGRCh38_wm_50md_PBCCS_sniffles_0_85854	0.690.0.0.0
HG002vGRCh38_wm_50md_PBCCS_sniffles_0_89786	0.690.0.0.0
HG002vGRCh38_wm_50md_PBCCS_sniffles_0_89788	0.691.0.0
HG004vGRCh38_wm_50md_PBCCS_sniffles_0_85856	0.691.0.0
HG004vGRCh38_wm_50md_PBCCS_sniffles_0_85859	0.692.0.0
HG004vGRCh38_wm_50md_PBCCS_sniffles_0_85868	0.695.0.0.0
HG002vGRCh38_wm_50md_PBCCS_sniffles_0_89803	0.695.0.0.0
HG002vGRCh38_wm_50md_PBCCS_sniffles_0_89804	0.695.0.0.0
HG004vGRCh38_wm_50md_PBCCS_sniffles_0_85869	0.695.0.0.0
HG002vGRCh38_wm_50md_PBCCS_sniffles_0_89808	0.695.1.0.0
HG003vGRCh38_wm_50md_PBCCS_sniffles_0_87776	0.695.2.0.0
HG003vGRCh38_wm_50md_PBCCS_sniffles_0_87779	0.696.0.0
HG004vGRCh38_wm_50md_PBCCS_sniffles_0_85875	0.699.0.0
HG004vGRCh38_wm_50md_PBCCS_sniffles_0_85877	0.700.0.0
HG003vGRCh38_wm_50md_PBCCS_sniffles_0_87783	0.700.0.0
HG002vGRCh38_wm_50md_PBCCS_sniffles_0_89816	0.700.0.0
HG002vGRCh38_wm_50md_PBCCS_sniffles_0_89823	0.702.0.0
HG003vGRCh38_wm_50md_PBCCS_sniffles_0_87787	0.702.0.0
HG004vGRCh38_wm_50md_PBCCS_sniffles_0_85884	0.702.0.0
HG003vGRCh38_wm_50md_PBCCS_sniffles_0_87793	0.706.0.0
HG002vGRCh38_wm_50md_PBCCS_sniffles_0_89829	0.706.0.0
HG003vGRCh38_wm_50md_PBCCS_sniffles_0_87794	0.707.0.0
HG003vGRCh38_wm_50md_PBCCS_sniffles_0_87797	0.707.0.0
HG002vGRCh38_wm_50md_PBCCS_sniffles_0_89835	0.707.0.1
HG003vGRCh38_wm_50md_PBCCS_sniffles_0_87798	0.707.0.1
HG004vGRCh38_wm_50md_PBCCS_sniffles_0_85891	0.707.0.2
HG002vGRCh38_wm_50md_PBCCS_sniffles_0_89833	0.707.0.3
HG004vGRCh38_wm_50md_PBCCS_sniffles_0_85892	0.707.0.3
HG002vGRCh38_wm_50md_PBCCS_sniffles_0_89832	0.707.0.3
HG002vGRCh38_wm_50md_PBCCS_sniffles_0_89834	0.707.0.3
HG002vGRCh38_wm_50md_PBCCS_sniffles_0_89831	0.707.0.4
HG003vGRCh38_wm_50md_PBCCS_sniffles_0_87796	0.707.0.4
HG004vGRCh38_wm_50md_PBCCS_sniffles_0_85893	0.707.0.5
HG002vGRCh38_wm_50md_PBCCS_sniffles_0_89839	0.709.0.0
HG002vGRCh38_wm_50md_PBCCS_sniffles_0_89838	0.709.0.1
HG003vGRCh38_wm_50md_PBCCS_sniffles_0_87799	0.709.0.1
HG003vGRCh38_wm_50md_PBCCS_sniffles_0_87800	0.709.0.2
HG004vGRCh38_wm_50md_PBCCS_sniffles_0_85896	0.711.0.0
HG002vGRCh38_wm_50md_PBCCS_sniffles_0_89842	0.712.0.0
HG003vGRCh38_wm_50md_PBCCS_sniffles_0_87805	0.712.0.0
HG004vGRCh38_wm_50md_PBCCS_sniffles_0_85899	0.714.0.0
HG002vGRCh38_wm_50md_PBCCS_sniffles_0_89844	0.714.0.1
HG003vGRCh38_wm_50md_PBCCS_sniffles_0_87806	0.714.0.1
HG004vGRCh38_wm_50md_PBCCS_sniffles_0_85906	0.715.0.0.0
HG004vGRCh38_wm_50md_PBCCS_sniffles_0_85908	0.715.0.0.0
HG002vGRCh38_wm_50md_PBCCS_sniffles_0_89847	0.715.0.0.1
HG003vGRCh38_wm_50md_PBCCS_sniffles_0_87808	0.715.0.0.1
HG003vGRCh38_wm_50md_PBCCS_sniffles_0_87809	0.715.0.0.2
HG002vGRCh38_wm_50md_PBCCS_sniffles_0_89848	0.715.0.0.2
HG002vGRCh38_wm_50md_PBCCS_sniffles_0_89849	0.715.0.0.2
HG002vGRCh38_wm_50md_PBCCS_sniffles_0_89850	0.715.0.0.3
HG003vGRCh38_wm_50md_PBCCS_sniffles_0_87810	0.715.0.0.3
HG004vGRCh38_wm_50md_PBCCS_sniffles_0_85907	0.715.1.0.0
HG002vGRCh38_wm_50md_PBCCS_sniffles_0_89851	0.716.0.0
HG003vGRCh38_wm_50md_PBCCS_sniffles_0_87815	0.719.0.0
HG002vGRCh38_wm_50md_PBCCS_sniffles_0_89862	0.720.0.0.0
HG003vGRCh38_wm_50md_PBCCS_sniffles_0_87829	0.720.0.0.0
HG004vGRCh38_wm_50md_PBCCS_sniffles_0_85919	0.720.1.0.0
HG003vGRCh38_wm_50md_PBCCS_sniffles_0_87831	0.722.0.0
HG003vGRCh38_wm_50md_PBCCS_sniffles_0_87832	0.722.0.0
HG003vGRCh38_wm_50md_PBCCS_sniffles_0_87835	0.725.0.0
HG002vGRCh38_wm_50md_PBCCS_sniffles_0_89871	0.729.0.0
HG002vGRCh38_wm_50md_PBCCS_sniffles_0_89872	0.729.0.0
HG003vGRCh38_wm_50md_PBCCS_sniffles_0_87840	0.729.0.0
HG002vGRCh38_wm_50md_PBCCS_sniffles_0_89874	0.730.0.0
HG003vGRCh38_wm_50md_PBCCS_sniffles_0_87841	0.730.0.0
HG004vGRCh38_wm_50md_PBCCS_sniffles_0_85927	0.730.0.0
HG002vGRCh38_wm_50md_PBCCS_sniffles_0_89879	0.731.0.0
HG003vGRCh38_wm_50md_PBCCS_sniffles_0_87844	0.731.0.0
HG003vGRCh38_wm_50md_PBCCS_sniffles_0_87843	0.731.0.0
HG002vGRCh38_wm_50md_PBCCS_sniffles_0_89877	0.731.0.1
HG002vGRCh38_wm_50md_PBCCS_sniffles_0_89882	0.732.0.0
HG003vGRCh38_wm_50md_PBCCS_sniffles_0_87847	0.732.0.0
HG002vGRCh38_wm_50md_PBCCS_sniffles_0_89887	0.735.0.0
HG002vGRCh38_wm_50md_PBCCS_sniffles_0_89888	0.735.0.0
HG003vGRCh38_wm_50md_PBCCS_sniffles_0_87852	0.735.0.0
HG004vGRCh38_wm_50md_PBCCS_sniffles_0_85946	0.740.0.0
HG003vGRCh38_wm_50md_PBCCS_sniffles_0_87859	0.742.0.0
HG003vGRCh38_wm_50md_PBCCS_sniffles_0_87866	0.746.0.0
HG002vGRCh38_wm_50md_PBCCS_sniffles_0_89908	0.748.0.0
HG003vGRCh38_wm_50md_PBCCS_sniffles_0_87870	0.748.0.0
HG004vGRCh38_wm_50md_PBCCS_sniffles_0_85960	0.748.0.0
HG003vGRCh38_wm_50md_PBCCS_sniffles_0_87874	0.753.0.0
HG004vGRCh38_wm_50md_PBCCS_sniffles_0_85967	0.753.0.0
HG004vGRCh38_wm_50md_PBCCS_sniffles_0_85968	0.754.0.0
HG002vGRCh38_wm_50md_PBCCS_sniffles_0_89914	0.754.0.0
HG003vGRCh38_wm_50md_PBCCS_sniffles_0_87876	0.754.0.0
HG004vGRCh38_wm_50md_PBCCS_sniffles_0_85969	0.754.0.0
HG003vGRCh38_wm_50md_PBCCS_sniffles_0_87877	0.754.0.1
HG004vGRCh38_wm_50md_PBCCS_sniffles_0_85970	0.754.0.1
HG002vGRCh38_wm_50md_PBCCS_sniffles_0_89915	0.754.0.1
HG002vGRCh38_wm_50md_PBCCS_sniffles_0_89916	0.755.0.0
HG003vGRCh38_wm_50md_PBCCS_sniffles_0_87878	0.755.0.0
HG004vGRCh38_wm_50md_PBCCS_sniffles_0_85971	0.755.0.0
HG004vGRCh38_wm_50md_PBCCS_sniffles_0_85973	0.758.0.0
HG002vGRCh38_wm_50md_PBCCS_sniffles_0_89925	0.764.0.0
HG003vGRCh38_wm_50md_PBCCS_sniffles_0_87885	0.765.0.0
HG004vGRCh38_wm_50md_PBCCS_sniffles_0_85977	0.766.0.0
HG003vGRCh38_wm_50md_PBCCS_sniffles_0_87894	0.771.0.0
HG002vGRCh38_wm_50md_PBCCS_sniffles_0_89934	0.771.0.0
HG004vGRCh38_wm_50md_PBCCS_sniffles_0_85988	0.772.0.0
HG002vGRCh38_wm_50md_PBCCS_sniffles_0_89945	0.772.0.0
HG002vGRCh38_wm_50md_PBCCS_sniffles_0_89946	0.772.0.0
HG003vGRCh38_wm_50md_PBCCS_sniffles_0_87908	0.772.0.0
HG002vGRCh38_wm_50md_PBCCS_sniffles_0_89952	0.778.0.0
HG004vGRCh38_wm_50md_PBCCS_sniffles_0_85996	0.778.0.0
HG002vGRCh38_wm_50md_PBCCS_sniffles_0_89955	0.780.0.0
HG003vGRCh38_wm_50md_PBCCS_sniffles_0_87918	0.780.0.0
HG002vGRCh38_wm_50md_PBCCS_sniffles_0_89956	0.781.0.0
HG003vGRCh38_wm_50md_PBCCS_sniffles_0_87919	0.781.0.0
HG004vGRCh38_wm_50md_PBCCS_sniffles_0_85999	0.783.0.1.0.0
HG004vGRCh38_wm_50md_PBCCS_sniffles_0_86000	0.783.1.0.0
HG002vGRCh38_wm_50md_PBCCS_sniffles_0_89961	0.783.1.0.0
HG003vGRCh38_wm_50md_PBCCS_sniffles_0_87925	0.783.1.0.0
HG003vGRCh38_wm_50md_PBCCS_sniffles_0_87927	0.783.1.0.0
HG002vGRCh38_wm_50md_PBCCS_sniffles_0_89964	0.784.0.0.0
HG003vGRCh38_wm_50md_PBCCS_sniffles_0_87929	0.784.0.0.0
HG004vGRCh38_wm_50md_PBCCS_sniffles_0_86002	0.784.0.0.0
HG004vGRCh38_wm_50md_PBCCS_sniffles_0_86003	0.784.0.0.0
HG003vGRCh38_wm_50md_PBCCS_sniffles_0_87931	0.784.1.0.0
HG002vGRCh38_wm_50md_PBCCS_sniffles_0_89969	0.787.0.0
HG004vGRCh38_wm_50md_PBCCS_sniffles_0_86009	0.787.0.0
HG003vGRCh38_wm_50md_PBCCS_sniffles_0_87933	0.787.0.1
HG004vGRCh38_wm_50md_PBCCS_sniffles_0_86010	0.788.0.0
HG003vGRCh38_wm_50md_PBCCS_sniffles_0_87934	0.788.0.1
HG002vGRCh38_wm_50md_PBCCS_sniffles_0_89974	0.789.0.0
HG004vGRCh38_wm_50md_PBCCS_sniffles_0_86011	0.789.0.0
HG002vGRCh38_wm_50md_PBCCS_sniffles_0_89979	0.790.0.0
HG002vGRCh38_wm_50md_PBCCS_sniffles_0_89976	0.790.0.0
HG003vGRCh38_wm_50md_PBCCS_sniffles_0_87935	0.790.0.0
HG002vGRCh38_wm_50md_PBCCS_sniffles_0_89988	0.791.0.0
HG003vGRCh38_wm_50md_PBCCS_sniffles_0_87944	0.791.0.0
HG002vGRCh38_wm_50md_PBCCS_sniffles_0_89991	0.793.0.0
HG004vGRCh38_wm_50md_PBCCS_sniffles_0_86024	0.793.0.0
HG002vGRCh38_wm_50md_PBCCS_sniffles_0_89994	0.794.0.0
HG004vGRCh38_wm_50md_PBCCS_sniffles_0_86027	0.794.0.0
HG003vGRCh38_wm_50md_PBCCS_sniffles_0_87947	0.794.0.0
HG002vGRCh38_wm_50md_PBCCS_sniffles_0_89992	0.794.0.1
HG004vGRCh38_wm_50md_PBCCS_sniffles_0_86025	0.794.0.1
HG004vGRCh38_wm_50md_PBCCS_sniffles_0_86033	0.795.0.0
HG004vGRCh38_wm_50md_PBCCS_sniffles_0_86037	0.795.0.0
HG004vGRCh38_wm_50md_PBCCS_sniffles_0_86035	0.795.0.0
HG004vGRCh38_wm_50md_PBCCS_sniffles_0_86031	0.795.0.1
HG004vGRCh38_wm_50md_PBCCS_sniffles_0_86034	0.795.0.1
HG002vGRCh38_wm_50md_PBCCS_sniffles_0_90002	0.796.0.0
HG003vGRCh38_wm_50md_PBCCS_sniffles_0_87958	0.796.0.0
HG002vGRCh38_wm_50md_PBCCS_sniffles_0_90003	0.797.0.0
HG003vGRCh38_wm_50md_PBCCS_sniffles_0_87959	0.797.0.0
HG003vGRCh38_wm_50md_PBCCS_sniffles_0_87960	0.797.0.0
HG002vGRCh38_wm_50md_PBCCS_sniffles_0_90007	0.799.0.0
HG003vGRCh38_wm_50md_PBCCS_sniffles_0_87964	0.799.0.0
HG004vGRCh38_wm_50md_PBCCS_sniffles_0_84512	0.8.0.0
HG002vGRCh38_wm_50md_PBCCS_sniffles_0_90016	0.802.0.0
HG002vGRCh38_wm_50md_PBCCS_sniffles_0_90017	0.803.0.0.0
HG003vGRCh38_wm_50md_PBCCS_sniffles_0_87976	0.803.0.0.0
HG004vGRCh38_wm_50md_PBCCS_sniffles_0_86043	0.803.1.0.0
HG002vGRCh38_wm_50md_PBCCS_sniffles_0_90022	0.807.0.0
HG004vGRCh38_wm_50md_PBCCS_sniffles_0_86047	0.807.0.1
HG002vGRCh38_wm_50md_PBCCS_sniffles_0_90024	0.810.0.0
HG003vGRCh38_wm_50md_PBCCS_sniffles_0_87981	0.810.0.1
HG004vGRCh38_wm_50md_PBCCS_sniffles_0_86053	0.811.0.0
HG002vGRCh38_wm_50md_PBCCS_sniffles_0_90031	0.814.0.0
HG003vGRCh38_wm_50md_PBCCS_sniffles_0_87989	0.815.0.0.0
HG004vGRCh38_wm_50md_PBCCS_sniffles_0_86058	0.815.0.0.0
HG002vGRCh38_wm_50md_PBCCS_sniffles_0_90035	0.815.0.0.0
HG002vGRCh38_wm_50md_PBCCS_sniffles_0_90033	0.815.1.0.0
HG002vGRCh38_wm_50md_PBCCS_sniffles_0_90034	0.815.1.0.0
HG002vGRCh38_wm_50md_PBCCS_sniffles_0_90032	0.815.2.0.0
HG003vGRCh38_wm_50md_PBCCS_sniffles_0_87987	0.815.2.0.0
HG004vGRCh38_wm_50md_PBCCS_sniffles_0_86056	0.815.2.0.0
HG003vGRCh38_wm_50md_PBCCS_sniffles_0_87988	0.815.2.0.0
HG004vGRCh38_wm_50md_PBCCS_sniffles_0_86057	0.815.2.0.0
HG002vGRCh38_wm_50md_PBCCS_sniffles_0_90036	0.816.0.0
HG004vGRCh38_wm_50md_PBCCS_sniffles_0_86059	0.816.0.0
HG002vGRCh38_wm_50md_PBCCS_sniffles_0_90038	0.817.0.0
HG003vGRCh38_wm_50md_PBCCS_sniffles_0_87990	0.817.0.0
HG004vGRCh38_wm_50md_PBCCS_sniffles_0_86061	0.817.0.0
HG004vGRCh38_wm_50md_PBCCS_sniffles_0_86067	0.819.0.0
HG003vGRCh38_wm_50md_PBCCS_sniffles_0_88001	0.820.0.0
HG003vGRCh38_wm_50md_PBCCS_sniffles_0_88002	0.821.0.0.0
HG002vGRCh38_wm_50md_PBCCS_sniffles_0_90046	0.821.1.0.0
HG004vGRCh38_wm_50md_PBCCS_sniffles_0_86068	0.821.1.0.0
HG004vGRCh38_wm_50md_PBCCS_sniffles_0_86074	0.823.0.0
HG004vGRCh38_wm_50md_PBCCS_sniffles_0_86077	0.824.0.0
HG002vGRCh38_wm_50md_PBCCS_sniffles_0_90058	0.827.0.0
HG003vGRCh38_wm_50md_PBCCS_sniffles_0_88015	0.827.0.0
HG002vGRCh38_wm_50md_PBCCS_sniffles_0_90059	0.828.0.0
HG002vGRCh38_wm_50md_PBCCS_sniffles_0_90064	0.831.0.0
HG003vGRCh38_wm_50md_PBCCS_sniffles_0_88025	0.831.0.1
HG002vGRCh38_wm_50md_PBCCS_sniffles_0_90065	0.833.0.0
HG003vGRCh38_wm_50md_PBCCS_sniffles_0_88028	0.833.0.0
HG002vGRCh38_wm_50md_PBCCS_sniffles_0_90066	0.833.0.0
HG004vGRCh38_wm_50md_PBCCS_sniffles_0_86089	0.833.0.0
HG002vGRCh38_wm_50md_PBCCS_sniffles_0_90068	0.837.0.0
HG003vGRCh38_wm_50md_PBCCS_sniffles_0_88032	0.837.0.0
HG004vGRCh38_wm_50md_PBCCS_sniffles_0_86093	0.837.0.0
HG002vGRCh38_wm_50md_PBCCS_sniffles_0_90070	0.840.0.0
HG004vGRCh38_wm_50md_PBCCS_sniffles_0_86095	0.840.0.0
HG003vGRCh38_wm_50md_PBCCS_sniffles_0_88033	0.840.0.0
HG004vGRCh38_wm_50md_PBCCS_sniffles_0_86097	0.841.0.0
HG002vGRCh38_wm_50md_PBCCS_sniffles_0_90072	0.841.0.1
HG003vGRCh38_wm_50md_PBCCS_sniffles_0_88037	0.841.0.1
HG003vGRCh38_wm_50md_PBCCS_sniffles_0_88044	0.843.0.0
HG004vGRCh38_wm_50md_PBCCS_sniffles_0_86099	0.844.0.0
HG004vGRCh38_wm_50md_PBCCS_sniffles_0_86102	0.846.0.0
HG002vGRCh38_wm_50md_PBCCS_sniffles_0_90075	0.846.0.0
HG003vGRCh38_wm_50md_PBCCS_sniffles_0_88047	0.846.0.0
HG002vGRCh38_wm_50md_PBCCS_sniffles_0_90076	0.846.0.0
HG003vGRCh38_wm_50md_PBCCS_sniffles_0_88048	0.846.0.0
HG004vGRCh38_wm_50md_PBCCS_sniffles_0_86104	0.846.0.0
HG003vGRCh38_wm_50md_PBCCS_sniffles_0_88050	0.847.0.0
HG002vGRCh38_wm_50md_PBCCS_sniffles_0_90080	0.847.0.0
HG004vGRCh38_wm_50md_PBCCS_sniffles_0_86107	0.847.0.0
HG002vGRCh38_wm_50md_PBCCS_sniffles_0_90082	0.847.0.0
HG002vGRCh38_wm_50md_PBCCS_sniffles_0_90078	0.847.0.0
HG003vGRCh38_wm_50md_PBCCS_sniffles_0_88049	0.847.0.0
HG004vGRCh38_wm_50md_PBCCS_sniffles_0_86106	0.847.0.0
HG002vGRCh38_wm_50md_PBCCS_sniffles_0_90081	0.847.0.0
HG002vGRCh38_wm_50md_PBCCS_sniffles_0_90086	0.850.0.0
HG004vGRCh38_wm_50md_PBCCS_sniffles_0_86108	0.850.0.0
HG002vGRCh38_wm_50md_PBCCS_sniffles_0_90088	0.853.0.0
HG003vGRCh38_wm_50md_PBCCS_sniffles_0_88053	0.853.0.0
HG004vGRCh38_wm_50md_PBCCS_sniffles_0_86113	0.855.0.0
HG003vGRCh38_wm_50md_PBCCS_sniffles_0_88056	0.856.0.0
HG004vGRCh38_wm_50md_PBCCS_sniffles_0_86115	0.857.0.0.0
HG003vGRCh38_wm_50md_PBCCS_sniffles_0_88058	0.857.1.0.0
HG002vGRCh38_wm_50md_PBCCS_sniffles_0_90091	0.858.0.0
HG003vGRCh38_wm_50md_PBCCS_sniffles_0_88060	0.858.0.0
HG004vGRCh38_wm_50md_PBCCS_sniffles_0_86118	0.858.0.0
HG002vGRCh38_wm_50md_PBCCS_sniffles_0_90092	0.860.0.0
HG003vGRCh38_wm_50md_PBCCS_sniffles_0_88064	0.862.0.0
HG004vGRCh38_wm_50md_PBCCS_sniffles_0_86123	0.862.0.0
HG002vGRCh38_wm_50md_PBCCS_sniffles_0_90095	0.862.0.0
HG004vGRCh38_wm_50md_PBCCS_sniffles_0_86125	0.863.0.0
HG002vGRCh38_wm_50md_PBCCS_sniffles_0_90097	0.863.0.0
HG003vGRCh38_wm_50md_PBCCS_sniffles_0_88066	0.863.0.0
HG003vGRCh38_wm_50md_PBCCS_sniffles_0_88067	0.863.0.0
HG003vGRCh38_wm_50md_PBCCS_sniffles_0_88068	0.864.0.0
HG004vGRCh38_wm_50md_PBCCS_sniffles_0_86126	0.864.0.0
HG003vGRCh38_wm_50md_PBCCS_sniffles_0_88073	0.866.0.0
HG004vGRCh38_wm_50md_PBCCS_sniffles_0_86130	0.868.0.0
HG004vGRCh38_wm_50md_PBCCS_sniffles_0_86131	0.869.0.0
HG002vGRCh38_wm_50md_PBCCS_sniffles_0_90109	0.872.0.0
HG003vGRCh38_wm_50md_PBCCS_sniffles_0_88081	0.872.0.0
HG002vGRCh38_wm_50md_PBCCS_sniffles_0_90113	0.873.0.0
HG004vGRCh38_wm_50md_PBCCS_sniffles_0_86138	0.873.0.0
HG003vGRCh38_wm_50md_PBCCS_sniffles_0_88087	0.875.0.0
HG004vGRCh38_wm_50md_PBCCS_sniffles_0_86141	0.876.0.0
HG003vGRCh38_wm_50md_PBCCS_sniffles_0_88093	0.877.0.0
HG003vGRCh38_wm_50md_PBCCS_sniffles_0_88094	0.877.0.0
HG003vGRCh38_wm_50md_PBCCS_sniffles_0_88096	0.879.0.0
HG003vGRCh38_wm_50md_PBCCS_sniffles_0_88097	0.880.0.0
HG002vGRCh38_wm_50md_PBCCS_sniffles_0_90127	0.882.0.0
HG003vGRCh38_wm_50md_PBCCS_sniffles_0_88101	0.882.0.0
HG003vGRCh38_wm_50md_PBCCS_sniffles_0_88104	0.885.0.0
HG002vGRCh38_wm_50md_PBCCS_sniffles_0_90131	0.889.0.0
HG003vGRCh38_wm_50md_PBCCS_sniffles_0_88108	0.889.0.0
HG002vGRCh38_wm_50md_PBCCS_sniffles_0_90132	0.891.0.0
HG003vGRCh38_wm_50md_PBCCS_sniffles_0_88110	0.891.0.0
HG002vGRCh38_wm_50md_PBCCS_sniffles_0_90133	0.893.0.0
HG003vGRCh38_wm_50md_PBCCS_sniffles_0_88111	0.893.0.0
HG004vGRCh38_wm_50md_PBCCS_sniffles_0_86153	0.893.0.0
HG002vGRCh38_wm_50md_PBCCS_sniffles_0_90136	0.894.0.0
HG004vGRCh38_wm_50md_PBCCS_sniffles_0_86155	0.894.0.0
HG002vGRCh38_wm_50md_PBCCS_sniffles_0_90139	0.895.0.0
HG004vGRCh38_wm_50md_PBCCS_sniffles_0_86158	0.895.0.0
HG003vGRCh38_wm_50md_PBCCS_sniffles_0_88115	0.895.0.0
HG002vGRCh38_wm_50md_PBCCS_sniffles_0_90144	0.896.0.0
HG003vGRCh38_wm_50md_PBCCS_sniffles_0_88119	0.896.0.0
HG004vGRCh38_wm_50md_PBCCS_sniffles_0_86161	0.896.0.0
HG002vGRCh38_wm_50md_PBCCS_sniffles_0_90147	0.898.0.0.0
HG003vGRCh38_wm_50md_PBCCS_sniffles_0_88120	0.898.0.0.0
HG002vGRCh38_wm_50md_PBCCS_sniffles_0_90146	0.898.1.0.0
HG004vGRCh38_wm_50md_PBCCS_sniffles_0_86162	0.898.1.0.0
HG002vGRCh38_wm_50md_PBCCS_sniffles_0_90149	0.898.2.0.0
HG004vGRCh38_wm_50md_PBCCS_sniffles_0_86163	0.898.2.0.0
HG004vGRCh38_wm_50md_PBCCS_sniffles_0_84514	0.9.0.0
HG003vGRCh38_wm_50md_PBCCS_sniffles_0_88124	0.900.0.0
HG004vGRCh38_wm_50md_PBCCS_sniffles_0_86165	0.900.0.0
HG002vGRCh38_wm_50md_PBCCS_sniffles_0_90159	0.901.0.0
HG003vGRCh38_wm_50md_PBCCS_sniffles_0_88130	0.901.0.0
HG003vGRCh38_wm_50md_PBCCS_sniffles_0_88132	0.902.0.0
HG002vGRCh38_wm_50md_PBCCS_sniffles_0_90162	0.903.0.0
HG004vGRCh38_wm_50md_PBCCS_sniffles_0_86174	0.905.0.0
HG002vGRCh38_wm_50md_PBCCS_sniffles_0_88657	0.91.0.0
HG003vGRCh38_wm_50md_PBCCS_sniffles_0_88139	0.913.0.0
HG003vGRCh38_wm_50md_PBCCS_sniffles_0_88141	0.915.0.0
HG002vGRCh38_wm_50md_PBCCS_sniffles_0_90175	0.916.0.0
HG004vGRCh38_wm_50md_PBCCS_sniffles_0_86182	0.916.0.0
HG003vGRCh38_wm_50md_PBCCS_sniffles_0_88147	0.917.0.0
HG002vGRCh38_wm_50md_PBCCS_sniffles_0_90183	0.918.0.0
HG003vGRCh38_wm_50md_PBCCS_sniffles_0_88149	0.918.0.0
HG003vGRCh38_wm_50md_PBCCS_sniffles_0_88150	0.919.0.0
HG004vGRCh38_wm_50md_PBCCS_sniffles_0_86190	0.922.0.0
HG002vGRCh38_wm_50md_PBCCS_sniffles_0_90192	0.926.0.0
HG002vGRCh38_wm_50md_PBCCS_sniffles_0_90202	0.928.0.0
HG002vGRCh38_wm_50md_PBCCS_sniffles_0_90199	0.928.0.1
HG004vGRCh38_wm_50md_PBCCS_sniffles_0_86197	0.928.0.2
HG002vGRCh38_wm_50md_PBCCS_sniffles_0_90198	0.928.0.2
HG003vGRCh38_wm_50md_PBCCS_sniffles_0_86648	0.93.0.0
HG004vGRCh38_wm_50md_PBCCS_sniffles_0_84793	0.93.0.0
HG002vGRCh38_wm_50md_PBCCS_sniffles_0_90210	0.931.0.0
HG003vGRCh38_wm_50md_PBCCS_sniffles_0_88166	0.931.0.0
HG003vGRCh38_wm_50md_PBCCS_sniffles_0_88168	0.934.0.0.0
HG002vGRCh38_wm_50md_PBCCS_sniffles_0_90217	0.936.0.0
HG003vGRCh38_wm_50md_PBCCS_sniffles_0_88170	0.936.0.0
HG004vGRCh38_wm_50md_PBCCS_sniffles_0_86208	0.936.0.0
HG002vGRCh38_wm_50md_PBCCS_sniffles_0_90221	0.937.0.0
HG003vGRCh38_wm_50md_PBCCS_sniffles_0_88174	0.937.0.0
HG003vGRCh38_wm_50md_PBCCS_sniffles_0_88180	0.938.0.0.0
HG002vGRCh38_wm_50md_PBCCS_sniffles_0_90227	0.938.0.0.0
HG002vGRCh38_wm_50md_PBCCS_sniffles_0_90229	0.938.0.0.0
HG003vGRCh38_wm_50md_PBCCS_sniffles_0_88182	0.938.0.0.0
HG004vGRCh38_wm_50md_PBCCS_sniffles_0_86214	0.938.0.0.0
HG004vGRCh38_wm_50md_PBCCS_sniffles_0_86210	0.938.1.0.0
HG002vGRCh38_wm_50md_PBCCS_sniffles_0_90224	0.938.1.0.0
HG004vGRCh38_wm_50md_PBCCS_sniffles_0_86212	0.938.1.0.0
HG002vGRCh38_wm_50md_PBCCS_sniffles_0_90230	0.938.2.0.0
HG004vGRCh38_wm_50md_PBCCS_sniffles_0_86215	0.938.2.0.0
HG002vGRCh38_wm_50md_PBCCS_sniffles_0_90226	0.938.3.0.0
HG003vGRCh38_wm_50md_PBCCS_sniffles_0_88177	0.938.3.0.0
HG002vGRCh38_wm_50md_PBCCS_sniffles_0_90225	0.938.3.0.0
HG003vGRCh38_wm_50md_PBCCS_sniffles_0_88179	0.938.3.0.0
HG004vGRCh38_wm_50md_PBCCS_sniffles_0_86211	0.938.3.0.1
HG004vGRCh38_wm_50md_PBCCS_sniffles_0_86213	0.938.3.0.1
HG004vGRCh38_wm_50md_PBCCS_sniffles_0_86218	0.939.0.0
HG002vGRCh38_wm_50md_PBCCS_sniffles_0_90233	0.939.0.1
HG004vGRCh38_wm_50md_PBCCS_sniffles_0_86217	0.939.0.1
HG003vGRCh38_wm_50md_PBCCS_sniffles_0_88184	0.940.0.0
HG004vGRCh38_wm_50md_PBCCS_sniffles_0_86222	0.940.0.0
HG002vGRCh38_wm_50md_PBCCS_sniffles_0_90236	0.941.0.0
HG004vGRCh38_wm_50md_PBCCS_sniffles_0_86221	0.941.0.0
HG002vGRCh38_wm_50md_PBCCS_sniffles_0_90238	0.945.0.0
HG004vGRCh38_wm_50md_PBCCS_sniffles_0_86227	0.947.0.0
HG003vGRCh38_wm_50md_PBCCS_sniffles_0_88186	0.948.0.0
HG003vGRCh38_wm_50md_PBCCS_sniffles_0_88187	0.948.0.0
HG004vGRCh38_wm_50md_PBCCS_sniffles_0_86230	0.949.0.0
HG004vGRCh38_wm_50md_PBCCS_sniffles_0_86232	0.951.0.0
HG003vGRCh38_wm_50md_PBCCS_sniffles_0_88195	0.954.0.0
HG002vGRCh38_wm_50md_PBCCS_sniffles_0_90243	0.954.0.0
HG004vGRCh38_wm_50md_PBCCS_sniffles_0_86234	0.954.0.0
HG004vGRCh38_wm_50md_PBCCS_sniffles_0_86236	0.955.0.0
HG002vGRCh38_wm_50md_PBCCS_sniffles_0_90245	0.955.0.0
HG002vGRCh38_wm_50md_PBCCS_sniffles_0_90247	0.958.0.0
HG003vGRCh38_wm_50md_PBCCS_sniffles_0_88199	0.958.0.0
HG002vGRCh38_wm_50md_PBCCS_sniffles_0_90262	0.964.0.0
HG003vGRCh38_wm_50md_PBCCS_sniffles_0_88213	0.964.0.0
HG004vGRCh38_wm_50md_PBCCS_sniffles_0_86246	0.964.0.0
HG004vGRCh38_wm_50md_PBCCS_sniffles_0_86253	0.965.0.0
HG004vGRCh38_wm_50md_PBCCS_sniffles_0_86254	0.965.0.0
HG002vGRCh38_wm_50md_PBCCS_sniffles_0_90267	0.965.0.0
HG003vGRCh38_wm_50md_PBCCS_sniffles_0_88218	0.965.0.0
HG003vGRCh38_wm_50md_PBCCS_sniffles_0_88219	0.967.0.0
HG002vGRCh38_wm_50md_PBCCS_sniffles_0_90269	0.967.0.0
HG002vGRCh38_wm_50md_PBCCS_sniffles_0_90273	0.969.0.0
HG003vGRCh38_wm_50md_PBCCS_sniffles_0_88222	0.969.0.0
HG002vGRCh38_wm_50md_PBCCS_sniffles_0_90278	0.973.0.0
HG003vGRCh38_wm_50md_PBCCS_sniffles_0_88226	0.973.0.0
HG002vGRCh38_wm_50md_PBCCS_sniffles_0_90281	0.976.0.0
HG003vGRCh38_wm_50md_PBCCS_sniffles_0_88229	0.976.0.0
HG004vGRCh38_wm_50md_PBCCS_sniffles_0_86262	0.976.0.0
HG004vGRCh38_wm_50md_PBCCS_sniffles_0_86266	0.977.0.0
HG003vGRCh38_wm_50md_PBCCS_sniffles_0_88243	0.981.0.0
HG002vGRCh38_wm_50md_PBCCS_sniffles_0_90289	0.981.0.0
HG003vGRCh38_wm_50md_PBCCS_sniffles_0_88244	0.981.0.0
HG002vGRCh38_wm_50md_PBCCS_sniffles_0_90290	0.981.0.0
HG002vGRCh38_wm_50md_PBCCS_sniffles_0_90288	0.981.0.0
HG002vGRCh38_wm_50md_PBCCS_sniffles_0_90292	0.983.0.0
HG003vGRCh38_wm_50md_PBCCS_sniffles_0_88245	0.983.0.0
HG004vGRCh38_wm_50md_PBCCS_sniffles_0_86274	0.983.0.0
HG002vGRCh38_wm_50md_PBCCS_sniffles_0_90294	0.984.0.0.0
HG004vGRCh38_wm_50md_PBCCS_sniffles_0_86276	0.984.0.0.0
HG004vGRCh38_wm_50md_PBCCS_sniffles_0_86277	0.984.0.0.0
HG004vGRCh38_wm_50md_PBCCS_sniffles_0_86275	0.984.1.0.0
HG004vGRCh38_wm_50md_PBCCS_sniffles_0_86279	0.985.0.0
HG003vGRCh38_wm_50md_PBCCS_sniffles_0_88249	0.986.0.0
HG003vGRCh38_wm_50md_PBCCS_sniffles_0_88254	0.988.0.0
HG002vGRCh38_wm_50md_PBCCS_sniffles_0_90303	0.990.0.0
HG003vGRCh38_wm_50md_PBCCS_sniffles_0_88257	0.990.0.0
HG003vGRCh38_wm_50md_PBCCS_sniffles_0_88260	0.994.0.0
HG002vGRCh38_wm_50md_PBCCS_sniffles_0_90307	0.994.0.1
HG003vGRCh38_wm_50md_PBCCS_sniffles_0_88262	0.994.0.1
HG002vGRCh38_wm_50md_PBCCS_sniffles_0_90305	0.994.0.1
HG004vGRCh38_wm_50md_PBCCS_sniffles_0_86291	0.994.0.2
HG003vGRCh38_wm_50md_PBCCS_sniffles_0_88265	0.995.0.0
HG002vGRCh38_wm_50md_PBCCS_sniffles_0_90309	0.995.0.0
HG003vGRCh38_wm_50md_PBCCS_sniffles_0_88267	0.996.0.0
HG004vGRCh38_wm_50md_PBCCS_sniffles_0_86295	0.996.0.0
HG003vGRCh38_wm_50md_PBCCS_sniffles_0_88268	0.998.0.0
