HG002vGRCh38_wm_50md_PBCCS_sniffles_0_92030	0.1000.0.0
HG003vGRCh38_wm_50md_PBCCS_sniffles_0_89962	0.1000.0.0
HG004vGRCh38_wm_50md_PBCCS_sniffles_0_88577	0.1000.0.0
HG004vGRCh38_wm_50md_PBCCS_sniffles_0_88586	0.1003.0.0
HG002vGRCh38_wm_50md_PBCCS_sniffles_0_92034	0.1004.0.0
HG004vGRCh38_wm_50md_PBCCS_sniffles_0_88587	0.1005.0.0
HG004vGRCh38_wm_50md_PBCCS_sniffles_0_88588	0.1005.0.0
HG004vGRCh38_wm_50md_PBCCS_sniffles_0_88590	0.1006.0.0
HG004vGRCh38_wm_50md_PBCCS_sniffles_0_88597	0.1009.0.0
HG002vGRCh38_wm_50md_PBCCS_sniffles_0_92042	0.1010.0.0
HG003vGRCh38_wm_50md_PBCCS_sniffles_0_89974	0.1010.0.0
HG004vGRCh38_wm_50md_PBCCS_sniffles_0_88600	0.1010.0.0
HG002vGRCh38_wm_50md_PBCCS_sniffles_0_92043	0.1011.0.0
HG003vGRCh38_wm_50md_PBCCS_sniffles_0_89975	0.1011.0.0
HG004vGRCh38_wm_50md_PBCCS_sniffles_0_88601	0.1011.0.0
HG002vGRCh38_wm_50md_PBCCS_sniffles_0_92047	0.1013.0.0
HG003vGRCh38_wm_50md_PBCCS_sniffles_0_89982	0.1014.0.0
HG004vGRCh38_wm_50md_PBCCS_sniffles_0_88612	0.1014.0.0
HG002vGRCh38_wm_50md_PBCCS_sniffles_0_92050	0.1014.0.0
HG004vGRCh38_wm_50md_PBCCS_sniffles_0_88613	0.1014.0.1
HG003vGRCh38_wm_50md_PBCCS_sniffles_0_89985	0.1017.0.0
HG004vGRCh38_wm_50md_PBCCS_sniffles_0_88616	0.1017.0.0
HG002vGRCh38_wm_50md_PBCCS_sniffles_0_92053	0.1017.0.0
HG002vGRCh38_wm_50md_PBCCS_sniffles_0_92055	0.1017.0.0
HG003vGRCh38_wm_50md_PBCCS_sniffles_0_89987	0.1017.0.0
HG004vGRCh38_wm_50md_PBCCS_sniffles_0_88619	0.1017.0.0
HG002vGRCh38_wm_50md_PBCCS_sniffles_0_92054	0.1017.0.0
HG003vGRCh38_wm_50md_PBCCS_sniffles_0_89986	0.1017.0.0
HG004vGRCh38_wm_50md_PBCCS_sniffles_0_88617	0.1017.0.0
HG002vGRCh38_wm_50md_PBCCS_sniffles_0_92059	0.1018.0.0.0
HG003vGRCh38_wm_50md_PBCCS_sniffles_0_89993	0.1018.0.0.0
HG004vGRCh38_wm_50md_PBCCS_sniffles_0_88622	0.1018.0.0.0
HG004vGRCh38_wm_50md_PBCCS_sniffles_0_88623	0.1018.1.0.0
HG004vGRCh38_wm_50md_PBCCS_sniffles_0_88626	0.1019.0.0
HG002vGRCh38_wm_50md_PBCCS_sniffles_0_90631	0.102.0.0
HG004vGRCh38_wm_50md_PBCCS_sniffles_0_86579	0.102.0.0
HG002vGRCh38_wm_50md_PBCCS_sniffles_0_92067	0.1024.0.0
HG004vGRCh38_wm_50md_PBCCS_sniffles_0_88638	0.1024.0.0
HG002vGRCh38_wm_50md_PBCCS_sniffles_0_92068	0.1025.0.0
HG003vGRCh38_wm_50md_PBCCS_sniffles_0_89999	0.1025.0.0
HG004vGRCh38_wm_50md_PBCCS_sniffles_0_88639	0.1025.0.0
HG004vGRCh38_wm_50md_PBCCS_sniffles_0_88640	0.1027.0.0
HG003vGRCh38_wm_50md_PBCCS_sniffles_0_90004	0.1028.0.0
HG004vGRCh38_wm_50md_PBCCS_sniffles_0_88642	0.1028.0.0
HG002vGRCh38_wm_50md_PBCCS_sniffles_0_92069	0.1028.0.0
HG003vGRCh38_wm_50md_PBCCS_sniffles_0_90005	0.1029.0.0
HG002vGRCh38_wm_50md_PBCCS_sniffles_0_92070	0.1029.0.0
HG004vGRCh38_wm_50md_PBCCS_sniffles_0_88644	0.1029.0.0
HG004vGRCh38_wm_50md_PBCCS_sniffles_0_88648	0.1031.0.0
HG004vGRCh38_wm_50md_PBCCS_sniffles_0_88650	0.1032.0.0
HG004vGRCh38_wm_50md_PBCCS_sniffles_0_88656	0.1034.0.0.0
HG004vGRCh38_wm_50md_PBCCS_sniffles_0_88651	0.1034.1.0.0
HG002vGRCh38_wm_50md_PBCCS_sniffles_0_92075	0.1034.1.0.0
HG003vGRCh38_wm_50md_PBCCS_sniffles_0_90006	0.1034.1.0.0
HG003vGRCh38_wm_50md_PBCCS_sniffles_0_90014	0.1037.0.0
HG004vGRCh38_wm_50md_PBCCS_sniffles_0_88663	0.1037.0.0
HG002vGRCh38_wm_50md_PBCCS_sniffles_0_92083	0.1037.0.0
HG003vGRCh38_wm_50md_PBCCS_sniffles_0_90013	0.1037.0.0
HG004vGRCh38_wm_50md_PBCCS_sniffles_0_88666	0.1039.0.0
HG003vGRCh38_wm_50md_PBCCS_sniffles_0_90017	0.1039.0.0
HG002vGRCh38_wm_50md_PBCCS_sniffles_0_90633	0.104.0.0
HG004vGRCh38_wm_50md_PBCCS_sniffles_0_86582	0.104.0.0
HG003vGRCh38_wm_50md_PBCCS_sniffles_0_88586	0.104.0.0
HG003vGRCh38_wm_50md_PBCCS_sniffles_0_34503	0.1045.0.0
HG002vGRCh38_wm_50md_PBCCS_sniffles_0_92090	0.1046.0.0
HG004vGRCh38_wm_50md_PBCCS_sniffles_0_88675	0.1046.0.0
HG003vGRCh38_wm_50md_PBCCS_sniffles_0_90026	0.1046.0.0
HG003vGRCh38_wm_50md_PBCCS_sniffles_0_90037	0.1055.0.0
HG004vGRCh38_wm_50md_PBCCS_sniffles_0_88694	0.1055.0.0
HG002vGRCh38_wm_50md_PBCCS_sniffles_0_92103	0.1055.0.0
HG003vGRCh38_wm_50md_PBCCS_sniffles_0_90038	0.1056.0.0
HG002vGRCh38_wm_50md_PBCCS_sniffles_0_92104	0.1056.0.0
HG002vGRCh38_wm_50md_PBCCS_sniffles_0_92105	0.1057.0.0
HG003vGRCh38_wm_50md_PBCCS_sniffles_0_90039	0.1057.0.0
HG004vGRCh38_wm_50md_PBCCS_sniffles_0_88695	0.1057.0.0
HG004vGRCh38_wm_50md_PBCCS_sniffles_0_88704	0.1058.0.0.0
HG003vGRCh38_wm_50md_PBCCS_sniffles_0_90040	0.1058.2.0.0
HG004vGRCh38_wm_50md_PBCCS_sniffles_0_88701	0.1058.2.0.0
HG002vGRCh38_wm_50md_PBCCS_sniffles_0_92106	0.1058.2.0.0
HG003vGRCh38_wm_50md_PBCCS_sniffles_0_90041	0.1058.2.0.0
HG002vGRCh38_wm_50md_PBCCS_sniffles_0_92107	0.1058.2.0.0
HG004vGRCh38_wm_50md_PBCCS_sniffles_0_88703	0.1058.2.0.0
HG003vGRCh38_wm_50md_PBCCS_sniffles_0_90042	0.1058.2.0.1
HG004vGRCh38_wm_50md_PBCCS_sniffles_0_88708	0.1059.0.0
HG003vGRCh38_wm_50md_PBCCS_sniffles_0_90043	0.1059.0.0
HG002vGRCh38_wm_50md_PBCCS_sniffles_0_92109	0.1059.0.0
HG004vGRCh38_wm_50md_PBCCS_sniffles_0_88711	0.1062.0.0
HG002vGRCh38_wm_50md_PBCCS_sniffles_0_92113	0.1063.0.0
HG004vGRCh38_wm_50md_PBCCS_sniffles_0_88718	0.1063.0.0
HG002vGRCh38_wm_50md_PBCCS_sniffles_0_92114	0.1064.0.0
HG003vGRCh38_wm_50md_PBCCS_sniffles_0_90047	0.1064.0.0
HG004vGRCh38_wm_50md_PBCCS_sniffles_0_88719	0.1064.0.0
HG003vGRCh38_wm_50md_PBCCS_sniffles_0_90048	0.1065.0.0
HG002vGRCh38_wm_50md_PBCCS_sniffles_0_92115	0.1065.0.0
HG004vGRCh38_wm_50md_PBCCS_sniffles_0_88720	0.1065.0.0
HG002vGRCh38_wm_50md_PBCCS_sniffles_0_92127	0.1069.0.0
HG003vGRCh38_wm_50md_PBCCS_sniffles_0_90058	0.1069.0.0
HG004vGRCh38_wm_50md_PBCCS_sniffles_0_88736	0.1069.0.0
HG002vGRCh38_wm_50md_PBCCS_sniffles_0_90651	0.107.0.0
HG003vGRCh38_wm_50md_PBCCS_sniffles_0_90066	0.1075.0.0.0
HG004vGRCh38_wm_50md_PBCCS_sniffles_0_88743	0.1075.1.0.0
HG002vGRCh38_wm_50md_PBCCS_sniffles_0_92134	0.1075.1.0.0
HG004vGRCh38_wm_50md_PBCCS_sniffles_0_88744	0.1077.0.0
HG004vGRCh38_wm_50md_PBCCS_sniffles_0_88747	0.1079.0.0
HG003vGRCh38_wm_50md_PBCCS_sniffles_0_90069	0.1079.0.0
HG003vGRCh38_wm_50md_PBCCS_sniffles_0_90070	0.1080.0.0
HG003vGRCh38_wm_50md_PBCCS_sniffles_0_90071	0.1080.0.1
HG004vGRCh38_wm_50md_PBCCS_sniffles_0_88748	0.1080.0.1
HG002vGRCh38_wm_50md_PBCCS_sniffles_0_92150	0.1088.0.0
HG003vGRCh38_wm_50md_PBCCS_sniffles_0_90079	0.1088.0.0
HG004vGRCh38_wm_50md_PBCCS_sniffles_0_88766	0.1088.0.0
HG002vGRCh38_wm_50md_PBCCS_sniffles_0_92158	0.1090.0.0
HG003vGRCh38_wm_50md_PBCCS_sniffles_0_90086	0.1090.0.0
HG003vGRCh38_wm_50md_PBCCS_sniffles_0_90088	0.1091.0.0
HG004vGRCh38_wm_50md_PBCCS_sniffles_0_88778	0.1091.0.0
HG002vGRCh38_wm_50md_PBCCS_sniffles_0_92163	0.1091.0.0
HG004vGRCh38_wm_50md_PBCCS_sniffles_0_88785	0.1092.0.0
HG002vGRCh38_wm_50md_PBCCS_sniffles_0_92168	0.1093.0.0
HG004vGRCh38_wm_50md_PBCCS_sniffles_0_88786	0.1093.0.0
HG002vGRCh38_wm_50md_PBCCS_sniffles_0_92171	0.1094.0.0
HG004vGRCh38_wm_50md_PBCCS_sniffles_0_88789	0.1094.0.0
HG002vGRCh38_wm_50md_PBCCS_sniffles_0_92179	0.1099.0.0
HG003vGRCh38_wm_50md_PBCCS_sniffles_0_90101	0.1099.0.0
HG004vGRCh38_wm_50md_PBCCS_sniffles_0_88801	0.1099.0.0
HG003vGRCh38_wm_50md_PBCCS_sniffles_0_88364	0.11.0.0
HG002vGRCh38_wm_50md_PBCCS_sniffles_0_92181	0.1100.0.0
HG003vGRCh38_wm_50md_PBCCS_sniffles_0_90102	0.1100.0.0
HG004vGRCh38_wm_50md_PBCCS_sniffles_0_88803	0.1100.0.0
HG003vGRCh38_wm_50md_PBCCS_sniffles_0_90105	0.1102.0.0
HG004vGRCh38_wm_50md_PBCCS_sniffles_0_88804	0.1102.0.0
HG003vGRCh38_wm_50md_PBCCS_sniffles_0_90106	0.1103.0.0
HG004vGRCh38_wm_50md_PBCCS_sniffles_0_88805	0.1103.0.0
HG002vGRCh38_wm_50md_PBCCS_sniffles_0_92186	0.1104.0.0
HG003vGRCh38_wm_50md_PBCCS_sniffles_0_90109	0.1104.0.0
HG004vGRCh38_wm_50md_PBCCS_sniffles_0_88810	0.1104.0.0
HG002vGRCh38_wm_50md_PBCCS_sniffles_0_92189	0.1105.0.0
HG003vGRCh38_wm_50md_PBCCS_sniffles_0_90113	0.1105.0.0
HG004vGRCh38_wm_50md_PBCCS_sniffles_0_88815	0.1105.0.0
HG002vGRCh38_wm_50md_PBCCS_sniffles_0_92193	0.1108.0.0
HG003vGRCh38_wm_50md_PBCCS_sniffles_0_90124	0.1108.0.0
HG004vGRCh38_wm_50md_PBCCS_sniffles_0_88830	0.1108.0.0
HG002vGRCh38_wm_50md_PBCCS_sniffles_0_92194	0.1109.0.0
HG003vGRCh38_wm_50md_PBCCS_sniffles_0_90125	0.1109.0.0
HG004vGRCh38_wm_50md_PBCCS_sniffles_0_88831	0.1109.0.0
HG002vGRCh38_wm_50md_PBCCS_sniffles_0_92195	0.1110.0.0
HG004vGRCh38_wm_50md_PBCCS_sniffles_0_88832	0.1110.0.0
HG003vGRCh38_wm_50md_PBCCS_sniffles_0_90127	0.1111.0.0
HG004vGRCh38_wm_50md_PBCCS_sniffles_0_88836	0.1111.0.0
HG003vGRCh38_wm_50md_PBCCS_sniffles_0_90132	0.1113.0.0
HG004vGRCh38_wm_50md_PBCCS_sniffles_0_88842	0.1113.0.0
HG003vGRCh38_wm_50md_PBCCS_sniffles_0_90135	0.1114.0.0
HG002vGRCh38_wm_50md_PBCCS_sniffles_0_90664	0.112.0.0
HG004vGRCh38_wm_50md_PBCCS_sniffles_0_86607	0.112.0.0
HG003vGRCh38_wm_50md_PBCCS_sniffles_0_88613	0.112.0.0
HG003vGRCh38_wm_50md_PBCCS_sniffles_0_90146	0.1121.0.0
HG003vGRCh38_wm_50md_PBCCS_sniffles_0_90149	0.1123.0.0
HG004vGRCh38_wm_50md_PBCCS_sniffles_0_88852	0.1124.0.0
HG002vGRCh38_wm_50md_PBCCS_sniffles_0_92205	0.1125.0.0
HG004vGRCh38_wm_50md_PBCCS_sniffles_0_88853	0.1125.0.0
HG004vGRCh38_wm_50md_PBCCS_sniffles_0_88855	0.1127.0.0
HG002vGRCh38_wm_50md_PBCCS_sniffles_0_92208	0.1129.0.0
HG004vGRCh38_wm_50md_PBCCS_sniffles_0_88858	0.1129.0.0
HG003vGRCh38_wm_50md_PBCCS_sniffles_0_90162	0.1131.0.0
HG003vGRCh38_wm_50md_PBCCS_sniffles_0_90168	0.1135.0.0
HG004vGRCh38_wm_50md_PBCCS_sniffles_0_88875	0.1135.0.0
HG002vGRCh38_wm_50md_PBCCS_sniffles_0_92218	0.1135.0.0
HG002vGRCh38_wm_50md_PBCCS_sniffles_0_92219	0.1136.0.0
HG004vGRCh38_wm_50md_PBCCS_sniffles_0_88876	0.1136.0.0
HG003vGRCh38_wm_50md_PBCCS_sniffles_0_90169	0.1136.0.0
HG003vGRCh38_wm_50md_PBCCS_sniffles_0_90170	0.1139.0.0
HG003vGRCh38_wm_50md_PBCCS_sniffles_0_90171	0.1141.0.0
HG004vGRCh38_wm_50md_PBCCS_sniffles_0_88882	0.1141.0.0
HG003vGRCh38_wm_50md_PBCCS_sniffles_0_90172	0.1142.0.0
HG002vGRCh38_wm_50md_PBCCS_sniffles_0_92223	0.1142.0.1
HG002vGRCh38_wm_50md_PBCCS_sniffles_0_92231	0.1143.0.0
HG003vGRCh38_wm_50md_PBCCS_sniffles_0_90173	0.1143.0.0
HG004vGRCh38_wm_50md_PBCCS_sniffles_0_88893	0.1143.0.0
HG002vGRCh38_wm_50md_PBCCS_sniffles_0_92232	0.1144.0.0
HG004vGRCh38_wm_50md_PBCCS_sniffles_0_88894	0.1144.0.0
HG003vGRCh38_wm_50md_PBCCS_sniffles_0_90176	0.1147.0.0
HG003vGRCh38_wm_50md_PBCCS_sniffles_0_90175	0.1147.0.0
HG004vGRCh38_wm_50md_PBCCS_sniffles_0_88901	0.1147.0.0
HG004vGRCh38_wm_50md_PBCCS_sniffles_0_88903	0.1147.0.0
HG004vGRCh38_wm_50md_PBCCS_sniffles_0_88902	0.1147.0.0
HG002vGRCh38_wm_50md_PBCCS_sniffles_0_92237	0.1147.0.0
HG002vGRCh38_wm_50md_PBCCS_sniffles_0_92236	0.1147.0.0
HG002vGRCh38_wm_50md_PBCCS_sniffles_0_92238	0.1148.0.0.0
HG004vGRCh38_wm_50md_PBCCS_sniffles_0_88904	0.1148.0.0.0
HG002vGRCh38_wm_50md_PBCCS_sniffles_0_92240	0.1148.0.0.0
HG004vGRCh38_wm_50md_PBCCS_sniffles_0_88907	0.1148.0.0.0
HG003vGRCh38_wm_50md_PBCCS_sniffles_0_90177	0.1148.1.0.0
HG004vGRCh38_wm_50md_PBCCS_sniffles_0_88905	0.1148.1.0.0
HG002vGRCh38_wm_50md_PBCCS_sniffles_0_92239	0.1148.1.0.0
HG003vGRCh38_wm_50md_PBCCS_sniffles_0_88619	0.115.1.0.0
HG003vGRCh38_wm_50md_PBCCS_sniffles_0_88620	0.115.1.0.0
HG004vGRCh38_wm_50md_PBCCS_sniffles_0_88912	0.1150.0.0
HG003vGRCh38_wm_50md_PBCCS_sniffles_0_90183	0.1153.0.0
HG004vGRCh38_wm_50md_PBCCS_sniffles_0_88917	0.1153.0.0
HG002vGRCh38_wm_50md_PBCCS_sniffles_0_92247	0.1153.0.0
HG004vGRCh38_wm_50md_PBCCS_sniffles_0_88915	0.1153.0.0
HG002vGRCh38_wm_50md_PBCCS_sniffles_0_92248	0.1154.0.0
HG003vGRCh38_wm_50md_PBCCS_sniffles_0_90184	0.1154.0.0
HG004vGRCh38_wm_50md_PBCCS_sniffles_0_88918	0.1154.0.0
HG002vGRCh38_wm_50md_PBCCS_sniffles_0_92255	0.1159.0.0
HG004vGRCh38_wm_50md_PBCCS_sniffles_0_88924	0.1159.0.0
HG004vGRCh38_wm_50md_PBCCS_sniffles_0_86612	0.116.0.0
HG002vGRCh38_wm_50md_PBCCS_sniffles_0_90674	0.116.0.0
HG002vGRCh38_wm_50md_PBCCS_sniffles_0_90675	0.116.0.0
HG004vGRCh38_wm_50md_PBCCS_sniffles_0_88925	0.1160.0.0
HG004vGRCh38_wm_50md_PBCCS_sniffles_0_88926	0.1161.0.0
HG003vGRCh38_wm_50md_PBCCS_sniffles_0_90213	0.1167.0.0
HG002vGRCh38_wm_50md_PBCCS_sniffles_0_92276	0.1168.0.0
HG003vGRCh38_wm_50md_PBCCS_sniffles_0_90214	0.1168.0.0
HG004vGRCh38_wm_50md_PBCCS_sniffles_0_88958	0.1168.0.0
HG004vGRCh38_wm_50md_PBCCS_sniffles_0_86615	0.117.0.0
HG003vGRCh38_wm_50md_PBCCS_sniffles_0_90219	0.1171.0.0
HG004vGRCh38_wm_50md_PBCCS_sniffles_0_88972	0.1171.0.0
HG002vGRCh38_wm_50md_PBCCS_sniffles_0_92288	0.1171.0.0
HG003vGRCh38_wm_50md_PBCCS_sniffles_0_90224	0.1175.0.0
HG004vGRCh38_wm_50md_PBCCS_sniffles_0_88983	0.1175.0.0
HG002vGRCh38_wm_50md_PBCCS_sniffles_0_92298	0.1175.0.0
HG002vGRCh38_wm_50md_PBCCS_sniffles_0_92299	0.1177.0.0
HG003vGRCh38_wm_50md_PBCCS_sniffles_0_90226	0.1177.0.0
HG004vGRCh38_wm_50md_PBCCS_sniffles_0_88984	0.1177.0.0
HG003vGRCh38_wm_50md_PBCCS_sniffles_0_90228	0.1178.0.0
HG002vGRCh38_wm_50md_PBCCS_sniffles_0_92302	0.1178.0.0
HG004vGRCh38_wm_50md_PBCCS_sniffles_0_88989	0.1178.0.0
HG003vGRCh38_wm_50md_PBCCS_sniffles_0_90233	0.1188.0.0
HG004vGRCh38_wm_50md_PBCCS_sniffles_0_89009	0.1188.0.0
HG003vGRCh38_wm_50md_PBCCS_sniffles_0_90234	0.1189.0.0
HG003vGRCh38_wm_50md_PBCCS_sniffles_0_88630	0.119.0.0
HG002vGRCh38_wm_50md_PBCCS_sniffles_0_90683	0.119.0.0
HG004vGRCh38_wm_50md_PBCCS_sniffles_0_86616	0.119.0.0
HG004vGRCh38_wm_50md_PBCCS_sniffles_0_89010	0.1190.0.0
HG002vGRCh38_wm_50md_PBCCS_sniffles_0_92313	0.1190.0.0
HG003vGRCh38_wm_50md_PBCCS_sniffles_0_90235	0.1190.0.0
HG002vGRCh38_wm_50md_PBCCS_sniffles_0_92315	0.1192.0.0
HG003vGRCh38_wm_50md_PBCCS_sniffles_0_90236	0.1192.0.0
HG004vGRCh38_wm_50md_PBCCS_sniffles_0_89012	0.1192.0.0
HG002vGRCh38_wm_50md_PBCCS_sniffles_0_92318	0.1195.0.0
HG003vGRCh38_wm_50md_PBCCS_sniffles_0_90239	0.1195.0.0
HG004vGRCh38_wm_50md_PBCCS_sniffles_0_89016	0.1195.0.0
HG002vGRCh38_wm_50md_PBCCS_sniffles_0_92322	0.1197.0.0
HG004vGRCh38_wm_50md_PBCCS_sniffles_0_89021	0.1197.0.0
HG004vGRCh38_wm_50md_PBCCS_sniffles_0_89023	0.1197.0.0
HG004vGRCh38_wm_50md_PBCCS_sniffles_0_89022	0.1197.0.0
HG003vGRCh38_wm_50md_PBCCS_sniffles_0_90245	0.1197.0.0
HG002vGRCh38_wm_50md_PBCCS_sniffles_0_92324	0.1197.0.0
HG004vGRCh38_wm_50md_PBCCS_sniffles_0_89024	0.1198.0.0
HG002vGRCh38_wm_50md_PBCCS_sniffles_0_92325	0.1198.0.0
HG003vGRCh38_wm_50md_PBCCS_sniffles_0_88365	0.12.0.0
HG002vGRCh38_wm_50md_PBCCS_sniffles_0_90685	0.120.0.0
HG003vGRCh38_wm_50md_PBCCS_sniffles_0_88631	0.120.0.0
HG003vGRCh38_wm_50md_PBCCS_sniffles_0_90249	0.1201.0.0
HG004vGRCh38_wm_50md_PBCCS_sniffles_0_89033	0.1204.0.0
HG004vGRCh38_wm_50md_PBCCS_sniffles_0_89034	0.1205.0.0
HG004vGRCh38_wm_50md_PBCCS_sniffles_0_89039	0.1209.0.0
HG003vGRCh38_wm_50md_PBCCS_sniffles_0_90256	0.1211.0.0
HG004vGRCh38_wm_50md_PBCCS_sniffles_0_89047	0.1211.0.0
HG004vGRCh38_wm_50md_PBCCS_sniffles_0_89048	0.1212.0.0
HG003vGRCh38_wm_50md_PBCCS_sniffles_0_90255	0.1212.0.1
HG004vGRCh38_wm_50md_PBCCS_sniffles_0_89046	0.1212.0.1
HG004vGRCh38_wm_50md_PBCCS_sniffles_0_89056	0.1213.0.0
HG002vGRCh38_wm_50md_PBCCS_sniffles_0_92342	0.1215.0.0
HG004vGRCh38_wm_50md_PBCCS_sniffles_0_89062	0.1215.0.0
HG002vGRCh38_wm_50md_PBCCS_sniffles_0_92343	0.1216.0.0
HG004vGRCh38_wm_50md_PBCCS_sniffles_0_89063	0.1216.0.0
HG002vGRCh38_wm_50md_PBCCS_sniffles_0_92347	0.1218.0.0
HG004vGRCh38_wm_50md_PBCCS_sniffles_0_89068	0.1218.0.0
HG004vGRCh38_wm_50md_PBCCS_sniffles_0_89070	0.1220.0.0
HG003vGRCh38_wm_50md_PBCCS_sniffles_0_90259	0.1220.0.1
HG004vGRCh38_wm_50md_PBCCS_sniffles_0_89081	0.1224.0.0
HG002vGRCh38_wm_50md_PBCCS_sniffles_0_92355	0.1224.0.0
HG004vGRCh38_wm_50md_PBCCS_sniffles_0_89082	0.1224.0.0
HG003vGRCh38_wm_50md_PBCCS_sniffles_0_90263	0.1224.0.0
HG003vGRCh38_wm_50md_PBCCS_sniffles_0_90264	0.1225.0.0
HG002vGRCh38_wm_50md_PBCCS_sniffles_0_92356	0.1225.0.0
HG004vGRCh38_wm_50md_PBCCS_sniffles_0_89083	0.1225.0.0
HG003vGRCh38_wm_50md_PBCCS_sniffles_0_90271	0.1227.1.0.0
HG004vGRCh38_wm_50md_PBCCS_sniffles_0_89094	0.1227.1.0.0
HG003vGRCh38_wm_50md_PBCCS_sniffles_0_90272	0.1228.0.0
HG003vGRCh38_wm_50md_PBCCS_sniffles_0_90275	0.1230.0.0
HG004vGRCh38_wm_50md_PBCCS_sniffles_0_89108	0.1233.0.0
HG002vGRCh38_wm_50md_PBCCS_sniffles_0_92373	0.1233.0.0
HG003vGRCh38_wm_50md_PBCCS_sniffles_0_90281	0.1233.0.0
HG004vGRCh38_wm_50md_PBCCS_sniffles_0_89112	0.1236.0.0
HG002vGRCh38_wm_50md_PBCCS_sniffles_0_92376	0.1237.0.0
HG004vGRCh38_wm_50md_PBCCS_sniffles_0_89114	0.1237.0.0
HG004vGRCh38_wm_50md_PBCCS_sniffles_0_89116	0.1238.0.0
HG002vGRCh38_wm_50md_PBCCS_sniffles_0_92378	0.1239.0.0
HG004vGRCh38_wm_50md_PBCCS_sniffles_0_89120	0.1239.0.0
HG002vGRCh38_wm_50md_PBCCS_sniffles_0_90688	0.124.0.0
HG004vGRCh38_wm_50md_PBCCS_sniffles_0_86620	0.124.0.0
HG004vGRCh38_wm_50md_PBCCS_sniffles_0_89123	0.1242.0.0
HG002vGRCh38_wm_50md_PBCCS_sniffles_0_92379	0.1243.0.0
HG004vGRCh38_wm_50md_PBCCS_sniffles_0_89124	0.1243.0.0
HG002vGRCh38_wm_50md_PBCCS_sniffles_0_92386	0.1244.0.0
HG003vGRCh38_wm_50md_PBCCS_sniffles_0_90293	0.1244.0.0
HG004vGRCh38_wm_50md_PBCCS_sniffles_0_89132	0.1244.0.0
HG002vGRCh38_wm_50md_PBCCS_sniffles_0_92389	0.1247.0.0
HG002vGRCh38_wm_50md_PBCCS_sniffles_0_92390	0.1248.0.0
HG003vGRCh38_wm_50md_PBCCS_sniffles_0_90296	0.1248.0.0
HG004vGRCh38_wm_50md_PBCCS_sniffles_0_89136	0.1248.0.0
HG002vGRCh38_wm_50md_PBCCS_sniffles_0_90689	0.125.0.0
HG004vGRCh38_wm_50md_PBCCS_sniffles_0_86621	0.125.0.0
HG003vGRCh38_wm_50md_PBCCS_sniffles_0_90299	0.1252.0.0
HG002vGRCh38_wm_50md_PBCCS_sniffles_0_92397	0.1253.0.0
HG003vGRCh38_wm_50md_PBCCS_sniffles_0_90300	0.1253.0.0
HG004vGRCh38_wm_50md_PBCCS_sniffles_0_89145	0.1253.0.0
HG004vGRCh38_wm_50md_PBCCS_sniffles_0_89150	0.1255.0.0
HG003vGRCh38_wm_50md_PBCCS_sniffles_0_90301	0.1255.0.1
HG004vGRCh38_wm_50md_PBCCS_sniffles_0_89146	0.1255.0.1
HG002vGRCh38_wm_50md_PBCCS_sniffles_0_92398	0.1255.0.1
HG002vGRCh38_wm_50md_PBCCS_sniffles_0_92402	0.1258.0.0
HG003vGRCh38_wm_50md_PBCCS_sniffles_0_90309	0.1258.0.0
HG004vGRCh38_wm_50md_PBCCS_sniffles_0_89154	0.1258.0.0
HG002vGRCh38_wm_50md_PBCCS_sniffles_0_90698	0.126.3.0.0
HG003vGRCh38_wm_50md_PBCCS_sniffles_0_88641	0.126.3.0.0
HG002vGRCh38_wm_50md_PBCCS_sniffles_0_90695	0.126.3.0.0
HG003vGRCh38_wm_50md_PBCCS_sniffles_0_88637	0.126.3.0.0
HG003vGRCh38_wm_50md_PBCCS_sniffles_0_88642	0.126.3.0.1
HG002vGRCh38_wm_50md_PBCCS_sniffles_0_92407	0.1261.0.0
HG003vGRCh38_wm_50md_PBCCS_sniffles_0_90316	0.1261.0.0
HG004vGRCh38_wm_50md_PBCCS_sniffles_0_89161	0.1261.0.0
HG002vGRCh38_wm_50md_PBCCS_sniffles_0_92412	0.1262.0.0
HG004vGRCh38_wm_50md_PBCCS_sniffles_0_89167	0.1262.0.0
HG003vGRCh38_wm_50md_PBCCS_sniffles_0_90324	0.1262.0.0
HG004vGRCh38_wm_50md_PBCCS_sniffles_0_89174	0.1265.0.0
HG002vGRCh38_wm_50md_PBCCS_sniffles_0_92416	0.1265.0.0
HG002vGRCh38_wm_50md_PBCCS_sniffles_0_92421	0.1266.0.0
HG004vGRCh38_wm_50md_PBCCS_sniffles_0_89178	0.1266.0.0
HG002vGRCh38_wm_50md_PBCCS_sniffles_0_92422	0.1267.0.0
HG003vGRCh38_wm_50md_PBCCS_sniffles_0_90330	0.1267.0.0
HG004vGRCh38_wm_50md_PBCCS_sniffles_0_89179	0.1267.0.0
HG002vGRCh38_wm_50md_PBCCS_sniffles_0_92426	0.1272.0.0
HG003vGRCh38_wm_50md_PBCCS_sniffles_0_90336	0.1272.0.0
HG004vGRCh38_wm_50md_PBCCS_sniffles_0_89185	0.1272.0.0
HG004vGRCh38_wm_50md_PBCCS_sniffles_0_89186	0.1273.0.0
HG002vGRCh38_wm_50md_PBCCS_sniffles_0_92427	0.1273.0.0
HG003vGRCh38_wm_50md_PBCCS_sniffles_0_90337	0.1273.0.0
HG002vGRCh38_wm_50md_PBCCS_sniffles_0_92428	0.1277.0.0
HG004vGRCh38_wm_50md_PBCCS_sniffles_0_89190	0.1277.0.0
HG003vGRCh38_wm_50md_PBCCS_sniffles_0_90338	0.1277.0.0
HG003vGRCh38_wm_50md_PBCCS_sniffles_0_90340	0.1278.0.0
HG002vGRCh38_wm_50md_PBCCS_sniffles_0_92434	0.1280.0.0
HG004vGRCh38_wm_50md_PBCCS_sniffles_0_89199	0.1280.0.0
HG003vGRCh38_wm_50md_PBCCS_sniffles_0_90350	0.1281.0.0
HG002vGRCh38_wm_50md_PBCCS_sniffles_0_92442	0.1282.0.0
HG003vGRCh38_wm_50md_PBCCS_sniffles_0_90351	0.1282.0.0
HG004vGRCh38_wm_50md_PBCCS_sniffles_0_89211	0.1282.0.0
HG004vGRCh38_wm_50md_PBCCS_sniffles_0_89212	0.1283.0.0
HG002vGRCh38_wm_50md_PBCCS_sniffles_0_90707	0.129.0.0
HG003vGRCh38_wm_50md_PBCCS_sniffles_0_88649	0.129.0.0
HG004vGRCh38_wm_50md_PBCCS_sniffles_0_86630	0.129.0.0
HG002vGRCh38_wm_50md_PBCCS_sniffles_0_92451	0.1290.0.0
HG004vGRCh38_wm_50md_PBCCS_sniffles_0_89228	0.1290.0.0
HG003vGRCh38_wm_50md_PBCCS_sniffles_0_90367	0.1300.0.0
HG002vGRCh38_wm_50md_PBCCS_sniffles_0_92471	0.1301.0.0
HG004vGRCh38_wm_50md_PBCCS_sniffles_0_89256	0.1301.0.0
HG003vGRCh38_wm_50md_PBCCS_sniffles_0_90368	0.1301.0.0
HG004vGRCh38_wm_50md_PBCCS_sniffles_0_89259	0.1302.0.0
HG002vGRCh38_wm_50md_PBCCS_sniffles_0_92475	0.1302.0.0
HG003vGRCh38_wm_50md_PBCCS_sniffles_0_90370	0.1302.0.0
HG002vGRCh38_wm_50md_PBCCS_sniffles_0_92476	0.1302.0.0
HG002vGRCh38_wm_50md_PBCCS_sniffles_0_92477	0.1304.0.0
HG003vGRCh38_wm_50md_PBCCS_sniffles_0_90371	0.1304.0.0
HG004vGRCh38_wm_50md_PBCCS_sniffles_0_89261	0.1304.0.0
HG004vGRCh38_wm_50md_PBCCS_sniffles_0_89262	0.1305.0.0
HG002vGRCh38_wm_50md_PBCCS_sniffles_0_92480	0.1307.0.0
HG004vGRCh38_wm_50md_PBCCS_sniffles_0_89273	0.1307.0.0
HG004vGRCh38_wm_50md_PBCCS_sniffles_0_89274	0.1308.0.0
HG002vGRCh38_wm_50md_PBCCS_sniffles_0_90710	0.131.0.0
HG004vGRCh38_wm_50md_PBCCS_sniffles_0_86635	0.131.0.0
HG003vGRCh38_wm_50md_PBCCS_sniffles_0_88656	0.131.0.0
HG002vGRCh38_wm_50md_PBCCS_sniffles_0_90711	0.131.0.0
HG002vGRCh38_wm_50md_PBCCS_sniffles_0_92484	0.1312.0.0
HG004vGRCh38_wm_50md_PBCCS_sniffles_0_89278	0.1312.0.0
HG003vGRCh38_wm_50md_PBCCS_sniffles_0_90377	0.1312.0.0
HG003vGRCh38_wm_50md_PBCCS_sniffles_0_90382	0.1314.0.0
HG003vGRCh38_wm_50md_PBCCS_sniffles_0_90387	0.1316.0.0
HG004vGRCh38_wm_50md_PBCCS_sniffles_0_89287	0.1316.0.0
HG003vGRCh38_wm_50md_PBCCS_sniffles_0_90388	0.1317.0.0
HG002vGRCh38_wm_50md_PBCCS_sniffles_0_92492	0.1318.0.0
HG004vGRCh38_wm_50md_PBCCS_sniffles_0_89290	0.1318.0.0
HG002vGRCh38_wm_50md_PBCCS_sniffles_0_92493	0.1319.0.0
HG003vGRCh38_wm_50md_PBCCS_sniffles_0_90391	0.1319.0.0
HG004vGRCh38_wm_50md_PBCCS_sniffles_0_89295	0.1319.0.0
HG003vGRCh38_wm_50md_PBCCS_sniffles_0_88657	0.132.0.0
HG004vGRCh38_wm_50md_PBCCS_sniffles_0_86636	0.132.0.0
HG002vGRCh38_wm_50md_PBCCS_sniffles_0_92500	0.1323.0.0
HG004vGRCh38_wm_50md_PBCCS_sniffles_0_89306	0.1323.0.0
HG003vGRCh38_wm_50md_PBCCS_sniffles_0_90400	0.1324.0.0
HG002vGRCh38_wm_50md_PBCCS_sniffles_0_92503	0.1325.0.0
HG004vGRCh38_wm_50md_PBCCS_sniffles_0_89312	0.1325.0.0
HG004vGRCh38_wm_50md_PBCCS_sniffles_0_89314	0.1327.0.0
HG002vGRCh38_wm_50md_PBCCS_sniffles_0_92505	0.1327.0.0
HG003vGRCh38_wm_50md_PBCCS_sniffles_0_90401	0.1327.0.0
HG004vGRCh38_wm_50md_PBCCS_sniffles_0_89319	0.1329.0.0
HG002vGRCh38_wm_50md_PBCCS_sniffles_0_92509	0.1329.0.0
HG002vGRCh38_wm_50md_PBCCS_sniffles_0_92514	0.1330.0.0
HG004vGRCh38_wm_50md_PBCCS_sniffles_0_89324	0.1330.0.0
HG004vGRCh38_wm_50md_PBCCS_sniffles_0_89329	0.1333.0.0
HG002vGRCh38_wm_50md_PBCCS_sniffles_0_92518	0.1333.0.0
HG003vGRCh38_wm_50md_PBCCS_sniffles_0_90408	0.1333.0.0
HG003vGRCh38_wm_50md_PBCCS_sniffles_0_90409	0.1335.0.0
HG004vGRCh38_wm_50md_PBCCS_sniffles_0_89347	0.1338.0.0
HG003vGRCh38_wm_50md_PBCCS_sniffles_0_90411	0.1338.0.0
HG002vGRCh38_wm_50md_PBCCS_sniffles_0_92530	0.1338.0.0
HG002vGRCh38_wm_50md_PBCCS_sniffles_0_92531	0.1339.0.0
HG004vGRCh38_wm_50md_PBCCS_sniffles_0_89349	0.1339.0.0
HG003vGRCh38_wm_50md_PBCCS_sniffles_0_90412	0.1339.0.0
HG004vGRCh38_wm_50md_PBCCS_sniffles_0_86638	0.134.0.0
HG004vGRCh38_wm_50md_PBCCS_sniffles_0_89350	0.1340.0.0
HG002vGRCh38_wm_50md_PBCCS_sniffles_0_92532	0.1341.0.0
HG004vGRCh38_wm_50md_PBCCS_sniffles_0_89351	0.1341.0.0
HG003vGRCh38_wm_50md_PBCCS_sniffles_0_90413	0.1341.0.0
HG004vGRCh38_wm_50md_PBCCS_sniffles_0_89352	0.1341.0.0
HG002vGRCh38_wm_50md_PBCCS_sniffles_0_92534	0.1341.0.0
HG004vGRCh38_wm_50md_PBCCS_sniffles_0_89354	0.1341.0.0
HG004vGRCh38_wm_50md_PBCCS_sniffles_0_89355	0.1342.0.0
HG004vGRCh38_wm_50md_PBCCS_sniffles_0_89356	0.1343.1.0.0
HG004vGRCh38_wm_50md_PBCCS_sniffles_0_89358	0.1343.1.0.1
HG003vGRCh38_wm_50md_PBCCS_sniffles_0_90414	0.1344.0.0
HG003vGRCh38_wm_50md_PBCCS_sniffles_0_90419	0.1346.0.0
HG003vGRCh38_wm_50md_PBCCS_sniffles_0_90422	0.1348.0.0
HG003vGRCh38_wm_50md_PBCCS_sniffles_0_88663	0.135.0.0
HG003vGRCh38_wm_50md_PBCCS_sniffles_0_90427	0.1351.0.0
HG003vGRCh38_wm_50md_PBCCS_sniffles_0_90428	0.1352.0.0
HG003vGRCh38_wm_50md_PBCCS_sniffles_0_90429	0.1352.0.1
HG003vGRCh38_wm_50md_PBCCS_sniffles_0_90430	0.1353.0.0.0
HG004vGRCh38_wm_50md_PBCCS_sniffles_0_89362	0.1353.1.0.0
HG003vGRCh38_wm_50md_PBCCS_sniffles_0_90433	0.1354.0.0
HG003vGRCh38_wm_50md_PBCCS_sniffles_0_90445	0.1357.0.0
HG004vGRCh38_wm_50md_PBCCS_sniffles_0_89373	0.1357.0.0
HG002vGRCh38_wm_50md_PBCCS_sniffles_0_92544	0.1357.0.0
HG003vGRCh38_wm_50md_PBCCS_sniffles_0_88665	0.136.0.0
HG002vGRCh38_wm_50md_PBCCS_sniffles_0_92549	0.1361.0.0
HG003vGRCh38_wm_50md_PBCCS_sniffles_0_90448	0.1361.0.0
HG004vGRCh38_wm_50md_PBCCS_sniffles_0_89380	0.1361.0.0
HG003vGRCh38_wm_50md_PBCCS_sniffles_0_90450	0.1363.0.0
HG004vGRCh38_wm_50md_PBCCS_sniffles_0_89383	0.1363.0.0
HG002vGRCh38_wm_50md_PBCCS_sniffles_0_92550	0.1365.0.0
HG004vGRCh38_wm_50md_PBCCS_sniffles_0_89387	0.1365.0.0
HG004vGRCh38_wm_50md_PBCCS_sniffles_0_89386	0.1365.0.0
HG003vGRCh38_wm_50md_PBCCS_sniffles_0_90454	0.1365.0.0
HG004vGRCh38_wm_50md_PBCCS_sniffles_0_89388	0.1365.0.0
HG002vGRCh38_wm_50md_PBCCS_sniffles_0_92555	0.1366.0.0
HG003vGRCh38_wm_50md_PBCCS_sniffles_0_90458	0.1366.0.0
HG004vGRCh38_wm_50md_PBCCS_sniffles_0_89393	0.1366.0.0
HG003vGRCh38_wm_50md_PBCCS_sniffles_0_90464	0.1368.0.0
HG002vGRCh38_wm_50md_PBCCS_sniffles_0_92558	0.1368.0.0
HG004vGRCh38_wm_50md_PBCCS_sniffles_0_89399	0.1368.0.0
HG003vGRCh38_wm_50md_PBCCS_sniffles_0_90465	0.1368.0.0
HG002vGRCh38_wm_50md_PBCCS_sniffles_0_92559	0.1370.0.0
HG003vGRCh38_wm_50md_PBCCS_sniffles_0_90466	0.1370.0.0
HG002vGRCh38_wm_50md_PBCCS_sniffles_0_92564	0.1373.0.0
HG003vGRCh38_wm_50md_PBCCS_sniffles_0_90470	0.1373.0.0
HG004vGRCh38_wm_50md_PBCCS_sniffles_0_89409	0.1373.0.0
HG002vGRCh38_wm_50md_PBCCS_sniffles_0_92566	0.1376.0.0
HG003vGRCh38_wm_50md_PBCCS_sniffles_0_90472	0.1376.0.0
HG004vGRCh38_wm_50md_PBCCS_sniffles_0_89413	0.1376.0.0
HG004vGRCh38_wm_50md_PBCCS_sniffles_0_89414	0.1377.0.0
HG004vGRCh38_wm_50md_PBCCS_sniffles_0_89417	0.1379.0.0
HG004vGRCh38_wm_50md_PBCCS_sniffles_0_89422	0.1381.0.0.0
HG004vGRCh38_wm_50md_PBCCS_sniffles_0_89421	0.1381.1.0.0
HG002vGRCh38_wm_50md_PBCCS_sniffles_0_92571	0.1381.1.0.1
HG003vGRCh38_wm_50md_PBCCS_sniffles_0_90478	0.1383.0.0
HG004vGRCh38_wm_50md_PBCCS_sniffles_0_89425	0.1383.0.0
HG004vGRCh38_wm_50md_PBCCS_sniffles_0_89428	0.1385.0.0
HG002vGRCh38_wm_50md_PBCCS_sniffles_0_92576	0.1385.0.0
HG003vGRCh38_wm_50md_PBCCS_sniffles_0_90480	0.1386.1.0.0
HG003vGRCh38_wm_50md_PBCCS_sniffles_0_90485	0.1387.0.0
HG004vGRCh38_wm_50md_PBCCS_sniffles_0_89436	0.1389.0.0
HG003vGRCh38_wm_50md_PBCCS_sniffles_0_90494	0.1389.0.0
HG003vGRCh38_wm_50md_PBCCS_sniffles_0_90493	0.1389.0.0
HG004vGRCh38_wm_50md_PBCCS_sniffles_0_89435	0.1389.0.0
HG003vGRCh38_wm_50md_PBCCS_sniffles_0_90495	0.1389.0.0
HG002vGRCh38_wm_50md_PBCCS_sniffles_0_92582	0.1389.0.0
HG002vGRCh38_wm_50md_PBCCS_sniffles_0_90718	0.139.0.0
HG002vGRCh38_wm_50md_PBCCS_sniffles_0_92596	0.1395.0.0
HG003vGRCh38_wm_50md_PBCCS_sniffles_0_90500	0.1395.0.1
HG004vGRCh38_wm_50md_PBCCS_sniffles_0_89460	0.1395.0.1
HG002vGRCh38_wm_50md_PBCCS_sniffles_0_92600	0.1398.0.0
HG003vGRCh38_wm_50md_PBCCS_sniffles_0_90502	0.1398.0.0
HG004vGRCh38_wm_50md_PBCCS_sniffles_0_89468	0.1398.0.0
HG002vGRCh38_wm_50md_PBCCS_sniffles_0_90428	0.14.0.0.0.0
HG004vGRCh38_wm_50md_PBCCS_sniffles_0_86385	0.14.0.0.0.1
HG004vGRCh38_wm_50md_PBCCS_sniffles_0_86383	0.14.1.0.0
HG002vGRCh38_wm_50md_PBCCS_sniffles_0_90420	0.14.1.0.0
HG003vGRCh38_wm_50md_PBCCS_sniffles_0_88366	0.14.1.0.0
HG004vGRCh38_wm_50md_PBCCS_sniffles_0_89484	0.1400.0.0
HG002vGRCh38_wm_50md_PBCCS_sniffles_0_92609	0.1400.0.0
HG003vGRCh38_wm_50md_PBCCS_sniffles_0_90508	0.1400.0.0
HG004vGRCh38_wm_50md_PBCCS_sniffles_0_89500	0.1404.0.0
HG003vGRCh38_wm_50md_PBCCS_sniffles_0_90511	0.1404.0.1
HG004vGRCh38_wm_50md_PBCCS_sniffles_0_89503	0.1405.0.0
HG003vGRCh38_wm_50md_PBCCS_sniffles_0_90513	0.1406.0.0
HG004vGRCh38_wm_50md_PBCCS_sniffles_0_89504	0.1406.0.0
HG004vGRCh38_wm_50md_PBCCS_sniffles_0_89507	0.1407.0.0
HG003vGRCh38_wm_50md_PBCCS_sniffles_0_90514	0.1407.0.0
HG002vGRCh38_wm_50md_PBCCS_sniffles_0_92620	0.1407.0.0
HG002vGRCh38_wm_50md_PBCCS_sniffles_0_92621	0.1408.0.0
HG004vGRCh38_wm_50md_PBCCS_sniffles_0_89508	0.1408.0.0
HG003vGRCh38_wm_50md_PBCCS_sniffles_0_90515	0.1408.0.0
HG003vGRCh38_wm_50md_PBCCS_sniffles_0_90516	0.1409.0.0
HG004vGRCh38_wm_50md_PBCCS_sniffles_0_89510	0.1409.0.0
HG002vGRCh38_wm_50md_PBCCS_sniffles_0_92622	0.1409.0.0
HG003vGRCh38_wm_50md_PBCCS_sniffles_0_90517	0.1409.0.0
HG002vGRCh38_wm_50md_PBCCS_sniffles_0_92623	0.1409.0.0
HG004vGRCh38_wm_50md_PBCCS_sniffles_0_89512	0.1409.0.0
HG003vGRCh38_wm_50md_PBCCS_sniffles_0_90519	0.1411.0.0
HG004vGRCh38_wm_50md_PBCCS_sniffles_0_89529	0.1413.0.0
HG002vGRCh38_wm_50md_PBCCS_sniffles_0_92635	0.1413.0.0
HG003vGRCh38_wm_50md_PBCCS_sniffles_0_90522	0.1413.0.0
HG002vGRCh38_wm_50md_PBCCS_sniffles_0_92634	0.1413.0.0
HG004vGRCh38_wm_50md_PBCCS_sniffles_0_89528	0.1413.0.0
HG002vGRCh38_wm_50md_PBCCS_sniffles_0_92636	0.1414.0.0
HG004vGRCh38_wm_50md_PBCCS_sniffles_0_89530	0.1414.0.0
HG003vGRCh38_wm_50md_PBCCS_sniffles_0_90524	0.1414.0.0
HG003vGRCh38_wm_50md_PBCCS_sniffles_0_90527	0.1415.0.0
HG002vGRCh38_wm_50md_PBCCS_sniffles_0_92639	0.1415.0.0
HG004vGRCh38_wm_50md_PBCCS_sniffles_0_89532	0.1415.0.0
HG002vGRCh38_wm_50md_PBCCS_sniffles_0_92641	0.1417.0.0
HG003vGRCh38_wm_50md_PBCCS_sniffles_0_90529	0.1417.0.0
HG004vGRCh38_wm_50md_PBCCS_sniffles_0_89534	0.1417.0.0
HG002vGRCh38_wm_50md_PBCCS_sniffles_0_92642	0.1418.0.0
HG003vGRCh38_wm_50md_PBCCS_sniffles_0_90530	0.1418.0.0
HG004vGRCh38_wm_50md_PBCCS_sniffles_0_89535	0.1418.0.0
HG004vGRCh38_wm_50md_PBCCS_sniffles_0_89536	0.1419.0.0
HG003vGRCh38_wm_50md_PBCCS_sniffles_0_88677	0.142.0.0
HG003vGRCh38_wm_50md_PBCCS_sniffles_0_90533	0.1421.0.0
HG002vGRCh38_wm_50md_PBCCS_sniffles_0_92644	0.1422.0.0
HG004vGRCh38_wm_50md_PBCCS_sniffles_0_89541	0.1422.0.0
HG003vGRCh38_wm_50md_PBCCS_sniffles_0_90536	0.1426.0.0
HG004vGRCh38_wm_50md_PBCCS_sniffles_0_89549	0.1426.0.0
HG004vGRCh38_wm_50md_PBCCS_sniffles_0_89551	0.1428.0.0
HG002vGRCh38_wm_50md_PBCCS_sniffles_0_92651	0.1428.0.0
HG004vGRCh38_wm_50md_PBCCS_sniffles_0_89552	0.1429.0.0
HG002vGRCh38_wm_50md_PBCCS_sniffles_0_92652	0.1429.0.0
HG003vGRCh38_wm_50md_PBCCS_sniffles_0_90540	0.1429.0.0
HG004vGRCh38_wm_50md_PBCCS_sniffles_0_89553	0.1429.0.0
HG004vGRCh38_wm_50md_PBCCS_sniffles_0_89556	0.1431.0.0
HG002vGRCh38_wm_50md_PBCCS_sniffles_0_92661	0.1434.0.0
HG003vGRCh38_wm_50md_PBCCS_sniffles_0_90550	0.1434.0.0
HG004vGRCh38_wm_50md_PBCCS_sniffles_0_89571	0.1434.0.0
HG002vGRCh38_wm_50md_PBCCS_sniffles_0_92662	0.1435.0.0
HG003vGRCh38_wm_50md_PBCCS_sniffles_0_90551	0.1435.0.0
HG004vGRCh38_wm_50md_PBCCS_sniffles_0_89572	0.1435.0.0
HG004vGRCh38_wm_50md_PBCCS_sniffles_0_89578	0.1439.0.0
HG002vGRCh38_wm_50md_PBCCS_sniffles_0_92665	0.1439.0.0
HG003vGRCh38_wm_50md_PBCCS_sniffles_0_90558	0.1439.0.0
HG002vGRCh38_wm_50md_PBCCS_sniffles_0_92666	0.1440.0.0
HG003vGRCh38_wm_50md_PBCCS_sniffles_0_90560	0.1440.0.0
HG004vGRCh38_wm_50md_PBCCS_sniffles_0_89580	0.1440.0.0
HG002vGRCh38_wm_50md_PBCCS_sniffles_0_92670	0.1441.0.0
HG003vGRCh38_wm_50md_PBCCS_sniffles_0_90563	0.1441.0.0
HG004vGRCh38_wm_50md_PBCCS_sniffles_0_89582	0.1441.0.0
HG004vGRCh38_wm_50md_PBCCS_sniffles_0_89585	0.1443.0.0.0.0
HG002vGRCh38_wm_50md_PBCCS_sniffles_0_92674	0.1443.0.0.0.0
HG003vGRCh38_wm_50md_PBCCS_sniffles_0_90565	0.1443.0.0.0.0
HG002vGRCh38_wm_50md_PBCCS_sniffles_0_92673	0.1443.1.0.0
HG002vGRCh38_wm_50md_PBCCS_sniffles_0_90728	0.146.0.0
HG004vGRCh38_wm_50md_PBCCS_sniffles_0_86652	0.146.0.0
HG003vGRCh38_wm_50md_PBCCS_sniffles_0_88689	0.148.0.0
HG004vGRCh38_wm_50md_PBCCS_sniffles_0_86653	0.148.0.0
HG003vGRCh38_wm_50md_PBCCS_sniffles_0_88691	0.148.0.0
HG003vGRCh38_wm_50md_PBCCS_sniffles_0_88378	0.15.0.0
HG002vGRCh38_wm_50md_PBCCS_sniffles_0_90735	0.153.0.0
HG003vGRCh38_wm_50md_PBCCS_sniffles_0_88699	0.153.0.0
HG004vGRCh38_wm_50md_PBCCS_sniffles_0_86664	0.153.0.0
HG004vGRCh38_wm_50md_PBCCS_sniffles_0_86666	0.155.0.0
HG002vGRCh38_wm_50md_PBCCS_sniffles_0_90736	0.155.0.0
HG002vGRCh38_wm_50md_PBCCS_sniffles_0_90739	0.156.0.0.0
HG003vGRCh38_wm_50md_PBCCS_sniffles_0_88702	0.156.0.0.0
HG003vGRCh38_wm_50md_PBCCS_sniffles_0_88703	0.156.1.0.0
HG002vGRCh38_wm_50md_PBCCS_sniffles_0_90740	0.156.1.0.0
HG004vGRCh38_wm_50md_PBCCS_sniffles_0_86668	0.158.0.0
HG002vGRCh38_wm_50md_PBCCS_sniffles_0_90741	0.158.0.0
HG004vGRCh38_wm_50md_PBCCS_sniffles_0_86669	0.158.0.0
HG003vGRCh38_wm_50md_PBCCS_sniffles_0_88707	0.160.0.0
HG002vGRCh38_wm_50md_PBCCS_sniffles_0_90747	0.161.0.0
HG003vGRCh38_wm_50md_PBCCS_sniffles_0_88709	0.161.0.0
HG002vGRCh38_wm_50md_PBCCS_sniffles_0_90749	0.163.0.0
HG003vGRCh38_wm_50md_PBCCS_sniffles_0_88715	0.163.0.0
HG002vGRCh38_wm_50md_PBCCS_sniffles_0_90751	0.163.0.1
HG003vGRCh38_wm_50md_PBCCS_sniffles_0_88712	0.163.0.1
HG002vGRCh38_wm_50md_PBCCS_sniffles_0_90752	0.163.0.1
HG003vGRCh38_wm_50md_PBCCS_sniffles_0_88713	0.163.0.1
HG003vGRCh38_wm_50md_PBCCS_sniffles_0_88714	0.163.0.2
HG002vGRCh38_wm_50md_PBCCS_sniffles_0_90753	0.164.0.0
HG003vGRCh38_wm_50md_PBCCS_sniffles_0_88716	0.164.0.0
HG004vGRCh38_wm_50md_PBCCS_sniffles_0_86677	0.164.0.0
HG004vGRCh38_wm_50md_PBCCS_sniffles_0_86683	0.167.0.0
HG003vGRCh38_wm_50md_PBCCS_sniffles_0_88722	0.167.0.0
HG002vGRCh38_wm_50md_PBCCS_sniffles_0_90759	0.167.0.0
HG002vGRCh38_wm_50md_PBCCS_sniffles_0_90760	0.168.0.0
HG004vGRCh38_wm_50md_PBCCS_sniffles_0_86684	0.168.0.0
HG004vGRCh38_wm_50md_PBCCS_sniffles_0_86685	0.169.0.0
HG002vGRCh38_wm_50md_PBCCS_sniffles_0_90437	0.17.0.0.0
HG004vGRCh38_wm_50md_PBCCS_sniffles_0_86393	0.17.0.0.0
HG003vGRCh38_wm_50md_PBCCS_sniffles_0_88382	0.17.1.0.0
HG002vGRCh38_wm_50md_PBCCS_sniffles_0_90435	0.17.1.0.0
HG004vGRCh38_wm_50md_PBCCS_sniffles_0_86392	0.17.1.0.0
HG002vGRCh38_wm_50md_PBCCS_sniffles_0_90769	0.173.0.0
HG004vGRCh38_wm_50md_PBCCS_sniffles_0_86691	0.173.0.0
HG003vGRCh38_wm_50md_PBCCS_sniffles_0_88730	0.173.0.0
HG004vGRCh38_wm_50md_PBCCS_sniffles_0_86701	0.177.0.0
HG002vGRCh38_wm_50md_PBCCS_sniffles_0_90781	0.177.0.0
HG003vGRCh38_wm_50md_PBCCS_sniffles_0_88745	0.177.0.0
HG002vGRCh38_wm_50md_PBCCS_sniffles_0_90782	0.178.0.0
HG003vGRCh38_wm_50md_PBCCS_sniffles_0_88746	0.178.0.0
HG004vGRCh38_wm_50md_PBCCS_sniffles_0_86702	0.178.0.0
HG002vGRCh38_wm_50md_PBCCS_sniffles_0_90440	0.18.0.0
HG004vGRCh38_wm_50md_PBCCS_sniffles_0_86396	0.18.0.1
HG002vGRCh38_wm_50md_PBCCS_sniffles_0_90441	0.18.0.1
HG003vGRCh38_wm_50md_PBCCS_sniffles_0_88384	0.18.0.1
HG003vGRCh38_wm_50md_PBCCS_sniffles_0_88748	0.180.0.0
HG002vGRCh38_wm_50md_PBCCS_sniffles_0_90784	0.180.0.0
HG003vGRCh38_wm_50md_PBCCS_sniffles_0_88750	0.180.0.0
HG004vGRCh38_wm_50md_PBCCS_sniffles_0_86706	0.180.0.0
HG003vGRCh38_wm_50md_PBCCS_sniffles_0_88751	0.180.0.0
HG004vGRCh38_wm_50md_PBCCS_sniffles_0_86705	0.180.0.1
HG003vGRCh38_wm_50md_PBCCS_sniffles_0_88749	0.180.0.1
HG004vGRCh38_wm_50md_PBCCS_sniffles_0_86707	0.180.0.1
HG004vGRCh38_wm_50md_PBCCS_sniffles_0_86710	0.181.0.0
HG003vGRCh38_wm_50md_PBCCS_sniffles_0_88762	0.182.1.0.0
HG002vGRCh38_wm_50md_PBCCS_sniffles_0_90808	0.188.0.0
HG003vGRCh38_wm_50md_PBCCS_sniffles_0_88774	0.188.0.0
HG004vGRCh38_wm_50md_PBCCS_sniffles_0_86725	0.188.0.0
HG002vGRCh38_wm_50md_PBCCS_sniffles_0_90809	0.189.0.0
HG003vGRCh38_wm_50md_PBCCS_sniffles_0_88775	0.189.0.0
HG004vGRCh38_wm_50md_PBCCS_sniffles_0_86726	0.189.0.0
HG003vGRCh38_wm_50md_PBCCS_sniffles_0_88390	0.19.0.0
HG003vGRCh38_wm_50md_PBCCS_sniffles_0_88391	0.19.0.1
HG003vGRCh38_wm_50md_PBCCS_sniffles_0_88777	0.192.0.0
HG003vGRCh38_wm_50md_PBCCS_sniffles_0_88786	0.193.0.0
HG002vGRCh38_wm_50md_PBCCS_sniffles_0_90821	0.193.0.0
HG002vGRCh38_wm_50md_PBCCS_sniffles_0_90835	0.198.0.0
HG004vGRCh38_wm_50md_PBCCS_sniffles_0_86749	0.198.0.0
HG003vGRCh38_wm_50md_PBCCS_sniffles_0_88797	0.198.0.0
HG004vGRCh38_wm_50md_PBCCS_sniffles_0_86366	0.2.0.0
HG002vGRCh38_wm_50md_PBCCS_sniffles_0_90843	0.200.0.0
HG003vGRCh38_wm_50md_PBCCS_sniffles_0_88801	0.200.0.0
HG004vGRCh38_wm_50md_PBCCS_sniffles_0_86753	0.200.0.0
HG004vGRCh38_wm_50md_PBCCS_sniffles_0_86756	0.201.0.0
HG002vGRCh38_wm_50md_PBCCS_sniffles_0_90847	0.201.0.0
HG002vGRCh38_wm_50md_PBCCS_sniffles_0_90846	0.201.0.0
HG002vGRCh38_wm_50md_PBCCS_sniffles_0_90852	0.205.0.0
HG002vGRCh38_wm_50md_PBCCS_sniffles_0_90856	0.206.0.0
HG003vGRCh38_wm_50md_PBCCS_sniffles_0_88820	0.211.0.0
HG004vGRCh38_wm_50md_PBCCS_sniffles_0_86779	0.214.0.0
HG002vGRCh38_wm_50md_PBCCS_sniffles_0_90872	0.214.0.0
HG003vGRCh38_wm_50md_PBCCS_sniffles_0_88833	0.214.0.0
HG002vGRCh38_wm_50md_PBCCS_sniffles_0_90876	0.215.0.0
HG003vGRCh38_wm_50md_PBCCS_sniffles_0_88834	0.215.0.0
HG004vGRCh38_wm_50md_PBCCS_sniffles_0_86782	0.215.0.0
HG003vGRCh38_wm_50md_PBCCS_sniffles_0_88849	0.221.0.0.0
HG002vGRCh38_wm_50md_PBCCS_sniffles_0_90891	0.221.1.0.0
HG003vGRCh38_wm_50md_PBCCS_sniffles_0_88848	0.221.1.0.0
HG004vGRCh38_wm_50md_PBCCS_sniffles_0_86794	0.221.1.0.0
HG002vGRCh38_wm_50md_PBCCS_sniffles_0_90897	0.224.0.0
HG003vGRCh38_wm_50md_PBCCS_sniffles_0_88856	0.225.0.0
HG002vGRCh38_wm_50md_PBCCS_sniffles_0_90899	0.227.0.0
HG004vGRCh38_wm_50md_PBCCS_sniffles_0_86802	0.227.0.0
HG002vGRCh38_wm_50md_PBCCS_sniffles_0_90900	0.228.0.0
HG003vGRCh38_wm_50md_PBCCS_sniffles_0_88858	0.228.0.0
HG003vGRCh38_wm_50md_PBCCS_sniffles_0_88398	0.23.0.0
HG004vGRCh38_wm_50md_PBCCS_sniffles_0_86407	0.23.0.0
HG002vGRCh38_wm_50md_PBCCS_sniffles_0_90452	0.23.0.0
HG004vGRCh38_wm_50md_PBCCS_sniffles_0_86408	0.23.0.0
HG002vGRCh38_wm_50md_PBCCS_sniffles_0_90448	0.23.0.0
HG003vGRCh38_wm_50md_PBCCS_sniffles_0_88394	0.23.0.0
HG004vGRCh38_wm_50md_PBCCS_sniffles_0_86404	0.23.0.0
HG004vGRCh38_wm_50md_PBCCS_sniffles_0_86403	0.23.0.0
HG002vGRCh38_wm_50md_PBCCS_sniffles_0_90447	0.23.0.0
HG003vGRCh38_wm_50md_PBCCS_sniffles_0_88395	0.23.0.0
HG004vGRCh38_wm_50md_PBCCS_sniffles_0_86409	0.23.0.0
HG002vGRCh38_wm_50md_PBCCS_sniffles_0_90906	0.230.0.0
HG003vGRCh38_wm_50md_PBCCS_sniffles_0_88863	0.231.0.0
HG002vGRCh38_wm_50md_PBCCS_sniffles_0_90922	0.235.0.0
HG004vGRCh38_wm_50md_PBCCS_sniffles_0_86822	0.235.0.0
HG002vGRCh38_wm_50md_PBCCS_sniffles_0_90923	0.237.1.0.0
HG002vGRCh38_wm_50md_PBCCS_sniffles_0_90924	0.237.1.0.0
HG003vGRCh38_wm_50md_PBCCS_sniffles_0_88885	0.238.0.0
HG004vGRCh38_wm_50md_PBCCS_sniffles_0_86827	0.243.0.0
HG004vGRCh38_wm_50md_PBCCS_sniffles_0_86837	0.244.0.0
HG003vGRCh38_wm_50md_PBCCS_sniffles_0_88899	0.244.0.0
HG002vGRCh38_wm_50md_PBCCS_sniffles_0_90936	0.244.0.0
HG004vGRCh38_wm_50md_PBCCS_sniffles_0_86839	0.246.0.0
HG002vGRCh38_wm_50md_PBCCS_sniffles_0_90938	0.246.0.0
HG004vGRCh38_wm_50md_PBCCS_sniffles_0_86848	0.248.0.0
HG002vGRCh38_wm_50md_PBCCS_sniffles_0_90455	0.25.0.0
HG004vGRCh38_wm_50md_PBCCS_sniffles_0_86410	0.25.0.1
HG002vGRCh38_wm_50md_PBCCS_sniffles_0_90456	0.25.0.1
HG003vGRCh38_wm_50md_PBCCS_sniffles_0_88914	0.253.0.0
HG002vGRCh38_wm_50md_PBCCS_sniffles_0_90962	0.255.0.0
HG003vGRCh38_wm_50md_PBCCS_sniffles_0_88923	0.255.0.0
HG004vGRCh38_wm_50md_PBCCS_sniffles_0_86862	0.255.0.0
HG002vGRCh38_wm_50md_PBCCS_sniffles_0_90967	0.256.0.0
HG004vGRCh38_wm_50md_PBCCS_sniffles_0_86868	0.256.0.0
HG003vGRCh38_wm_50md_PBCCS_sniffles_0_88927	0.256.0.0
HG004vGRCh38_wm_50md_PBCCS_sniffles_0_86411	0.26.0.0
HG002vGRCh38_wm_50md_PBCCS_sniffles_0_90458	0.26.0.0
HG002vGRCh38_wm_50md_PBCCS_sniffles_0_90457	0.26.0.0
HG002vGRCh38_wm_50md_PBCCS_sniffles_0_90459	0.26.0.1
HG003vGRCh38_wm_50md_PBCCS_sniffles_0_88936	0.260.0.0
HG004vGRCh38_wm_50md_PBCCS_sniffles_0_86877	0.260.0.0
HG003vGRCh38_wm_50md_PBCCS_sniffles_0_88946	0.264.0.0
HG004vGRCh38_wm_50md_PBCCS_sniffles_0_86890	0.264.0.0
HG004vGRCh38_wm_50md_PBCCS_sniffles_0_86908	0.269.0.0
HG002vGRCh38_wm_50md_PBCCS_sniffles_0_90978	0.271.0.0
HG004vGRCh38_wm_50md_PBCCS_sniffles_0_86911	0.271.0.0
HG003vGRCh38_wm_50md_PBCCS_sniffles_0_88960	0.271.0.0
HG002vGRCh38_wm_50md_PBCCS_sniffles_0_90981	0.273.0.0
HG004vGRCh38_wm_50md_PBCCS_sniffles_0_86919	0.273.0.0
HG004vGRCh38_wm_50md_PBCCS_sniffles_0_86920	0.274.0.0
HG002vGRCh38_wm_50md_PBCCS_sniffles_0_90982	0.274.0.0
HG002vGRCh38_wm_50md_PBCCS_sniffles_0_90983	0.275.0.0
HG004vGRCh38_wm_50md_PBCCS_sniffles_0_86921	0.275.0.0
HG004vGRCh38_wm_50md_PBCCS_sniffles_0_86930	0.278.0.0
HG002vGRCh38_wm_50md_PBCCS_sniffles_0_90994	0.280.0.0
HG004vGRCh38_wm_50md_PBCCS_sniffles_0_86933	0.280.0.0
HG002vGRCh38_wm_50md_PBCCS_sniffles_0_90996	0.281.0.0
HG004vGRCh38_wm_50md_PBCCS_sniffles_0_86935	0.281.0.0
HG003vGRCh38_wm_50md_PBCCS_sniffles_0_88403	0.29.0.0
HG003vGRCh38_wm_50md_PBCCS_sniffles_0_88977	0.291.0.0
HG004vGRCh38_wm_50md_PBCCS_sniffles_0_86946	0.291.0.0
HG002vGRCh38_wm_50md_PBCCS_sniffles_0_91002	0.291.0.0
HG003vGRCh38_wm_50md_PBCCS_sniffles_0_88982	0.295.0.0
HG002vGRCh38_wm_50md_PBCCS_sniffles_0_91009	0.295.0.0
HG004vGRCh38_wm_50md_PBCCS_sniffles_0_86953	0.295.0.0
HG002vGRCh38_wm_50md_PBCCS_sniffles_0_91012	0.296.0.0
HG003vGRCh38_wm_50md_PBCCS_sniffles_0_88983	0.296.0.0
HG004vGRCh38_wm_50md_PBCCS_sniffles_0_86960	0.296.0.0
HG003vGRCh38_wm_50md_PBCCS_sniffles_0_88984	0.297.0.0
HG004vGRCh38_wm_50md_PBCCS_sniffles_0_86961	0.299.1.0.0
HG003vGRCh38_wm_50md_PBCCS_sniffles_0_88991	0.303.0.0
HG004vGRCh38_wm_50md_PBCCS_sniffles_0_86971	0.305.0.0
HG004vGRCh38_wm_50md_PBCCS_sniffles_0_86978	0.307.0.0
HG002vGRCh38_wm_50md_PBCCS_sniffles_0_91021	0.309.0.0
HG003vGRCh38_wm_50md_PBCCS_sniffles_0_88998	0.309.0.0
HG004vGRCh38_wm_50md_PBCCS_sniffles_0_86982	0.309.0.0
HG004vGRCh38_wm_50md_PBCCS_sniffles_0_86417	0.31.0.0
HG002vGRCh38_wm_50md_PBCCS_sniffles_0_90463	0.31.0.0
HG002vGRCh38_wm_50md_PBCCS_sniffles_0_90464	0.31.0.0
HG004vGRCh38_wm_50md_PBCCS_sniffles_0_86418	0.31.0.0
HG002vGRCh38_wm_50md_PBCCS_sniffles_0_91022	0.310.0.0
HG003vGRCh38_wm_50md_PBCCS_sniffles_0_88999	0.310.0.0
HG004vGRCh38_wm_50md_PBCCS_sniffles_0_86983	0.310.0.0
HG002vGRCh38_wm_50md_PBCCS_sniffles_0_91025	0.313.0.0
HG004vGRCh38_wm_50md_PBCCS_sniffles_0_86988	0.313.0.0
HG003vGRCh38_wm_50md_PBCCS_sniffles_0_89002	0.313.0.0
HG002vGRCh38_wm_50md_PBCCS_sniffles_0_91026	0.313.0.0
HG003vGRCh38_wm_50md_PBCCS_sniffles_0_89003	0.313.0.0
HG004vGRCh38_wm_50md_PBCCS_sniffles_0_86987	0.313.0.1
HG004vGRCh38_wm_50md_PBCCS_sniffles_0_86995	0.315.0.0
HG002vGRCh38_wm_50md_PBCCS_sniffles_0_91029	0.315.0.0
HG003vGRCh38_wm_50md_PBCCS_sniffles_0_89005	0.315.0.0
HG003vGRCh38_wm_50md_PBCCS_sniffles_0_89006	0.315.0.0
HG002vGRCh38_wm_50md_PBCCS_sniffles_0_91035	0.318.0.0
HG004vGRCh38_wm_50md_PBCCS_sniffles_0_87005	0.318.0.0
HG002vGRCh38_wm_50md_PBCCS_sniffles_0_91036	0.319.0.0
HG003vGRCh38_wm_50md_PBCCS_sniffles_0_89012	0.319.0.0
HG004vGRCh38_wm_50md_PBCCS_sniffles_0_87006	0.319.0.0
HG003vGRCh38_wm_50md_PBCCS_sniffles_0_89017	0.323.0.0
HG002vGRCh38_wm_50md_PBCCS_sniffles_0_91045	0.323.0.0
HG004vGRCh38_wm_50md_PBCCS_sniffles_0_87017	0.323.0.0
HG003vGRCh38_wm_50md_PBCCS_sniffles_0_89018	0.323.0.0
HG004vGRCh38_wm_50md_PBCCS_sniffles_0_87018	0.323.0.0
HG003vGRCh38_wm_50md_PBCCS_sniffles_0_89019	0.324.0.0
HG002vGRCh38_wm_50md_PBCCS_sniffles_0_91049	0.326.0.0
HG004vGRCh38_wm_50md_PBCCS_sniffles_0_87029	0.326.0.0
HG002vGRCh38_wm_50md_PBCCS_sniffles_0_91051	0.327.0.0
HG004vGRCh38_wm_50md_PBCCS_sniffles_0_87031	0.327.0.0
HG004vGRCh38_wm_50md_PBCCS_sniffles_0_87040	0.330.0.0
HG003vGRCh38_wm_50md_PBCCS_sniffles_0_89032	0.331.0.0
HG002vGRCh38_wm_50md_PBCCS_sniffles_0_91056	0.331.0.1
HG003vGRCh38_wm_50md_PBCCS_sniffles_0_89033	0.331.0.1
HG003vGRCh38_wm_50md_PBCCS_sniffles_0_89036	0.335.0.0
HG002vGRCh38_wm_50md_PBCCS_sniffles_0_91061	0.338.0.0
HG004vGRCh38_wm_50md_PBCCS_sniffles_0_87052	0.338.0.0
HG002vGRCh38_wm_50md_PBCCS_sniffles_0_90469	0.34.2.0.0.0
HG004vGRCh38_wm_50md_PBCCS_sniffles_0_86423	0.34.2.0.0.0
HG003vGRCh38_wm_50md_PBCCS_sniffles_0_88413	0.34.2.0.0.0
HG004vGRCh38_wm_50md_PBCCS_sniffles_0_86422	0.34.2.0.0.0
HG002vGRCh38_wm_50md_PBCCS_sniffles_0_90468	0.34.2.0.0.0
HG003vGRCh38_wm_50md_PBCCS_sniffles_0_88412	0.34.2.0.0.0
HG003vGRCh38_wm_50md_PBCCS_sniffles_0_88418	0.34.2.1.0.0
HG003vGRCh38_wm_50md_PBCCS_sniffles_0_88414	0.34.3.0.0
HG004vGRCh38_wm_50md_PBCCS_sniffles_0_86425	0.34.3.0.0
HG002vGRCh38_wm_50md_PBCCS_sniffles_0_91063	0.342.0.0
HG004vGRCh38_wm_50md_PBCCS_sniffles_0_87057	0.342.0.0
HG002vGRCh38_wm_50md_PBCCS_sniffles_0_91069	0.346.0.0
HG004vGRCh38_wm_50md_PBCCS_sniffles_0_87062	0.346.0.0
HG004vGRCh38_wm_50md_PBCCS_sniffles_0_87063	0.347.0.0.0
HG002vGRCh38_wm_50md_PBCCS_sniffles_0_91070	0.347.1.0.0
HG002vGRCh38_wm_50md_PBCCS_sniffles_0_91075	0.349.0.0.0
HG004vGRCh38_wm_50md_PBCCS_sniffles_0_87068	0.349.0.0.0
HG003vGRCh38_wm_50md_PBCCS_sniffles_0_89043	0.353.0.0
HG002vGRCh38_wm_50md_PBCCS_sniffles_0_91082	0.354.0.0
HG004vGRCh38_wm_50md_PBCCS_sniffles_0_87077	0.354.0.0
HG004vGRCh38_wm_50md_PBCCS_sniffles_0_87079	0.356.0.0
HG002vGRCh38_wm_50md_PBCCS_sniffles_0_91084	0.356.0.0
HG003vGRCh38_wm_50md_PBCCS_sniffles_0_89048	0.356.0.0
HG003vGRCh38_wm_50md_PBCCS_sniffles_0_89061	0.363.0.0
HG002vGRCh38_wm_50md_PBCCS_sniffles_0_91097	0.365.0.0
HG003vGRCh38_wm_50md_PBCCS_sniffles_0_89063	0.365.0.0
HG004vGRCh38_wm_50md_PBCCS_sniffles_0_87102	0.365.0.0
HG003vGRCh38_wm_50md_PBCCS_sniffles_0_89070	0.369.0.0
HG003vGRCh38_wm_50md_PBCCS_sniffles_0_89072	0.371.0.0
HG004vGRCh38_wm_50md_PBCCS_sniffles_0_87116	0.371.0.0
HG002vGRCh38_wm_50md_PBCCS_sniffles_0_91103	0.374.0.0
HG004vGRCh38_wm_50md_PBCCS_sniffles_0_87118	0.374.0.0
HG004vGRCh38_wm_50md_PBCCS_sniffles_0_87119	0.375.0.0
HG002vGRCh38_wm_50md_PBCCS_sniffles_0_91104	0.375.0.0
HG002vGRCh38_wm_50md_PBCCS_sniffles_0_91111	0.378.0.0
HG004vGRCh38_wm_50md_PBCCS_sniffles_0_87128	0.378.0.0
HG002vGRCh38_wm_50md_PBCCS_sniffles_0_91121	0.383.0.0
HG004vGRCh38_wm_50md_PBCCS_sniffles_0_87141	0.383.0.0
HG004vGRCh38_wm_50md_PBCCS_sniffles_0_87144	0.385.0.0
HG004vGRCh38_wm_50md_PBCCS_sniffles_0_87152	0.387.0.0
HG002vGRCh38_wm_50md_PBCCS_sniffles_0_91129	0.387.0.0
HG003vGRCh38_wm_50md_PBCCS_sniffles_0_88429	0.39.0.0
HG002vGRCh38_wm_50md_PBCCS_sniffles_0_90479	0.39.0.0
HG004vGRCh38_wm_50md_PBCCS_sniffles_0_87176	0.395.0.0
HG002vGRCh38_wm_50md_PBCCS_sniffles_0_91139	0.398.0.0
HG004vGRCh38_wm_50md_PBCCS_sniffles_0_87179	0.398.0.0
HG003vGRCh38_wm_50md_PBCCS_sniffles_0_89108	0.398.0.0
HG003vGRCh38_wm_50md_PBCCS_sniffles_0_88345	0.4.0.0
HG004vGRCh38_wm_50md_PBCCS_sniffles_0_86368	0.4.0.0
HG002vGRCh38_wm_50md_PBCCS_sniffles_0_91145	0.401.0.0
HG004vGRCh38_wm_50md_PBCCS_sniffles_0_87186	0.401.0.0
HG003vGRCh38_wm_50md_PBCCS_sniffles_0_89110	0.401.0.0
HG004vGRCh38_wm_50md_PBCCS_sniffles_0_87197	0.404.0.0
HG002vGRCh38_wm_50md_PBCCS_sniffles_0_91154	0.407.0.0
HG003vGRCh38_wm_50md_PBCCS_sniffles_0_89117	0.407.0.0
HG004vGRCh38_wm_50md_PBCCS_sniffles_0_87206	0.407.0.0
HG002vGRCh38_wm_50md_PBCCS_sniffles_0_91155	0.408.0.0
HG003vGRCh38_wm_50md_PBCCS_sniffles_0_89118	0.408.0.0
HG004vGRCh38_wm_50md_PBCCS_sniffles_0_87207	0.408.0.0
HG002vGRCh38_wm_50md_PBCCS_sniffles_0_90489	0.41.0.1.0.0
HG003vGRCh38_wm_50md_PBCCS_sniffles_0_88432	0.41.1.0.0
HG002vGRCh38_wm_50md_PBCCS_sniffles_0_90486	0.41.1.0.0
HG002vGRCh38_wm_50md_PBCCS_sniffles_0_90490	0.41.1.0.0
HG002vGRCh38_wm_50md_PBCCS_sniffles_0_91158	0.410.0.0
HG002vGRCh38_wm_50md_PBCCS_sniffles_0_91160	0.412.0.0
HG003vGRCh38_wm_50md_PBCCS_sniffles_0_89121	0.412.0.0
HG004vGRCh38_wm_50md_PBCCS_sniffles_0_87211	0.412.0.0
HG003vGRCh38_wm_50md_PBCCS_sniffles_0_89123	0.414.0.0
HG002vGRCh38_wm_50md_PBCCS_sniffles_0_91165	0.418.0.0
HG004vGRCh38_wm_50md_PBCCS_sniffles_0_87216	0.418.0.0
HG002vGRCh38_wm_50md_PBCCS_sniffles_0_91166	0.419.0.0
HG003vGRCh38_wm_50md_PBCCS_sniffles_0_89127	0.419.0.0
HG004vGRCh38_wm_50md_PBCCS_sniffles_0_87217	0.419.0.0
HG004vGRCh38_wm_50md_PBCCS_sniffles_0_86438	0.42.1.0.0
HG002vGRCh38_wm_50md_PBCCS_sniffles_0_90491	0.42.1.0.0
HG003vGRCh38_wm_50md_PBCCS_sniffles_0_88434	0.42.1.0.0
HG004vGRCh38_wm_50md_PBCCS_sniffles_0_86439	0.42.1.0.0
HG004vGRCh38_wm_50md_PBCCS_sniffles_0_87219	0.421.0.0
HG004vGRCh38_wm_50md_PBCCS_sniffles_0_87222	0.422.0.0
HG002vGRCh38_wm_50md_PBCCS_sniffles_0_91170	0.423.0.0
HG004vGRCh38_wm_50md_PBCCS_sniffles_0_87224	0.423.0.0
HG003vGRCh38_wm_50md_PBCCS_sniffles_0_89132	0.423.0.0
HG002vGRCh38_wm_50md_PBCCS_sniffles_0_91174	0.424.0.0
HG003vGRCh38_wm_50md_PBCCS_sniffles_0_89138	0.424.0.0
HG004vGRCh38_wm_50md_PBCCS_sniffles_0_87231	0.424.0.0
HG002vGRCh38_wm_50md_PBCCS_sniffles_0_91176	0.426.0.0
HG004vGRCh38_wm_50md_PBCCS_sniffles_0_87234	0.426.0.0
HG002vGRCh38_wm_50md_PBCCS_sniffles_0_91181	0.431.0.0
HG004vGRCh38_wm_50md_PBCCS_sniffles_0_87243	0.431.0.0
HG003vGRCh38_wm_50md_PBCCS_sniffles_0_89146	0.434.0.0
HG002vGRCh38_wm_50md_PBCCS_sniffles_0_91188	0.436.0.0
HG004vGRCh38_wm_50md_PBCCS_sniffles_0_87249	0.436.0.0
HG004vGRCh38_wm_50md_PBCCS_sniffles_0_87250	0.437.0.0
HG003vGRCh38_wm_50md_PBCCS_sniffles_0_89147	0.437.0.0
HG004vGRCh38_wm_50md_PBCCS_sniffles_0_87254	0.439.0.0
HG002vGRCh38_wm_50md_PBCCS_sniffles_0_90494	0.44.0.0
HG003vGRCh38_wm_50md_PBCCS_sniffles_0_88437	0.44.0.0
HG002vGRCh38_wm_50md_PBCCS_sniffles_0_90497	0.44.0.0
HG002vGRCh38_wm_50md_PBCCS_sniffles_0_90495	0.44.0.1
HG004vGRCh38_wm_50md_PBCCS_sniffles_0_87260	0.442.0.0
HG004vGRCh38_wm_50md_PBCCS_sniffles_0_87261	0.443.0.0
HG002vGRCh38_wm_50md_PBCCS_sniffles_0_91194	0.443.0.0
HG003vGRCh38_wm_50md_PBCCS_sniffles_0_89149	0.443.0.0
HG002vGRCh38_wm_50md_PBCCS_sniffles_0_90504	0.45.0.0
HG003vGRCh38_wm_50md_PBCCS_sniffles_0_88443	0.45.0.0
HG003vGRCh38_wm_50md_PBCCS_sniffles_0_88444	0.45.0.0
HG003vGRCh38_wm_50md_PBCCS_sniffles_0_88445	0.45.0.0
HG002vGRCh38_wm_50md_PBCCS_sniffles_0_90505	0.45.0.0
HG004vGRCh38_wm_50md_PBCCS_sniffles_0_87291	0.450.0.0
HG004vGRCh38_wm_50md_PBCCS_sniffles_0_87293	0.450.0.0
HG002vGRCh38_wm_50md_PBCCS_sniffles_0_91214	0.450.0.0
HG003vGRCh38_wm_50md_PBCCS_sniffles_0_89168	0.450.0.0
HG004vGRCh38_wm_50md_PBCCS_sniffles_0_87289	0.450.0.0
HG004vGRCh38_wm_50md_PBCCS_sniffles_0_87292	0.450.0.1
HG004vGRCh38_wm_50md_PBCCS_sniffles_0_87310	0.455.0.0
HG003vGRCh38_wm_50md_PBCCS_sniffles_0_89180	0.456.0.0
HG003vGRCh38_wm_50md_PBCCS_sniffles_0_89181	0.457.0.0
HG002vGRCh38_wm_50md_PBCCS_sniffles_0_91225	0.457.0.0
HG004vGRCh38_wm_50md_PBCCS_sniffles_0_87311	0.457.0.0
HG003vGRCh38_wm_50md_PBCCS_sniffles_0_89183	0.459.0.0
HG003vGRCh38_wm_50md_PBCCS_sniffles_0_88446	0.46.0.0
HG002vGRCh38_wm_50md_PBCCS_sniffles_0_90507	0.46.0.0
HG002vGRCh38_wm_50md_PBCCS_sniffles_0_90508	0.46.0.1
HG003vGRCh38_wm_50md_PBCCS_sniffles_0_88448	0.46.0.1
HG002vGRCh38_wm_50md_PBCCS_sniffles_0_91230	0.462.0.0
HG003vGRCh38_wm_50md_PBCCS_sniffles_0_89191	0.462.0.0
HG004vGRCh38_wm_50md_PBCCS_sniffles_0_87320	0.462.0.0
HG002vGRCh38_wm_50md_PBCCS_sniffles_0_91234	0.463.0.0
HG004vGRCh38_wm_50md_PBCCS_sniffles_0_87328	0.463.0.0
HG004vGRCh38_wm_50md_PBCCS_sniffles_0_87341	0.466.0.0.0
HG002vGRCh38_wm_50md_PBCCS_sniffles_0_91241	0.466.0.0.0
HG004vGRCh38_wm_50md_PBCCS_sniffles_0_87342	0.466.1.0.0
HG002vGRCh38_wm_50md_PBCCS_sniffles_0_91242	0.466.1.0.0
HG003vGRCh38_wm_50md_PBCCS_sniffles_0_89204	0.466.1.0.0
HG002vGRCh38_wm_50md_PBCCS_sniffles_0_91245	0.468.0.0
HG004vGRCh38_wm_50md_PBCCS_sniffles_0_87348	0.468.0.0
HG004vGRCh38_wm_50md_PBCCS_sniffles_0_87349	0.469.0.0
HG003vGRCh38_wm_50md_PBCCS_sniffles_0_89208	0.469.0.0
HG002vGRCh38_wm_50md_PBCCS_sniffles_0_91252	0.474.0.0
HG004vGRCh38_wm_50md_PBCCS_sniffles_0_87362	0.474.0.0
HG003vGRCh38_wm_50md_PBCCS_sniffles_0_89221	0.477.0.0
HG003vGRCh38_wm_50md_PBCCS_sniffles_0_89226	0.480.0.0
HG002vGRCh38_wm_50md_PBCCS_sniffles_0_91258	0.481.0.0
HG004vGRCh38_wm_50md_PBCCS_sniffles_0_87372	0.481.0.0
HG002vGRCh38_wm_50md_PBCCS_sniffles_0_91259	0.482.0.0
HG004vGRCh38_wm_50md_PBCCS_sniffles_0_87373	0.482.0.0
HG002vGRCh38_wm_50md_PBCCS_sniffles_0_91262	0.484.0.0
HG004vGRCh38_wm_50md_PBCCS_sniffles_0_87376	0.484.0.0
HG003vGRCh38_wm_50md_PBCCS_sniffles_0_89232	0.486.0.0
HG004vGRCh38_wm_50md_PBCCS_sniffles_0_87380	0.487.0.0
HG002vGRCh38_wm_50md_PBCCS_sniffles_0_91263	0.487.0.0
HG003vGRCh38_wm_50md_PBCCS_sniffles_0_89233	0.487.0.0
HG004vGRCh38_wm_50md_PBCCS_sniffles_0_87382	0.489.0.0
HG004vGRCh38_wm_50md_PBCCS_sniffles_0_86454	0.49.0.0.0
HG004vGRCh38_wm_50md_PBCCS_sniffles_0_86452	0.49.1.0.0
HG003vGRCh38_wm_50md_PBCCS_sniffles_0_88454	0.49.1.0.0
HG002vGRCh38_wm_50md_PBCCS_sniffles_0_90512	0.49.1.0.0
HG004vGRCh38_wm_50md_PBCCS_sniffles_0_86453	0.49.1.0.0
HG002vGRCh38_wm_50md_PBCCS_sniffles_0_91265	0.490.0.0
HG004vGRCh38_wm_50md_PBCCS_sniffles_0_87383	0.490.0.0
HG003vGRCh38_wm_50md_PBCCS_sniffles_0_89237	0.492.0.0
HG004vGRCh38_wm_50md_PBCCS_sniffles_0_87396	0.493.0.0
HG002vGRCh38_wm_50md_PBCCS_sniffles_0_91272	0.497.0.0
HG004vGRCh38_wm_50md_PBCCS_sniffles_0_87401	0.498.0.0
HG002vGRCh38_wm_50md_PBCCS_sniffles_0_91274	0.499.0.0
HG004vGRCh38_wm_50md_PBCCS_sniffles_0_87402	0.499.0.0
HG003vGRCh38_wm_50md_PBCCS_sniffles_0_88455	0.50.0.0
HG002vGRCh38_wm_50md_PBCCS_sniffles_0_91276	0.501.0.0
HG003vGRCh38_wm_50md_PBCCS_sniffles_0_89243	0.501.0.0
HG004vGRCh38_wm_50md_PBCCS_sniffles_0_87404	0.501.0.0
HG002vGRCh38_wm_50md_PBCCS_sniffles_0_91282	0.504.0.0
HG004vGRCh38_wm_50md_PBCCS_sniffles_0_87409	0.504.0.0
HG004vGRCh38_wm_50md_PBCCS_sniffles_0_87410	0.505.0.0
HG003vGRCh38_wm_50md_PBCCS_sniffles_0_89247	0.505.0.0
HG002vGRCh38_wm_50md_PBCCS_sniffles_0_91283	0.505.0.0
HG004vGRCh38_wm_50md_PBCCS_sniffles_0_87414	0.506.0.0
HG002vGRCh38_wm_50md_PBCCS_sniffles_0_91285	0.506.0.0
HG003vGRCh38_wm_50md_PBCCS_sniffles_0_89248	0.507.0.0
HG002vGRCh38_wm_50md_PBCCS_sniffles_0_91287	0.509.0.0
HG004vGRCh38_wm_50md_PBCCS_sniffles_0_87417	0.509.0.0
HG004vGRCh38_wm_50md_PBCCS_sniffles_0_86457	0.51.0.0
HG003vGRCh38_wm_50md_PBCCS_sniffles_0_89249	0.510.0.0
HG003vGRCh38_wm_50md_PBCCS_sniffles_0_89252	0.516.0.0
HG004vGRCh38_wm_50md_PBCCS_sniffles_0_87430	0.516.0.0
HG002vGRCh38_wm_50md_PBCCS_sniffles_0_91295	0.516.0.0
HG003vGRCh38_wm_50md_PBCCS_sniffles_0_89253	0.517.0.0
HG004vGRCh38_wm_50md_PBCCS_sniffles_0_87432	0.517.0.0
HG002vGRCh38_wm_50md_PBCCS_sniffles_0_91297	0.517.0.0
HG004vGRCh38_wm_50md_PBCCS_sniffles_0_87433	0.517.0.1
HG004vGRCh38_wm_50md_PBCCS_sniffles_0_87437	0.519.0.0
HG002vGRCh38_wm_50md_PBCCS_sniffles_0_91300	0.521.0.0
HG003vGRCh38_wm_50md_PBCCS_sniffles_0_89257	0.521.0.0
HG004vGRCh38_wm_50md_PBCCS_sniffles_0_87440	0.521.0.0
HG002vGRCh38_wm_50md_PBCCS_sniffles_0_91303	0.522.0.0
HG003vGRCh38_wm_50md_PBCCS_sniffles_0_89259	0.522.0.0
HG004vGRCh38_wm_50md_PBCCS_sniffles_0_87442	0.522.0.0
HG002vGRCh38_wm_50md_PBCCS_sniffles_0_91304	0.523.0.0
HG004vGRCh38_wm_50md_PBCCS_sniffles_0_87448	0.526.0.0
HG004vGRCh38_wm_50md_PBCCS_sniffles_0_87449	0.526.0.0
HG002vGRCh38_wm_50md_PBCCS_sniffles_0_91305	0.526.0.0
HG003vGRCh38_wm_50md_PBCCS_sniffles_0_89263	0.526.0.0
HG003vGRCh38_wm_50md_PBCCS_sniffles_0_89265	0.528.0.0
HG002vGRCh38_wm_50md_PBCCS_sniffles_0_91306	0.530.0.0
HG003vGRCh38_wm_50md_PBCCS_sniffles_0_89267	0.530.0.0
HG004vGRCh38_wm_50md_PBCCS_sniffles_0_87452	0.530.0.0
HG002vGRCh38_wm_50md_PBCCS_sniffles_0_91308	0.531.0.0
HG004vGRCh38_wm_50md_PBCCS_sniffles_0_87455	0.531.0.0
HG002vGRCh38_wm_50md_PBCCS_sniffles_0_91310	0.533.0.0
HG004vGRCh38_wm_50md_PBCCS_sniffles_0_87457	0.533.0.0
HG003vGRCh38_wm_50md_PBCCS_sniffles_0_89270	0.534.0.0
HG002vGRCh38_wm_50md_PBCCS_sniffles_0_91314	0.534.0.0
HG004vGRCh38_wm_50md_PBCCS_sniffles_0_87459	0.534.0.0
HG002vGRCh38_wm_50md_PBCCS_sniffles_0_91315	0.534.0.0
HG003vGRCh38_wm_50md_PBCCS_sniffles_0_89271	0.534.0.0
HG004vGRCh38_wm_50md_PBCCS_sniffles_0_87460	0.534.0.0
HG002vGRCh38_wm_50md_PBCCS_sniffles_0_91317	0.536.0.0
HG004vGRCh38_wm_50md_PBCCS_sniffles_0_87462	0.536.0.0
HG003vGRCh38_wm_50md_PBCCS_sniffles_0_89273	0.537.0.0
HG004vGRCh38_wm_50md_PBCCS_sniffles_0_87463	0.537.0.0
HG002vGRCh38_wm_50md_PBCCS_sniffles_0_91318	0.537.0.0
HG002vGRCh38_wm_50md_PBCCS_sniffles_0_91321	0.539.1.0.0
HG004vGRCh38_wm_50md_PBCCS_sniffles_0_87466	0.539.1.0.1
HG002vGRCh38_wm_50md_PBCCS_sniffles_0_90531	0.54.0.0
HG003vGRCh38_wm_50md_PBCCS_sniffles_0_88471	0.54.0.0
HG003vGRCh38_wm_50md_PBCCS_sniffles_0_89282	0.540.0.0
HG004vGRCh38_wm_50md_PBCCS_sniffles_0_87474	0.540.0.0
HG002vGRCh38_wm_50md_PBCCS_sniffles_0_91326	0.540.0.0
HG002vGRCh38_wm_50md_PBCCS_sniffles_0_91328	0.542.0.0
HG004vGRCh38_wm_50md_PBCCS_sniffles_0_87478	0.542.0.0
HG003vGRCh38_wm_50md_PBCCS_sniffles_0_89290	0.548.0.0
HG003vGRCh38_wm_50md_PBCCS_sniffles_0_89293	0.549.0.0.0
HG004vGRCh38_wm_50md_PBCCS_sniffles_0_87491	0.549.0.0.0
HG002vGRCh38_wm_50md_PBCCS_sniffles_0_91337	0.549.1.0.0
HG002vGRCh38_wm_50md_PBCCS_sniffles_0_91335	0.549.1.0.0
HG003vGRCh38_wm_50md_PBCCS_sniffles_0_89291	0.549.1.0.0
HG004vGRCh38_wm_50md_PBCCS_sniffles_0_87493	0.550.0.0
HG004vGRCh38_wm_50md_PBCCS_sniffles_0_87496	0.551.0.0
HG002vGRCh38_wm_50md_PBCCS_sniffles_0_91339	0.551.0.0
HG003vGRCh38_wm_50md_PBCCS_sniffles_0_89296	0.551.0.0
HG004vGRCh38_wm_50md_PBCCS_sniffles_0_87497	0.551.0.0
HG002vGRCh38_wm_50md_PBCCS_sniffles_0_91338	0.551.0.0
HG003vGRCh38_wm_50md_PBCCS_sniffles_0_89295	0.551.0.0
HG004vGRCh38_wm_50md_PBCCS_sniffles_0_87495	0.551.0.0
HG002vGRCh38_wm_50md_PBCCS_sniffles_0_91341	0.552.0.0
HG004vGRCh38_wm_50md_PBCCS_sniffles_0_87499	0.552.0.0
HG003vGRCh38_wm_50md_PBCCS_sniffles_0_89300	0.552.0.0
HG003vGRCh38_wm_50md_PBCCS_sniffles_0_89302	0.553.0.0.0
HG004vGRCh38_wm_50md_PBCCS_sniffles_0_87503	0.553.0.0.0
HG002vGRCh38_wm_50md_PBCCS_sniffles_0_91344	0.553.1.0.0
HG003vGRCh38_wm_50md_PBCCS_sniffles_0_89301	0.553.1.0.0
HG004vGRCh38_wm_50md_PBCCS_sniffles_0_87502	0.553.1.0.0
HG003vGRCh38_wm_50md_PBCCS_sniffles_0_89304	0.556.0.0
HG003vGRCh38_wm_50md_PBCCS_sniffles_0_89305	0.557.0.0
HG002vGRCh38_wm_50md_PBCCS_sniffles_0_91346	0.557.0.0
HG004vGRCh38_wm_50md_PBCCS_sniffles_0_87505	0.557.0.0
HG002vGRCh38_wm_50md_PBCCS_sniffles_0_91347	0.558.0.0
HG003vGRCh38_wm_50md_PBCCS_sniffles_0_89306	0.558.0.0
HG004vGRCh38_wm_50md_PBCCS_sniffles_0_87506	0.558.0.0
HG002vGRCh38_wm_50md_PBCCS_sniffles_0_91348	0.559.0.0
HG004vGRCh38_wm_50md_PBCCS_sniffles_0_87508	0.559.0.0
HG002vGRCh38_wm_50md_PBCCS_sniffles_0_90532	0.56.0.0
HG003vGRCh38_wm_50md_PBCCS_sniffles_0_88472	0.56.0.0
HG004vGRCh38_wm_50md_PBCCS_sniffles_0_87516	0.561.0.0
HG002vGRCh38_wm_50md_PBCCS_sniffles_0_91358	0.563.0.0
HG003vGRCh38_wm_50md_PBCCS_sniffles_0_89314	0.563.0.0
HG004vGRCh38_wm_50md_PBCCS_sniffles_0_87524	0.563.0.0
HG004vGRCh38_wm_50md_PBCCS_sniffles_0_87525	0.564.0.0
HG002vGRCh38_wm_50md_PBCCS_sniffles_0_91359	0.564.0.0
HG004vGRCh38_wm_50md_PBCCS_sniffles_0_87533	0.568.0.0
HG003vGRCh38_wm_50md_PBCCS_sniffles_0_89317	0.568.0.0
HG002vGRCh38_wm_50md_PBCCS_sniffles_0_91367	0.568.0.0
HG002vGRCh38_wm_50md_PBCCS_sniffles_0_91375	0.573.0.0
HG004vGRCh38_wm_50md_PBCCS_sniffles_0_87540	0.573.0.0
HG003vGRCh38_wm_50md_PBCCS_sniffles_0_89319	0.575.0.0
HG004vGRCh38_wm_50md_PBCCS_sniffles_0_87541	0.575.0.0
HG002vGRCh38_wm_50md_PBCCS_sniffles_0_91377	0.576.1.0.0
HG004vGRCh38_wm_50md_PBCCS_sniffles_0_87547	0.576.1.0.1
HG004vGRCh38_wm_50md_PBCCS_sniffles_0_87546	0.576.1.0.1
HG002vGRCh38_wm_50md_PBCCS_sniffles_0_91378	0.576.1.0.1
HG003vGRCh38_wm_50md_PBCCS_sniffles_0_89323	0.576.1.0.1
HG004vGRCh38_wm_50md_PBCCS_sniffles_0_87548	0.576.1.0.2
HG002vGRCh38_wm_50md_PBCCS_sniffles_0_91380	0.577.0.0
HG004vGRCh38_wm_50md_PBCCS_sniffles_0_87552	0.577.0.0
HG004vGRCh38_wm_50md_PBCCS_sniffles_0_87556	0.579.0.0
HG004vGRCh38_wm_50md_PBCCS_sniffles_0_86470	0.58.0.0
HG002vGRCh38_wm_50md_PBCCS_sniffles_0_91384	0.581.1.0.0
HG003vGRCh38_wm_50md_PBCCS_sniffles_0_89330	0.581.1.0.0
HG004vGRCh38_wm_50md_PBCCS_sniffles_0_87580	0.588.0.0.0
HG002vGRCh38_wm_50md_PBCCS_sniffles_0_91389	0.588.0.0.0
HG002vGRCh38_wm_50md_PBCCS_sniffles_0_91388	0.588.1.0.0
HG004vGRCh38_wm_50md_PBCCS_sniffles_0_87579	0.588.1.0.0
HG004vGRCh38_wm_50md_PBCCS_sniffles_0_87581	0.588.1.0.0
HG003vGRCh38_wm_50md_PBCCS_sniffles_0_89349	0.588.1.0.0
HG004vGRCh38_wm_50md_PBCCS_sniffles_0_87582	0.588.1.0.0
HG002vGRCh38_wm_50md_PBCCS_sniffles_0_91390	0.590.0.0
HG004vGRCh38_wm_50md_PBCCS_sniffles_0_87589	0.591.0.0
HG004vGRCh38_wm_50md_PBCCS_sniffles_0_87592	0.595.0.0
HG003vGRCh38_wm_50md_PBCCS_sniffles_0_89354	0.599.1.0.0
HG002vGRCh38_wm_50md_PBCCS_sniffles_0_91398	0.599.1.0.1
HG004vGRCh38_wm_50md_PBCCS_sniffles_0_87601	0.599.1.0.1
HG002vGRCh38_wm_50md_PBCCS_sniffles_0_90407	0.6.0.0
HG003vGRCh38_wm_50md_PBCCS_sniffles_0_88355	0.6.0.0
HG004vGRCh38_wm_50md_PBCCS_sniffles_0_86374	0.6.0.0
HG004vGRCh38_wm_50md_PBCCS_sniffles_0_86474	0.60.0.0
HG002vGRCh38_wm_50md_PBCCS_sniffles_0_90539	0.60.0.0
HG002vGRCh38_wm_50md_PBCCS_sniffles_0_91401	0.601.0.0
HG004vGRCh38_wm_50md_PBCCS_sniffles_0_87604	0.601.0.0
HG002vGRCh38_wm_50md_PBCCS_sniffles_0_91407	0.605.0.0
HG004vGRCh38_wm_50md_PBCCS_sniffles_0_87616	0.605.0.0
HG004vGRCh38_wm_50md_PBCCS_sniffles_0_87618	0.607.0.0
HG004vGRCh38_wm_50md_PBCCS_sniffles_0_87621	0.609.0.0
HG003vGRCh38_wm_50md_PBCCS_sniffles_0_89363	0.609.0.0
HG002vGRCh38_wm_50md_PBCCS_sniffles_0_91409	0.609.0.0
HG004vGRCh38_wm_50md_PBCCS_sniffles_0_86475	0.61.0.0
HG003vGRCh38_wm_50md_PBCCS_sniffles_0_88482	0.61.0.0
HG004vGRCh38_wm_50md_PBCCS_sniffles_0_86476	0.61.0.0
HG002vGRCh38_wm_50md_PBCCS_sniffles_0_90540	0.61.0.0
HG004vGRCh38_wm_50md_PBCCS_sniffles_0_86477	0.61.0.0
HG002vGRCh38_wm_50md_PBCCS_sniffles_0_90541	0.61.0.0
HG004vGRCh38_wm_50md_PBCCS_sniffles_0_86479	0.61.0.1
HG003vGRCh38_wm_50md_PBCCS_sniffles_0_89364	0.610.0.0
HG002vGRCh38_wm_50md_PBCCS_sniffles_0_91410	0.610.0.0
HG004vGRCh38_wm_50md_PBCCS_sniffles_0_87622	0.610.0.0
HG004vGRCh38_wm_50md_PBCCS_sniffles_0_87623	0.611.0.0
HG002vGRCh38_wm_50md_PBCCS_sniffles_0_91411	0.611.0.0
HG003vGRCh38_wm_50md_PBCCS_sniffles_0_89365	0.611.0.0
HG002vGRCh38_wm_50md_PBCCS_sniffles_0_91414	0.612.0.0
HG003vGRCh38_wm_50md_PBCCS_sniffles_0_89367	0.612.0.0
HG004vGRCh38_wm_50md_PBCCS_sniffles_0_87627	0.612.0.0
HG004vGRCh38_wm_50md_PBCCS_sniffles_0_87629	0.613.0.0
HG002vGRCh38_wm_50md_PBCCS_sniffles_0_91415	0.613.0.0
HG003vGRCh38_wm_50md_PBCCS_sniffles_0_89369	0.613.0.0
HG002vGRCh38_wm_50md_PBCCS_sniffles_0_91416	0.614.0.0
HG004vGRCh38_wm_50md_PBCCS_sniffles_0_87630	0.614.0.0
HG003vGRCh38_wm_50md_PBCCS_sniffles_0_89370	0.614.0.0
HG002vGRCh38_wm_50md_PBCCS_sniffles_0_91423	0.616.0.0
HG003vGRCh38_wm_50md_PBCCS_sniffles_0_89377	0.616.0.0
HG004vGRCh38_wm_50md_PBCCS_sniffles_0_87638	0.616.0.0
HG002vGRCh38_wm_50md_PBCCS_sniffles_0_91431	0.617.0.0
HG003vGRCh38_wm_50md_PBCCS_sniffles_0_89386	0.617.0.0
HG004vGRCh38_wm_50md_PBCCS_sniffles_0_87652	0.617.0.0
HG003vGRCh38_wm_50md_PBCCS_sniffles_0_89390	0.619.0.0
HG004vGRCh38_wm_50md_PBCCS_sniffles_0_87657	0.620.0.0.0
HG002vGRCh38_wm_50md_PBCCS_sniffles_0_91438	0.620.0.0.0
HG003vGRCh38_wm_50md_PBCCS_sniffles_0_89392	0.620.0.0.0
HG003vGRCh38_wm_50md_PBCCS_sniffles_0_89391	0.620.1.0.0
HG003vGRCh38_wm_50md_PBCCS_sniffles_0_89393	0.620.1.0.0
HG002vGRCh38_wm_50md_PBCCS_sniffles_0_91451	0.626.0.0
HG003vGRCh38_wm_50md_PBCCS_sniffles_0_89404	0.626.0.0
HG004vGRCh38_wm_50md_PBCCS_sniffles_0_87674	0.626.0.0
HG003vGRCh38_wm_50md_PBCCS_sniffles_0_89408	0.629.0.0
HG002vGRCh38_wm_50md_PBCCS_sniffles_0_90543	0.63.0.0
HG003vGRCh38_wm_50md_PBCCS_sniffles_0_88486	0.63.0.0
HG004vGRCh38_wm_50md_PBCCS_sniffles_0_86481	0.63.0.0
HG003vGRCh38_wm_50md_PBCCS_sniffles_0_89411	0.632.0.0
HG004vGRCh38_wm_50md_PBCCS_sniffles_0_87689	0.633.0.0
HG004vGRCh38_wm_50md_PBCCS_sniffles_0_87690	0.635.0.0
HG003vGRCh38_wm_50md_PBCCS_sniffles_0_89414	0.636.0.0
HG004vGRCh38_wm_50md_PBCCS_sniffles_0_87693	0.637.0.0
HG002vGRCh38_wm_50md_PBCCS_sniffles_0_91461	0.637.0.0
HG004vGRCh38_wm_50md_PBCCS_sniffles_0_87692	0.637.0.1
HG004vGRCh38_wm_50md_PBCCS_sniffles_0_87694	0.638.0.0
HG002vGRCh38_wm_50md_PBCCS_sniffles_0_91462	0.639.0.0
HG003vGRCh38_wm_50md_PBCCS_sniffles_0_89415	0.639.0.0
HG004vGRCh38_wm_50md_PBCCS_sniffles_0_87695	0.639.0.0
HG002vGRCh38_wm_50md_PBCCS_sniffles_0_91466	0.641.0.0
HG003vGRCh38_wm_50md_PBCCS_sniffles_0_89420	0.641.0.0
HG004vGRCh38_wm_50md_PBCCS_sniffles_0_87700	0.641.0.0
HG002vGRCh38_wm_50md_PBCCS_sniffles_0_91467	0.642.0.0
HG002vGRCh38_wm_50md_PBCCS_sniffles_0_91468	0.643.0.0
HG004vGRCh38_wm_50md_PBCCS_sniffles_0_87702	0.643.0.0
HG003vGRCh38_wm_50md_PBCCS_sniffles_0_89422	0.643.0.0
HG004vGRCh38_wm_50md_PBCCS_sniffles_0_87703	0.644.0.0
HG002vGRCh38_wm_50md_PBCCS_sniffles_0_91469	0.646.0.0
HG004vGRCh38_wm_50md_PBCCS_sniffles_0_87705	0.646.0.0
HG003vGRCh38_wm_50md_PBCCS_sniffles_0_89423	0.646.0.0
HG004vGRCh38_wm_50md_PBCCS_sniffles_0_87707	0.648.0.0
HG004vGRCh38_wm_50md_PBCCS_sniffles_0_87712	0.649.0.0
HG003vGRCh38_wm_50md_PBCCS_sniffles_0_89428	0.649.0.0
HG004vGRCh38_wm_50md_PBCCS_sniffles_0_87713	0.650.0.0
HG002vGRCh38_wm_50md_PBCCS_sniffles_0_91472	0.650.0.0
HG002vGRCh38_wm_50md_PBCCS_sniffles_0_91475	0.653.1.0.0
HG004vGRCh38_wm_50md_PBCCS_sniffles_0_87719	0.653.1.0.0
HG002vGRCh38_wm_50md_PBCCS_sniffles_0_91476	0.653.1.0.1
HG002vGRCh38_wm_50md_PBCCS_sniffles_0_91479	0.657.0.0
HG003vGRCh38_wm_50md_PBCCS_sniffles_0_89438	0.657.0.0
HG004vGRCh38_wm_50md_PBCCS_sniffles_0_87724	0.657.0.0
HG002vGRCh38_wm_50md_PBCCS_sniffles_0_91483	0.662.0.0
HG002vGRCh38_wm_50md_PBCCS_sniffles_0_91484	0.663.0.0
HG003vGRCh38_wm_50md_PBCCS_sniffles_0_89441	0.663.0.0
HG004vGRCh38_wm_50md_PBCCS_sniffles_0_87731	0.663.0.0
HG002vGRCh38_wm_50md_PBCCS_sniffles_0_91485	0.663.0.0
HG003vGRCh38_wm_50md_PBCCS_sniffles_0_89442	0.663.0.0
HG004vGRCh38_wm_50md_PBCCS_sniffles_0_87735	0.665.0.0
HG003vGRCh38_wm_50md_PBCCS_sniffles_0_89444	0.665.0.0
HG002vGRCh38_wm_50md_PBCCS_sniffles_0_91489	0.665.0.0
HG002vGRCh38_wm_50md_PBCCS_sniffles_0_91495	0.669.0.0
HG003vGRCh38_wm_50md_PBCCS_sniffles_0_89459	0.672.0.0
HG002vGRCh38_wm_50md_PBCCS_sniffles_0_91505	0.672.0.0
HG004vGRCh38_wm_50md_PBCCS_sniffles_0_87760	0.672.0.0
HG003vGRCh38_wm_50md_PBCCS_sniffles_0_89462	0.673.0.0
HG002vGRCh38_wm_50md_PBCCS_sniffles_0_91510	0.673.0.0
HG004vGRCh38_wm_50md_PBCCS_sniffles_0_87766	0.673.0.0
HG004vGRCh38_wm_50md_PBCCS_sniffles_0_87775	0.679.0.0
HG003vGRCh38_wm_50md_PBCCS_sniffles_0_89469	0.679.0.0
HG002vGRCh38_wm_50md_PBCCS_sniffles_0_91515	0.679.0.0
HG002vGRCh38_wm_50md_PBCCS_sniffles_0_91516	0.680.0.0
HG004vGRCh38_wm_50md_PBCCS_sniffles_0_87776	0.680.0.0
HG003vGRCh38_wm_50md_PBCCS_sniffles_0_89470	0.680.0.0
HG004vGRCh38_wm_50md_PBCCS_sniffles_0_87778	0.681.0.0
HG003vGRCh38_wm_50md_PBCCS_sniffles_0_89472	0.681.0.0
HG003vGRCh38_wm_50md_PBCCS_sniffles_0_89473	0.682.0.0
HG004vGRCh38_wm_50md_PBCCS_sniffles_0_87779	0.682.0.0
HG004vGRCh38_wm_50md_PBCCS_sniffles_0_87781	0.684.0.0
HG002vGRCh38_wm_50md_PBCCS_sniffles_0_91518	0.684.0.0
HG003vGRCh38_wm_50md_PBCCS_sniffles_0_89477	0.685.0.0
HG004vGRCh38_wm_50md_PBCCS_sniffles_0_87785	0.685.0.0
HG002vGRCh38_wm_50md_PBCCS_sniffles_0_91521	0.685.0.0
HG002vGRCh38_wm_50md_PBCCS_sniffles_0_91522	0.686.0.0
HG004vGRCh38_wm_50md_PBCCS_sniffles_0_87786	0.686.0.0
HG003vGRCh38_wm_50md_PBCCS_sniffles_0_89478	0.686.0.0
HG002vGRCh38_wm_50md_PBCCS_sniffles_0_91525	0.688.0.0
HG003vGRCh38_wm_50md_PBCCS_sniffles_0_89480	0.688.0.0
HG004vGRCh38_wm_50md_PBCCS_sniffles_0_87788	0.688.0.0
HG004vGRCh38_wm_50md_PBCCS_sniffles_0_87790	0.689.0.0
HG002vGRCh38_wm_50md_PBCCS_sniffles_0_91529	0.689.0.0
HG003vGRCh38_wm_50md_PBCCS_sniffles_0_89482	0.689.0.0
HG004vGRCh38_wm_50md_PBCCS_sniffles_0_87799	0.693.0.0
HG002vGRCh38_wm_50md_PBCCS_sniffles_0_91537	0.693.0.0
HG003vGRCh38_wm_50md_PBCCS_sniffles_0_89490	0.693.0.0
HG003vGRCh38_wm_50md_PBCCS_sniffles_0_89491	0.694.0.0
HG002vGRCh38_wm_50md_PBCCS_sniffles_0_91538	0.694.0.0
HG004vGRCh38_wm_50md_PBCCS_sniffles_0_87800	0.694.0.0
HG002vGRCh38_wm_50md_PBCCS_sniffles_0_91542	0.696.0.0.0
HG004vGRCh38_wm_50md_PBCCS_sniffles_0_87804	0.696.1.0.0
HG002vGRCh38_wm_50md_PBCCS_sniffles_0_91541	0.696.1.0.0
HG004vGRCh38_wm_50md_PBCCS_sniffles_0_87816	0.698.0.0
HG002vGRCh38_wm_50md_PBCCS_sniffles_0_91547	0.698.0.0
HG003vGRCh38_wm_50md_PBCCS_sniffles_0_89497	0.698.0.0
HG004vGRCh38_wm_50md_PBCCS_sniffles_0_87817	0.698.0.0
HG003vGRCh38_wm_50md_PBCCS_sniffles_0_88499	0.70.0.0
HG003vGRCh38_wm_50md_PBCCS_sniffles_0_89550	0.705.0.0.0
HG003vGRCh38_wm_50md_PBCCS_sniffles_0_89551	0.705.0.0.0
HG004vGRCh38_wm_50md_PBCCS_sniffles_0_87922	0.705.0.0.0
HG004vGRCh38_wm_50md_PBCCS_sniffles_0_87923	0.705.1.0.0
HG003vGRCh38_wm_50md_PBCCS_sniffles_0_89552	0.705.1.0.0
HG004vGRCh38_wm_50md_PBCCS_sniffles_0_87924	0.705.1.0.0
HG002vGRCh38_wm_50md_PBCCS_sniffles_0_91603	0.705.1.0.0
HG004vGRCh38_wm_50md_PBCCS_sniffles_0_87925	0.706.0.0
HG004vGRCh38_wm_50md_PBCCS_sniffles_0_87927	0.708.0.0
HG002vGRCh38_wm_50md_PBCCS_sniffles_0_91605	0.708.0.0
HG004vGRCh38_wm_50md_PBCCS_sniffles_0_87930	0.710.0.0
HG002vGRCh38_wm_50md_PBCCS_sniffles_0_91608	0.710.0.0
HG002vGRCh38_wm_50md_PBCCS_sniffles_0_91609	0.710.0.0
HG003vGRCh38_wm_50md_PBCCS_sniffles_0_89560	0.710.0.0
HG003vGRCh38_wm_50md_PBCCS_sniffles_0_89566	0.715.0.0
HG002vGRCh38_wm_50md_PBCCS_sniffles_0_91616	0.715.0.0
HG004vGRCh38_wm_50md_PBCCS_sniffles_0_87939	0.715.0.0
HG003vGRCh38_wm_50md_PBCCS_sniffles_0_89567	0.716.0.0
HG002vGRCh38_wm_50md_PBCCS_sniffles_0_91617	0.716.0.0
HG004vGRCh38_wm_50md_PBCCS_sniffles_0_87941	0.716.0.0
HG003vGRCh38_wm_50md_PBCCS_sniffles_0_89571	0.719.0.0
HG002vGRCh38_wm_50md_PBCCS_sniffles_0_91621	0.719.0.0
HG004vGRCh38_wm_50md_PBCCS_sniffles_0_87944	0.719.0.0
HG004vGRCh38_wm_50md_PBCCS_sniffles_0_86496	0.72.0.0
HG002vGRCh38_wm_50md_PBCCS_sniffles_0_90552	0.72.0.0
HG002vGRCh38_wm_50md_PBCCS_sniffles_0_91624	0.721.0.0
HG004vGRCh38_wm_50md_PBCCS_sniffles_0_87947	0.721.0.0
HG003vGRCh38_wm_50md_PBCCS_sniffles_0_89575	0.721.0.0
HG002vGRCh38_wm_50md_PBCCS_sniffles_0_91629	0.724.0.0
HG004vGRCh38_wm_50md_PBCCS_sniffles_0_87954	0.724.0.0
HG003vGRCh38_wm_50md_PBCCS_sniffles_0_89581	0.724.0.0
HG002vGRCh38_wm_50md_PBCCS_sniffles_0_91632	0.725.0.0
HG003vGRCh38_wm_50md_PBCCS_sniffles_0_89585	0.725.0.0
HG004vGRCh38_wm_50md_PBCCS_sniffles_0_87958	0.725.0.0
HG004vGRCh38_wm_50md_PBCCS_sniffles_0_87966	0.726.0.0.0
HG004vGRCh38_wm_50md_PBCCS_sniffles_0_87967	0.726.1.0.0
HG002vGRCh38_wm_50md_PBCCS_sniffles_0_91638	0.726.1.0.0
HG003vGRCh38_wm_50md_PBCCS_sniffles_0_89589	0.726.1.0.0
HG004vGRCh38_wm_50md_PBCCS_sniffles_0_87980	0.731.0.0
HG003vGRCh38_wm_50md_PBCCS_sniffles_0_89598	0.731.0.0
HG002vGRCh38_wm_50md_PBCCS_sniffles_0_91649	0.731.0.0
HG003vGRCh38_wm_50md_PBCCS_sniffles_0_89597	0.731.0.0
HG002vGRCh38_wm_50md_PBCCS_sniffles_0_91648	0.731.0.0
HG004vGRCh38_wm_50md_PBCCS_sniffles_0_87978	0.731.0.0
HG002vGRCh38_wm_50md_PBCCS_sniffles_0_91650	0.733.0.0
HG003vGRCh38_wm_50md_PBCCS_sniffles_0_89599	0.733.0.0
HG004vGRCh38_wm_50md_PBCCS_sniffles_0_87984	0.733.0.0
HG004vGRCh38_wm_50md_PBCCS_sniffles_0_87985	0.734.0.0
HG004vGRCh38_wm_50md_PBCCS_sniffles_0_87988	0.736.0.0
HG003vGRCh38_wm_50md_PBCCS_sniffles_0_89600	0.737.0.0
HG004vGRCh38_wm_50md_PBCCS_sniffles_0_87989	0.737.0.0
HG002vGRCh38_wm_50md_PBCCS_sniffles_0_91653	0.739.0.0
HG003vGRCh38_wm_50md_PBCCS_sniffles_0_89602	0.739.0.0
HG004vGRCh38_wm_50md_PBCCS_sniffles_0_87992	0.739.0.0
HG002vGRCh38_wm_50md_PBCCS_sniffles_0_91656	0.740.0.0
HG004vGRCh38_wm_50md_PBCCS_sniffles_0_87994	0.740.0.0
HG003vGRCh38_wm_50md_PBCCS_sniffles_0_89604	0.740.0.0
HG002vGRCh38_wm_50md_PBCCS_sniffles_0_80801	0.744.0.0
HG003vGRCh38_wm_50md_PBCCS_sniffles_0_79174	0.744.0.0
HG004vGRCh38_wm_50md_PBCCS_sniffles_0_77508	0.744.0.0
HG004vGRCh38_wm_50md_PBCCS_sniffles_0_88005	0.746.0.0
HG002vGRCh38_wm_50md_PBCCS_sniffles_0_91663	0.746.0.0
HG003vGRCh38_wm_50md_PBCCS_sniffles_0_89613	0.746.0.0
HG002vGRCh38_wm_50md_PBCCS_sniffles_0_91664	0.747.0.0
HG004vGRCh38_wm_50md_PBCCS_sniffles_0_88006	0.747.0.0
HG004vGRCh38_wm_50md_PBCCS_sniffles_0_88007	0.748.0.0
HG002vGRCh38_wm_50md_PBCCS_sniffles_0_91665	0.748.0.0
HG002vGRCh38_wm_50md_PBCCS_sniffles_0_91669	0.750.0.0
HG004vGRCh38_wm_50md_PBCCS_sniffles_0_88011	0.750.0.0
HG002vGRCh38_wm_50md_PBCCS_sniffles_0_91670	0.751.0.0
HG004vGRCh38_wm_50md_PBCCS_sniffles_0_88013	0.751.0.0
HG003vGRCh38_wm_50md_PBCCS_sniffles_0_89617	0.752.0.0
HG002vGRCh38_wm_50md_PBCCS_sniffles_0_91674	0.753.0.0
HG004vGRCh38_wm_50md_PBCCS_sniffles_0_88019	0.753.0.0
HG002vGRCh38_wm_50md_PBCCS_sniffles_0_91683	0.754.0.0
HG003vGRCh38_wm_50md_PBCCS_sniffles_0_89622	0.754.0.0
HG004vGRCh38_wm_50md_PBCCS_sniffles_0_88028	0.754.0.0
HG003vGRCh38_wm_50md_PBCCS_sniffles_0_89624	0.755.0.0.0
HG003vGRCh38_wm_50md_PBCCS_sniffles_0_89625	0.755.1.0.0
HG003vGRCh38_wm_50md_PBCCS_sniffles_0_89627	0.757.0.0
HG003vGRCh38_wm_50md_PBCCS_sniffles_0_89628	0.758.0.0
HG004vGRCh38_wm_50md_PBCCS_sniffles_0_88050	0.762.0.0
HG003vGRCh38_wm_50md_PBCCS_sniffles_0_89637	0.762.0.0
HG003vGRCh38_wm_50md_PBCCS_sniffles_0_89638	0.762.0.1
HG002vGRCh38_wm_50md_PBCCS_sniffles_0_91692	0.762.0.1
HG003vGRCh38_wm_50md_PBCCS_sniffles_0_89644	0.766.0.0
HG004vGRCh38_wm_50md_PBCCS_sniffles_0_88060	0.767.0.0
HG003vGRCh38_wm_50md_PBCCS_sniffles_0_89647	0.768.0.0
HG004vGRCh38_wm_50md_PBCCS_sniffles_0_88062	0.768.0.0
HG003vGRCh38_wm_50md_PBCCS_sniffles_0_89648	0.769.0.0
HG002vGRCh38_wm_50md_PBCCS_sniffles_0_91700	0.769.0.0
HG004vGRCh38_wm_50md_PBCCS_sniffles_0_88064	0.769.0.0
HG002vGRCh38_wm_50md_PBCCS_sniffles_0_90562	0.77.0.0
HG002vGRCh38_wm_50md_PBCCS_sniffles_0_91702	0.771.0.0
HG004vGRCh38_wm_50md_PBCCS_sniffles_0_88076	0.774.0.0
HG002vGRCh38_wm_50md_PBCCS_sniffles_0_91712	0.775.0.0
HG004vGRCh38_wm_50md_PBCCS_sniffles_0_88079	0.776.0.0
HG004vGRCh38_wm_50md_PBCCS_sniffles_0_88083	0.778.0.0
HG004vGRCh38_wm_50md_PBCCS_sniffles_0_88084	0.779.0.0
HG004vGRCh38_wm_50md_PBCCS_sniffles_0_88095	0.785.0.0
HG002vGRCh38_wm_50md_PBCCS_sniffles_0_91720	0.785.0.0
HG003vGRCh38_wm_50md_PBCCS_sniffles_0_89668	0.785.0.0
HG004vGRCh38_wm_50md_PBCCS_sniffles_0_88096	0.785.0.0
HG004vGRCh38_wm_50md_PBCCS_sniffles_0_88097	0.786.0.0
HG003vGRCh38_wm_50md_PBCCS_sniffles_0_89674	0.789.0.0
HG002vGRCh38_wm_50md_PBCCS_sniffles_0_91726	0.789.0.0
HG004vGRCh38_wm_50md_PBCCS_sniffles_0_88104	0.789.0.0
HG003vGRCh38_wm_50md_PBCCS_sniffles_0_89675	0.791.0.0
HG002vGRCh38_wm_50md_PBCCS_sniffles_0_91728	0.791.0.0
HG004vGRCh38_wm_50md_PBCCS_sniffles_0_88106	0.791.0.0
HG002vGRCh38_wm_50md_PBCCS_sniffles_0_91729	0.793.0.0
HG004vGRCh38_wm_50md_PBCCS_sniffles_0_88109	0.793.0.0
HG003vGRCh38_wm_50md_PBCCS_sniffles_0_89682	0.796.0.0
HG004vGRCh38_wm_50md_PBCCS_sniffles_0_88117	0.796.0.0
HG003vGRCh38_wm_50md_PBCCS_sniffles_0_89683	0.797.0.0
HG004vGRCh38_wm_50md_PBCCS_sniffles_0_88119	0.797.0.0
HG002vGRCh38_wm_50md_PBCCS_sniffles_0_91738	0.797.0.0
HG002vGRCh38_wm_50md_PBCCS_sniffles_0_91739	0.799.0.0
HG004vGRCh38_wm_50md_PBCCS_sniffles_0_86381	0.8.0.0
HG002vGRCh38_wm_50md_PBCCS_sniffles_0_91740	0.800.0.0
HG004vGRCh38_wm_50md_PBCCS_sniffles_0_88122	0.800.0.0
HG004vGRCh38_wm_50md_PBCCS_sniffles_0_88130	0.803.0.0
HG003vGRCh38_wm_50md_PBCCS_sniffles_0_89691	0.803.0.0
HG002vGRCh38_wm_50md_PBCCS_sniffles_0_91743	0.803.0.0
HG003vGRCh38_wm_50md_PBCCS_sniffles_0_89693	0.805.0.0
HG004vGRCh38_wm_50md_PBCCS_sniffles_0_88133	0.805.0.0
HG004vGRCh38_wm_50md_PBCCS_sniffles_0_88134	0.806.0.0
HG003vGRCh38_wm_50md_PBCCS_sniffles_0_89694	0.806.0.0
HG003vGRCh38_wm_50md_PBCCS_sniffles_0_89695	0.808.0.0
HG004vGRCh38_wm_50md_PBCCS_sniffles_0_86524	0.81.0.0
HG002vGRCh38_wm_50md_PBCCS_sniffles_0_90583	0.81.0.0
HG002vGRCh38_wm_50md_PBCCS_sniffles_0_91751	0.810.0.0
HG003vGRCh38_wm_50md_PBCCS_sniffles_0_89699	0.810.0.0
HG004vGRCh38_wm_50md_PBCCS_sniffles_0_88141	0.810.0.0
HG004vGRCh38_wm_50md_PBCCS_sniffles_0_88142	0.812.0.0.0
HG002vGRCh38_wm_50md_PBCCS_sniffles_0_91752	0.812.0.0.0
HG003vGRCh38_wm_50md_PBCCS_sniffles_0_89700	0.812.0.0.0
HG004vGRCh38_wm_50md_PBCCS_sniffles_0_88145	0.812.1.0.0
HG002vGRCh38_wm_50md_PBCCS_sniffles_0_91754	0.812.1.0.0
HG003vGRCh38_wm_50md_PBCCS_sniffles_0_89702	0.812.1.0.0
HG004vGRCh38_wm_50md_PBCCS_sniffles_0_88149	0.815.0.0
HG002vGRCh38_wm_50md_PBCCS_sniffles_0_91757	0.815.0.0
HG003vGRCh38_wm_50md_PBCCS_sniffles_0_89705	0.815.0.0
HG002vGRCh38_wm_50md_PBCCS_sniffles_0_91758	0.817.0.0
HG004vGRCh38_wm_50md_PBCCS_sniffles_0_88151	0.817.0.0
HG002vGRCh38_wm_50md_PBCCS_sniffles_0_91765	0.820.0.0
HG004vGRCh38_wm_50md_PBCCS_sniffles_0_88160	0.820.0.0
HG002vGRCh38_wm_50md_PBCCS_sniffles_0_91768	0.821.0.0
HG003vGRCh38_wm_50md_PBCCS_sniffles_0_89711	0.821.0.0
HG004vGRCh38_wm_50md_PBCCS_sniffles_0_88162	0.821.0.0
HG002vGRCh38_wm_50md_PBCCS_sniffles_0_91781	0.825.0.0
HG004vGRCh38_wm_50md_PBCCS_sniffles_0_88181	0.825.0.0
HG002vGRCh38_wm_50md_PBCCS_sniffles_0_91782	0.826.0.0.0
HG004vGRCh38_wm_50md_PBCCS_sniffles_0_88183	0.826.0.0.0
HG002vGRCh38_wm_50md_PBCCS_sniffles_0_91780	0.826.1.0.0
HG004vGRCh38_wm_50md_PBCCS_sniffles_0_88180	0.826.1.0.0
HG002vGRCh38_wm_50md_PBCCS_sniffles_0_91784	0.828.0.0
HG004vGRCh38_wm_50md_PBCCS_sniffles_0_88186	0.828.0.0
HG003vGRCh38_wm_50md_PBCCS_sniffles_0_89715	0.828.0.0
HG002vGRCh38_wm_50md_PBCCS_sniffles_0_91785	0.829.0.0
HG003vGRCh38_wm_50md_PBCCS_sniffles_0_89716	0.829.0.0
HG004vGRCh38_wm_50md_PBCCS_sniffles_0_88187	0.829.0.0
HG003vGRCh38_wm_50md_PBCCS_sniffles_0_89721	0.831.0.0
HG004vGRCh38_wm_50md_PBCCS_sniffles_0_88195	0.831.0.0
HG002vGRCh38_wm_50md_PBCCS_sniffles_0_91790	0.831.0.0
HG002vGRCh38_wm_50md_PBCCS_sniffles_0_91791	0.832.0.0
HG004vGRCh38_wm_50md_PBCCS_sniffles_0_88197	0.832.0.0
HG003vGRCh38_wm_50md_PBCCS_sniffles_0_89724	0.832.0.0
HG002vGRCh38_wm_50md_PBCCS_sniffles_0_91792	0.833.0.0
HG003vGRCh38_wm_50md_PBCCS_sniffles_0_89725	0.833.0.0
HG004vGRCh38_wm_50md_PBCCS_sniffles_0_88199	0.833.0.0
HG002vGRCh38_wm_50md_PBCCS_sniffles_0_91794	0.837.0.0
HG004vGRCh38_wm_50md_PBCCS_sniffles_0_88207	0.837.0.0
HG003vGRCh38_wm_50md_PBCCS_sniffles_0_89729	0.839.0.0
HG004vGRCh38_wm_50md_PBCCS_sniffles_0_88208	0.839.0.0
HG003vGRCh38_wm_50md_PBCCS_sniffles_0_89733	0.841.0.0
HG002vGRCh38_wm_50md_PBCCS_sniffles_0_91799	0.841.0.0
HG004vGRCh38_wm_50md_PBCCS_sniffles_0_88213	0.841.0.0
HG004vGRCh38_wm_50md_PBCCS_sniffles_0_88220	0.844.0.0
HG002vGRCh38_wm_50md_PBCCS_sniffles_0_91805	0.844.0.0
HG003vGRCh38_wm_50md_PBCCS_sniffles_0_89737	0.844.0.0
HG002vGRCh38_wm_50md_PBCCS_sniffles_0_91807	0.846.0.0
HG003vGRCh38_wm_50md_PBCCS_sniffles_0_89739	0.846.0.0
HG004vGRCh38_wm_50md_PBCCS_sniffles_0_88222	0.846.0.0
HG004vGRCh38_wm_50md_PBCCS_sniffles_0_88228	0.847.0.0
HG002vGRCh38_wm_50md_PBCCS_sniffles_0_91809	0.847.0.0
HG003vGRCh38_wm_50md_PBCCS_sniffles_0_89742	0.847.0.0
HG004vGRCh38_wm_50md_PBCCS_sniffles_0_88230	0.847.0.1
HG004vGRCh38_wm_50md_PBCCS_sniffles_0_88229	0.847.0.1
HG003vGRCh38_wm_50md_PBCCS_sniffles_0_89746	0.848.0.0.0
HG004vGRCh38_wm_50md_PBCCS_sniffles_0_88231	0.848.0.0.1
HG002vGRCh38_wm_50md_PBCCS_sniffles_0_91810	0.848.0.0.1
HG004vGRCh38_wm_50md_PBCCS_sniffles_0_88232	0.848.1.0.0
HG004vGRCh38_wm_50md_PBCCS_sniffles_0_88233	0.848.1.0.0
HG002vGRCh38_wm_50md_PBCCS_sniffles_0_91811	0.848.1.0.0
HG003vGRCh38_wm_50md_PBCCS_sniffles_0_89748	0.848.1.0.0
HG002vGRCh38_wm_50md_PBCCS_sniffles_0_91812	0.850.0.0.0
HG004vGRCh38_wm_50md_PBCCS_sniffles_0_88235	0.850.0.0.0
HG003vGRCh38_wm_50md_PBCCS_sniffles_0_89753	0.850.1.0.0
HG004vGRCh38_wm_50md_PBCCS_sniffles_0_88237	0.852.0.0
HG003vGRCh38_wm_50md_PBCCS_sniffles_0_89759	0.852.0.0
HG004vGRCh38_wm_50md_PBCCS_sniffles_0_88238	0.852.0.0
HG002vGRCh38_wm_50md_PBCCS_sniffles_0_91814	0.852.0.0
HG004vGRCh38_wm_50md_PBCCS_sniffles_0_88240	0.852.0.0
HG003vGRCh38_wm_50md_PBCCS_sniffles_0_89760	0.852.0.0
HG004vGRCh38_wm_50md_PBCCS_sniffles_0_88242	0.855.0.0
HG003vGRCh38_wm_50md_PBCCS_sniffles_0_89765	0.856.0.0
HG002vGRCh38_wm_50md_PBCCS_sniffles_0_91817	0.856.0.0
HG004vGRCh38_wm_50md_PBCCS_sniffles_0_88243	0.856.0.0
HG002vGRCh38_wm_50md_PBCCS_sniffles_0_91819	0.857.0.0
HG004vGRCh38_wm_50md_PBCCS_sniffles_0_88246	0.857.0.0
HG002vGRCh38_wm_50md_PBCCS_sniffles_0_91821	0.859.0.0
HG003vGRCh38_wm_50md_PBCCS_sniffles_0_89767	0.859.0.0
HG004vGRCh38_wm_50md_PBCCS_sniffles_0_88248	0.859.0.0
HG003vGRCh38_wm_50md_PBCCS_sniffles_0_88552	0.86.0.0
HG004vGRCh38_wm_50md_PBCCS_sniffles_0_86540	0.86.0.0
HG004vGRCh38_wm_50md_PBCCS_sniffles_0_86541	0.86.0.0
HG003vGRCh38_wm_50md_PBCCS_sniffles_0_88550	0.86.0.1
HG004vGRCh38_wm_50md_PBCCS_sniffles_0_86536	0.86.0.1
HG002vGRCh38_wm_50md_PBCCS_sniffles_0_90594	0.86.0.1
HG002vGRCh38_wm_50md_PBCCS_sniffles_0_90598	0.86.0.1
HG003vGRCh38_wm_50md_PBCCS_sniffles_0_89771	0.860.0.0
HG002vGRCh38_wm_50md_PBCCS_sniffles_0_91822	0.860.0.0
HG004vGRCh38_wm_50md_PBCCS_sniffles_0_88251	0.860.0.0
HG002vGRCh38_wm_50md_PBCCS_sniffles_0_91823	0.861.0.0
HG003vGRCh38_wm_50md_PBCCS_sniffles_0_89772	0.861.0.0
HG004vGRCh38_wm_50md_PBCCS_sniffles_0_88252	0.861.0.0
HG004vGRCh38_wm_50md_PBCCS_sniffles_0_88253	0.862.0.0
HG002vGRCh38_wm_50md_PBCCS_sniffles_0_91824	0.863.0.0
HG004vGRCh38_wm_50md_PBCCS_sniffles_0_88254	0.863.0.0
HG002vGRCh38_wm_50md_PBCCS_sniffles_0_91832	0.864.0.0
HG003vGRCh38_wm_50md_PBCCS_sniffles_0_89776	0.864.0.0
HG004vGRCh38_wm_50md_PBCCS_sniffles_0_88266	0.864.0.0
HG003vGRCh38_wm_50md_PBCCS_sniffles_0_89780	0.865.0.0
HG002vGRCh38_wm_50md_PBCCS_sniffles_0_91836	0.865.0.0
HG004vGRCh38_wm_50md_PBCCS_sniffles_0_88272	0.865.0.0
HG002vGRCh38_wm_50md_PBCCS_sniffles_0_91837	0.866.0.0
HG004vGRCh38_wm_50md_PBCCS_sniffles_0_88274	0.866.0.0
HG002vGRCh38_wm_50md_PBCCS_sniffles_0_91838	0.868.0.0
HG004vGRCh38_wm_50md_PBCCS_sniffles_0_88278	0.868.0.0
HG003vGRCh38_wm_50md_PBCCS_sniffles_0_89782	0.871.0.0.0
HG002vGRCh38_wm_50md_PBCCS_sniffles_0_91842	0.871.0.0.0
HG002vGRCh38_wm_50md_PBCCS_sniffles_0_91844	0.871.1.0.0
HG004vGRCh38_wm_50md_PBCCS_sniffles_0_88283	0.871.1.0.0
HG003vGRCh38_wm_50md_PBCCS_sniffles_0_89784	0.871.1.0.0
HG004vGRCh38_wm_50md_PBCCS_sniffles_0_88284	0.871.1.0.0
HG002vGRCh38_wm_50md_PBCCS_sniffles_0_91845	0.872.0.0
HG004vGRCh38_wm_50md_PBCCS_sniffles_0_88285	0.872.0.0
HG002vGRCh38_wm_50md_PBCCS_sniffles_0_91846	0.873.0.0.0
HG004vGRCh38_wm_50md_PBCCS_sniffles_0_88287	0.873.0.0.0
HG003vGRCh38_wm_50md_PBCCS_sniffles_0_89785	0.873.0.0.0
HG004vGRCh38_wm_50md_PBCCS_sniffles_0_88286	0.873.1.0.0
HG003vGRCh38_wm_50md_PBCCS_sniffles_0_89787	0.876.0.0
HG004vGRCh38_wm_50md_PBCCS_sniffles_0_88290	0.877.0.0
HG004vGRCh38_wm_50md_PBCCS_sniffles_0_88297	0.879.0.0
HG002vGRCh38_wm_50md_PBCCS_sniffles_0_91854	0.879.0.0
HG004vGRCh38_wm_50md_PBCCS_sniffles_0_88312	0.884.0.0.0
HG003vGRCh38_wm_50md_PBCCS_sniffles_0_89810	0.884.0.0.0
HG003vGRCh38_wm_50md_PBCCS_sniffles_0_89808	0.884.1.0.0
HG002vGRCh38_wm_50md_PBCCS_sniffles_0_91861	0.884.1.0.0
HG004vGRCh38_wm_50md_PBCCS_sniffles_0_88309	0.884.1.0.0
HG003vGRCh38_wm_50md_PBCCS_sniffles_0_89802	0.884.1.0.0
HG004vGRCh38_wm_50md_PBCCS_sniffles_0_88305	0.884.1.0.0
HG003vGRCh38_wm_50md_PBCCS_sniffles_0_89809	0.884.1.0.1
HG004vGRCh38_wm_50md_PBCCS_sniffles_0_88317	0.887.0.0
HG003vGRCh38_wm_50md_PBCCS_sniffles_0_89817	0.888.0.0
HG004vGRCh38_wm_50md_PBCCS_sniffles_0_88318	0.888.0.0
HG004vGRCh38_wm_50md_PBCCS_sniffles_0_88321	0.890.0.0
HG003vGRCh38_wm_50md_PBCCS_sniffles_0_89818	0.892.0.0
HG004vGRCh38_wm_50md_PBCCS_sniffles_0_88322	0.892.0.0
HG003vGRCh38_wm_50md_PBCCS_sniffles_0_89821	0.896.0.0
HG004vGRCh38_wm_50md_PBCCS_sniffles_0_88331	0.896.0.0
HG004vGRCh38_wm_50md_PBCCS_sniffles_0_88332	0.897.0.0
HG002vGRCh38_wm_50md_PBCCS_sniffles_0_90419	0.9.0.0
HG003vGRCh38_wm_50md_PBCCS_sniffles_0_88362	0.9.0.0
HG004vGRCh38_wm_50md_PBCCS_sniffles_0_86382	0.9.0.0
HG002vGRCh38_wm_50md_PBCCS_sniffles_0_91877	0.901.0.0
HG004vGRCh38_wm_50md_PBCCS_sniffles_0_88340	0.901.0.0
HG002vGRCh38_wm_50md_PBCCS_sniffles_0_91880	0.902.0.0
HG004vGRCh38_wm_50md_PBCCS_sniffles_0_88344	0.902.0.0
HG004vGRCh38_wm_50md_PBCCS_sniffles_0_88349	0.903.0.0
HG002vGRCh38_wm_50md_PBCCS_sniffles_0_91885	0.903.0.0
HG003vGRCh38_wm_50md_PBCCS_sniffles_0_89833	0.903.0.0
HG002vGRCh38_wm_50md_PBCCS_sniffles_0_91886	0.904.0.0
HG003vGRCh38_wm_50md_PBCCS_sniffles_0_89835	0.904.0.0
HG004vGRCh38_wm_50md_PBCCS_sniffles_0_88350	0.904.0.0
HG003vGRCh38_wm_50md_PBCCS_sniffles_0_89836	0.905.0.0
HG004vGRCh38_wm_50md_PBCCS_sniffles_0_88351	0.905.0.0
HG002vGRCh38_wm_50md_PBCCS_sniffles_0_91887	0.905.0.0
HG002vGRCh38_wm_50md_PBCCS_sniffles_0_91889	0.907.0.0
HG004vGRCh38_wm_50md_PBCCS_sniffles_0_88353	0.907.0.0
HG003vGRCh38_wm_50md_PBCCS_sniffles_0_89838	0.907.0.0
HG002vGRCh38_wm_50md_PBCCS_sniffles_0_91892	0.909.0.0
HG003vGRCh38_wm_50md_PBCCS_sniffles_0_89840	0.909.0.0
HG004vGRCh38_wm_50md_PBCCS_sniffles_0_88358	0.909.0.0
HG002vGRCh38_wm_50md_PBCCS_sniffles_0_90604	0.91.0.0
HG004vGRCh38_wm_50md_PBCCS_sniffles_0_86553	0.91.0.0
HG002vGRCh38_wm_50md_PBCCS_sniffles_0_91894	0.911.1.0.0
HG004vGRCh38_wm_50md_PBCCS_sniffles_0_88361	0.911.1.0.0
HG003vGRCh38_wm_50md_PBCCS_sniffles_0_89842	0.911.1.0.0
HG002vGRCh38_wm_50md_PBCCS_sniffles_0_91895	0.912.0.0
HG003vGRCh38_wm_50md_PBCCS_sniffles_0_89855	0.914.0.0
HG004vGRCh38_wm_50md_PBCCS_sniffles_0_88382	0.918.0.0
HG004vGRCh38_wm_50md_PBCCS_sniffles_0_88384	0.919.0.0
HG003vGRCh38_wm_50md_PBCCS_sniffles_0_89857	0.919.0.0
HG002vGRCh38_wm_50md_PBCCS_sniffles_0_91907	0.919.0.0
HG002vGRCh38_wm_50md_PBCCS_sniffles_0_91915	0.923.0.0
HG004vGRCh38_wm_50md_PBCCS_sniffles_0_88393	0.923.0.0
HG003vGRCh38_wm_50md_PBCCS_sniffles_0_89864	0.923.0.0
HG003vGRCh38_wm_50md_PBCCS_sniffles_0_89863	0.923.0.1
HG004vGRCh38_wm_50md_PBCCS_sniffles_0_88394	0.924.0.0.0
HG004vGRCh38_wm_50md_PBCCS_sniffles_0_88396	0.924.0.0.0
HG002vGRCh38_wm_50md_PBCCS_sniffles_0_91916	0.924.1.0.0
HG003vGRCh38_wm_50md_PBCCS_sniffles_0_89868	0.924.1.0.0
HG004vGRCh38_wm_50md_PBCCS_sniffles_0_88395	0.924.1.0.0
HG004vGRCh38_wm_50md_PBCCS_sniffles_0_88397	0.925.0.0
HG002vGRCh38_wm_50md_PBCCS_sniffles_0_91917	0.925.0.0
HG002vGRCh38_wm_50md_PBCCS_sniffles_0_91919	0.927.0.0
HG004vGRCh38_wm_50md_PBCCS_sniffles_0_88400	0.927.0.0
HG002vGRCh38_wm_50md_PBCCS_sniffles_0_91920	0.928.0.0
HG004vGRCh38_wm_50md_PBCCS_sniffles_0_88401	0.928.0.0
HG002vGRCh38_wm_50md_PBCCS_sniffles_0_91926	0.930.0.0
HG004vGRCh38_wm_50md_PBCCS_sniffles_0_88405	0.930.0.0
HG004vGRCh38_wm_50md_PBCCS_sniffles_0_88406	0.931.0.0
HG002vGRCh38_wm_50md_PBCCS_sniffles_0_91927	0.931.0.0
HG003vGRCh38_wm_50md_PBCCS_sniffles_0_89872	0.932.0.0
HG002vGRCh38_wm_50md_PBCCS_sniffles_0_91928	0.933.0.0
HG004vGRCh38_wm_50md_PBCCS_sniffles_0_88408	0.933.0.0
HG003vGRCh38_wm_50md_PBCCS_sniffles_0_89873	0.933.0.0
HG004vGRCh38_wm_50md_PBCCS_sniffles_0_88409	0.935.0.0
HG004vGRCh38_wm_50md_PBCCS_sniffles_0_88421	0.939.0.0
HG003vGRCh38_wm_50md_PBCCS_sniffles_0_89881	0.940.0.0
HG002vGRCh38_wm_50md_PBCCS_sniffles_0_91941	0.942.0.0
HG003vGRCh38_wm_50md_PBCCS_sniffles_0_89885	0.942.0.0
HG004vGRCh38_wm_50md_PBCCS_sniffles_0_88430	0.942.0.0
HG002vGRCh38_wm_50md_PBCCS_sniffles_0_91945	0.944.0.0
HG004vGRCh38_wm_50md_PBCCS_sniffles_0_88439	0.944.0.1
HG003vGRCh38_wm_50md_PBCCS_sniffles_0_89891	0.944.0.1
HG002vGRCh38_wm_50md_PBCCS_sniffles_0_91947	0.946.0.0
HG003vGRCh38_wm_50md_PBCCS_sniffles_0_89893	0.946.0.0
HG004vGRCh38_wm_50md_PBCCS_sniffles_0_88441	0.946.0.0
HG004vGRCh38_wm_50md_PBCCS_sniffles_0_88453	0.950.0.0
HG002vGRCh38_wm_50md_PBCCS_sniffles_0_91952	0.950.0.0
HG002vGRCh38_wm_50md_PBCCS_sniffles_0_91953	0.951.0.0
HG004vGRCh38_wm_50md_PBCCS_sniffles_0_88456	0.951.0.0
HG003vGRCh38_wm_50md_PBCCS_sniffles_0_89903	0.954.0.0
HG002vGRCh38_wm_50md_PBCCS_sniffles_0_91956	0.954.0.0
HG004vGRCh38_wm_50md_PBCCS_sniffles_0_88460	0.954.0.0
HG002vGRCh38_wm_50md_PBCCS_sniffles_0_91960	0.955.0.0
HG004vGRCh38_wm_50md_PBCCS_sniffles_0_88480	0.958.0.0
HG003vGRCh38_wm_50md_PBCCS_sniffles_0_89914	0.959.0.0
HG004vGRCh38_wm_50md_PBCCS_sniffles_0_88485	0.961.0.0
HG003vGRCh38_wm_50md_PBCCS_sniffles_0_89917	0.961.0.0
HG002vGRCh38_wm_50md_PBCCS_sniffles_0_91975	0.963.0.0
HG003vGRCh38_wm_50md_PBCCS_sniffles_0_89920	0.963.0.0
HG004vGRCh38_wm_50md_PBCCS_sniffles_0_88491	0.963.0.0
HG004vGRCh38_wm_50md_PBCCS_sniffles_0_88498	0.967.0.0
HG004vGRCh38_wm_50md_PBCCS_sniffles_0_86565	0.97.0.0
HG004vGRCh38_wm_50md_PBCCS_sniffles_0_88506	0.970.0.0
HG004vGRCh38_wm_50md_PBCCS_sniffles_0_88507	0.971.0.0.0
HG002vGRCh38_wm_50md_PBCCS_sniffles_0_91982	0.971.1.0.0
HG004vGRCh38_wm_50md_PBCCS_sniffles_0_88508	0.971.1.0.0
HG004vGRCh38_wm_50md_PBCCS_sniffles_0_88512	0.972.0.0
HG002vGRCh38_wm_50md_PBCCS_sniffles_0_91985	0.972.0.0
HG004vGRCh38_wm_50md_PBCCS_sniffles_0_88514	0.972.0.0
HG002vGRCh38_wm_50md_PBCCS_sniffles_0_91996	0.975.0.0
HG004vGRCh38_wm_50md_PBCCS_sniffles_0_88527	0.975.0.0
HG003vGRCh38_wm_50md_PBCCS_sniffles_0_89930	0.975.0.0
HG002vGRCh38_wm_50md_PBCCS_sniffles_0_92000	0.977.0.0
HG004vGRCh38_wm_50md_PBCCS_sniffles_0_88531	0.977.0.0
HG004vGRCh38_wm_50md_PBCCS_sniffles_0_88533	0.978.0.0
HG002vGRCh38_wm_50md_PBCCS_sniffles_0_92001	0.978.0.0
HG002vGRCh38_wm_50md_PBCCS_sniffles_0_92002	0.979.0.0
HG004vGRCh38_wm_50md_PBCCS_sniffles_0_88535	0.979.0.0
HG002vGRCh38_wm_50md_PBCCS_sniffles_0_92003	0.980.0.0
HG004vGRCh38_wm_50md_PBCCS_sniffles_0_88536	0.980.0.0
HG002vGRCh38_wm_50md_PBCCS_sniffles_0_92009	0.984.0.0
HG004vGRCh38_wm_50md_PBCCS_sniffles_0_88545	0.984.0.0
HG002vGRCh38_wm_50md_PBCCS_sniffles_0_92010	0.985.0.0
HG003vGRCh38_wm_50md_PBCCS_sniffles_0_89940	0.985.0.0
HG004vGRCh38_wm_50md_PBCCS_sniffles_0_88546	0.985.0.0
HG003vGRCh38_wm_50md_PBCCS_sniffles_0_89941	0.986.0.0
HG002vGRCh38_wm_50md_PBCCS_sniffles_0_92011	0.986.0.0
HG004vGRCh38_wm_50md_PBCCS_sniffles_0_88547	0.986.0.0
HG002vGRCh38_wm_50md_PBCCS_sniffles_0_92012	0.987.0.0
HG004vGRCh38_wm_50md_PBCCS_sniffles_0_88548	0.987.0.0
HG003vGRCh38_wm_50md_PBCCS_sniffles_0_89942	0.987.0.0
HG004vGRCh38_wm_50md_PBCCS_sniffles_0_88549	0.988.0.0
HG002vGRCh38_wm_50md_PBCCS_sniffles_0_92013	0.988.0.0
HG002vGRCh38_wm_50md_PBCCS_sniffles_0_92022	0.990.0.0
HG004vGRCh38_wm_50md_PBCCS_sniffles_0_88561	0.990.0.0
HG004vGRCh38_wm_50md_PBCCS_sniffles_0_88564	0.991.0.0
HG004vGRCh38_wm_50md_PBCCS_sniffles_0_88566	0.993.0.0
HG004vGRCh38_wm_50md_PBCCS_sniffles_0_88567	0.994.0.0
HG003vGRCh38_wm_50md_PBCCS_sniffles_0_89954	0.996.0.0
HG002vGRCh38_wm_50md_PBCCS_sniffles_0_92024	0.996.0.0
HG004vGRCh38_wm_50md_PBCCS_sniffles_0_88569	0.996.0.0
HG004vGRCh38_wm_50md_PBCCS_sniffles_0_88570	0.996.0.0
HG002vGRCh38_wm_50md_PBCCS_sniffles_0_92025	0.996.0.0
HG003vGRCh38_wm_50md_PBCCS_sniffles_0_89955	0.996.0.0
HG004vGRCh38_wm_50md_PBCCS_sniffles_0_88571	0.996.0.0
HG002vGRCh38_wm_50md_PBCCS_sniffles_0_92028	0.997.0.0
HG004vGRCh38_wm_50md_PBCCS_sniffles_0_88574	0.997.0.0
HG003vGRCh38_wm_50md_PBCCS_sniffles_0_89959	0.997.0.0
HG002vGRCh38_wm_50md_PBCCS_sniffles_0_92029	0.999.0.0
HG004vGRCh38_wm_50md_PBCCS_sniffles_0_88576	0.999.0.0
