HG003vGRCh38_wm_50md_PBCCS_sniffles_0_88572	0.101.0.0
HG004vGRCh38_wm_50md_PBCCS_sniffles_0_86566	0.102.0.0
HG004vGRCh38_wm_50md_PBCCS_sniffles_0_86569	0.104.0.0
HG002vGRCh38_wm_50md_PBCCS_sniffles_0_90621	0.104.0.0
HG002vGRCh38_wm_50md_PBCCS_sniffles_0_90622	0.105.0.0
HG003vGRCh38_wm_50md_PBCCS_sniffles_0_88580	0.107.0.0
HG004vGRCh38_wm_50md_PBCCS_sniffles_0_86397	0.11.0.0
HG004vGRCh38_wm_50md_PBCCS_sniffles_0_86585	0.111.0.0
HG002vGRCh38_wm_50md_PBCCS_sniffles_0_90637	0.112.0.0
HG002vGRCh38_wm_50md_PBCCS_sniffles_0_90645	0.116.0.0
HG002vGRCh38_wm_50md_PBCCS_sniffles_0_90650	0.119.0.0
HG003vGRCh38_wm_50md_PBCCS_sniffles_0_88601	0.119.0.0
HG004vGRCh38_wm_50md_PBCCS_sniffles_0_86599	0.119.0.0
HG002vGRCh38_wm_50md_PBCCS_sniffles_0_90655	0.120.0.0
HG003vGRCh38_wm_50md_PBCCS_sniffles_0_88606	0.121.0.0
HG004vGRCh38_wm_50md_PBCCS_sniffles_0_86601	0.121.0.0
HG003vGRCh38_wm_50md_PBCCS_sniffles_0_88607	0.123.0.0
HG002vGRCh38_wm_50md_PBCCS_sniffles_0_90665	0.125.0.0
HG003vGRCh38_wm_50md_PBCCS_sniffles_0_88614	0.125.0.0
HG004vGRCh38_wm_50md_PBCCS_sniffles_0_86608	0.125.0.0
HG002vGRCh38_wm_50md_PBCCS_sniffles_0_90667	0.126.0.0
HG002vGRCh38_wm_50md_PBCCS_sniffles_0_90669	0.128.0.0
HG003vGRCh38_wm_50md_PBCCS_sniffles_0_88617	0.128.0.1
HG002vGRCh38_wm_50md_PBCCS_sniffles_0_90676	0.130.0.0
HG003vGRCh38_wm_50md_PBCCS_sniffles_0_88622	0.130.0.0
HG004vGRCh38_wm_50md_PBCCS_sniffles_0_86613	0.130.0.0
HG002vGRCh38_wm_50md_PBCCS_sniffles_0_90677	0.131.0.0
HG004vGRCh38_wm_50md_PBCCS_sniffles_0_86614	0.131.0.0
HG003vGRCh38_wm_50md_PBCCS_sniffles_0_88623	0.131.0.0
HG003vGRCh38_wm_50md_PBCCS_sniffles_0_88624	0.132.0.0
HG002vGRCh38_wm_50md_PBCCS_sniffles_0_90678	0.132.0.0
HG004vGRCh38_wm_50md_PBCCS_sniffles_0_86617	0.134.0.0
HG003vGRCh38_wm_50md_PBCCS_sniffles_0_88650	0.138.0.0
HG002vGRCh38_wm_50md_PBCCS_sniffles_0_90708	0.140.0.0
HG003vGRCh38_wm_50md_PBCCS_sniffles_0_88653	0.140.0.0
HG003vGRCh38_wm_50md_PBCCS_sniffles_0_88667	0.145.0.0
HG004vGRCh38_wm_50md_PBCCS_sniffles_0_86641	0.147.0.0
HG003vGRCh38_wm_50md_PBCCS_sniffles_0_88399	0.15.0.0
HG004vGRCh38_wm_50md_PBCCS_sniffles_0_86650	0.152.0.0
HG003vGRCh38_wm_50md_PBCCS_sniffles_0_88688	0.153.0.0
HG004vGRCh38_wm_50md_PBCCS_sniffles_0_86656	0.156.0.0
HG004vGRCh38_wm_50md_PBCCS_sniffles_0_86658	0.159.0.0
HG002vGRCh38_wm_50md_PBCCS_sniffles_0_90732	0.159.0.0
HG003vGRCh38_wm_50md_PBCCS_sniffles_0_88400	0.16.0.0
HG002vGRCh38_wm_50md_PBCCS_sniffles_0_90737	0.163.0.0
HG004vGRCh38_wm_50md_PBCCS_sniffles_0_86672	0.167.1.0.0
HG002vGRCh38_wm_50md_PBCCS_sniffles_0_90756	0.169.0.0.0
HG002vGRCh38_wm_50md_PBCCS_sniffles_0_90764	0.171.0.0
HG004vGRCh38_wm_50md_PBCCS_sniffles_0_86688	0.171.0.0
HG003vGRCh38_wm_50md_PBCCS_sniffles_0_88737	0.175.0.0
HG002vGRCh38_wm_50md_PBCCS_sniffles_0_90776	0.177.0.0
HG004vGRCh38_wm_50md_PBCCS_sniffles_0_86696	0.177.0.0
HG004vGRCh38_wm_50md_PBCCS_sniffles_0_86697	0.177.0.0
HG003vGRCh38_wm_50md_PBCCS_sniffles_0_88740	0.177.0.0
HG002vGRCh38_wm_50md_PBCCS_sniffles_0_90777	0.177.0.0
HG003vGRCh38_wm_50md_PBCCS_sniffles_0_88752	0.179.0.0
HG002vGRCh38_wm_50md_PBCCS_sniffles_0_90786	0.179.0.0
HG002vGRCh38_wm_50md_PBCCS_sniffles_0_90798	0.182.0.0
HG003vGRCh38_wm_50md_PBCCS_sniffles_0_88766	0.182.0.0
HG002vGRCh38_wm_50md_PBCCS_sniffles_0_90811	0.187.0.0
HG004vGRCh38_wm_50md_PBCCS_sniffles_0_86728	0.187.0.0
HG002vGRCh38_wm_50md_PBCCS_sniffles_0_90813	0.189.0.0
HG003vGRCh38_wm_50md_PBCCS_sniffles_0_88405	0.19.1.0.0
HG003vGRCh38_wm_50md_PBCCS_sniffles_0_88778	0.190.0.0
HG004vGRCh38_wm_50md_PBCCS_sniffles_0_86730	0.190.0.1
HG002vGRCh38_wm_50md_PBCCS_sniffles_0_90814	0.190.0.1
HG003vGRCh38_wm_50md_PBCCS_sniffles_0_88779	0.191.0.0
HG002vGRCh38_wm_50md_PBCCS_sniffles_0_90817	0.192.0.0
HG003vGRCh38_wm_50md_PBCCS_sniffles_0_88780	0.192.0.0
HG002vGRCh38_wm_50md_PBCCS_sniffles_0_90818	0.193.0.0
HG003vGRCh38_wm_50md_PBCCS_sniffles_0_88781	0.193.0.0
HG004vGRCh38_wm_50md_PBCCS_sniffles_0_86732	0.193.0.0
HG004vGRCh38_wm_50md_PBCCS_sniffles_0_86734	0.195.0.0
HG003vGRCh38_wm_50md_PBCCS_sniffles_0_88783	0.196.0.0
HG003vGRCh38_wm_50md_PBCCS_sniffles_0_88792	0.200.0.0
HG004vGRCh38_wm_50md_PBCCS_sniffles_0_86742	0.200.0.0
HG002vGRCh38_wm_50md_PBCCS_sniffles_0_90825	0.201.0.0
HG002vGRCh38_wm_50md_PBCCS_sniffles_0_90828	0.203.0.0
HG003vGRCh38_wm_50md_PBCCS_sniffles_0_88795	0.203.0.0
HG002vGRCh38_wm_50md_PBCCS_sniffles_0_90829	0.204.0.0
HG002vGRCh38_wm_50md_PBCCS_sniffles_0_90830	0.205.0.0
HG004vGRCh38_wm_50md_PBCCS_sniffles_0_86744	0.205.0.0
HG004vGRCh38_wm_50md_PBCCS_sniffles_0_86745	0.206.0.0
HG002vGRCh38_wm_50md_PBCCS_sniffles_0_90833	0.207.0.0
HG002vGRCh38_wm_50md_PBCCS_sniffles_0_90836	0.209.0.0.0
HG002vGRCh38_wm_50md_PBCCS_sniffles_0_90837	0.209.1.0.0
HG002vGRCh38_wm_50md_PBCCS_sniffles_0_90844	0.210.0.0
HG003vGRCh38_wm_50md_PBCCS_sniffles_0_88827	0.217.0.0
HG004vGRCh38_wm_50md_PBCCS_sniffles_0_86774	0.218.0.0
HG002vGRCh38_wm_50md_PBCCS_sniffles_0_90866	0.219.0.0
HG003vGRCh38_wm_50md_PBCCS_sniffles_0_88830	0.219.0.0
HG004vGRCh38_wm_50md_PBCCS_sniffles_0_86775	0.219.0.0
HG002vGRCh38_wm_50md_PBCCS_sniffles_0_90467	0.22.0.0
HG003vGRCh38_wm_50md_PBCCS_sniffles_0_88411	0.22.0.0
HG004vGRCh38_wm_50md_PBCCS_sniffles_0_86421	0.22.0.0
HG002vGRCh38_wm_50md_PBCCS_sniffles_0_90867	0.220.0.0
HG003vGRCh38_wm_50md_PBCCS_sniffles_0_88831	0.220.0.0
HG004vGRCh38_wm_50md_PBCCS_sniffles_0_86776	0.220.0.0
HG002vGRCh38_wm_50md_PBCCS_sniffles_0_90868	0.221.0.0
HG002vGRCh38_wm_50md_PBCCS_sniffles_0_90870	0.222.0.0.0.0
HG002vGRCh38_wm_50md_PBCCS_sniffles_0_90871	0.222.0.1.0.0
HG003vGRCh38_wm_50md_PBCCS_sniffles_0_88832	0.222.0.1.0.0
HG004vGRCh38_wm_50md_PBCCS_sniffles_0_86778	0.222.0.1.0.0
HG002vGRCh38_wm_50md_PBCCS_sniffles_0_90869	0.222.1.0.0
HG004vGRCh38_wm_50md_PBCCS_sniffles_0_86777	0.222.1.0.0
HG002vGRCh38_wm_50md_PBCCS_sniffles_0_90873	0.223.0.0
HG004vGRCh38_wm_50md_PBCCS_sniffles_0_86780	0.223.0.0
HG003vGRCh38_wm_50md_PBCCS_sniffles_0_88415	0.23.1.0.0
HG002vGRCh38_wm_50md_PBCCS_sniffles_0_90889	0.230.1.0.0
HG004vGRCh38_wm_50md_PBCCS_sniffles_0_86796	0.232.0.0
HG002vGRCh38_wm_50md_PBCCS_sniffles_0_90893	0.232.0.0
HG003vGRCh38_wm_50md_PBCCS_sniffles_0_88852	0.232.0.0
HG004vGRCh38_wm_50md_PBCCS_sniffles_0_86798	0.234.0.0
HG002vGRCh38_wm_50md_PBCCS_sniffles_0_90895	0.234.0.1
HG003vGRCh38_wm_50md_PBCCS_sniffles_0_88853	0.234.0.1
HG004vGRCh38_wm_50md_PBCCS_sniffles_0_86800	0.235.0.0
HG004vGRCh38_wm_50md_PBCCS_sniffles_0_86801	0.236.0.0
HG003vGRCh38_wm_50md_PBCCS_sniffles_0_88855	0.237.0.0
HG004vGRCh38_wm_50md_PBCCS_sniffles_0_86805	0.241.0.0
HG002vGRCh38_wm_50md_PBCCS_sniffles_0_90907	0.242.0.0
HG003vGRCh38_wm_50md_PBCCS_sniffles_0_88870	0.244.0.0
HG002vGRCh38_wm_50md_PBCCS_sniffles_0_90911	0.247.0.0.0
HG002vGRCh38_wm_50md_PBCCS_sniffles_0_90916	0.249.0.0
HG003vGRCh38_wm_50md_PBCCS_sniffles_0_88891	0.251.0.0
HG004vGRCh38_wm_50md_PBCCS_sniffles_0_86828	0.251.0.0
HG002vGRCh38_wm_50md_PBCCS_sniffles_0_90929	0.252.0.0
HG004vGRCh38_wm_50md_PBCCS_sniffles_0_86832	0.254.0.0
HG003vGRCh38_wm_50md_PBCCS_sniffles_0_88895	0.255.0.0
HG002vGRCh38_wm_50md_PBCCS_sniffles_0_90933	0.256.0.0
HG002vGRCh38_wm_50md_PBCCS_sniffles_0_90934	0.257.0.0
HG003vGRCh38_wm_50md_PBCCS_sniffles_0_88897	0.257.0.0
HG004vGRCh38_wm_50md_PBCCS_sniffles_0_86834	0.257.0.0
HG003vGRCh38_wm_50md_PBCCS_sniffles_0_88898	0.258.0.0
HG004vGRCh38_wm_50md_PBCCS_sniffles_0_86835	0.258.0.0
HG002vGRCh38_wm_50md_PBCCS_sniffles_0_90935	0.258.0.0
HG004vGRCh38_wm_50md_PBCCS_sniffles_0_86836	0.259.0.0
HG003vGRCh38_wm_50md_PBCCS_sniffles_0_88900	0.260.0.0
HG003vGRCh38_wm_50md_PBCCS_sniffles_0_88903	0.261.0.0
HG002vGRCh38_wm_50md_PBCCS_sniffles_0_90940	0.261.0.0
HG002vGRCh38_wm_50md_PBCCS_sniffles_0_90944	0.262.0.0
HG003vGRCh38_wm_50md_PBCCS_sniffles_0_88906	0.262.0.0
HG002vGRCh38_wm_50md_PBCCS_sniffles_0_90945	0.263.0.0
HG003vGRCh38_wm_50md_PBCCS_sniffles_0_88907	0.263.0.0
HG003vGRCh38_wm_50md_PBCCS_sniffles_0_88908	0.264.0.0
HG002vGRCh38_wm_50md_PBCCS_sniffles_0_90946	0.265.0.0
HG004vGRCh38_wm_50md_PBCCS_sniffles_0_86845	0.265.0.0
HG002vGRCh38_wm_50md_PBCCS_sniffles_0_90947	0.266.0.0
HG003vGRCh38_wm_50md_PBCCS_sniffles_0_88909	0.266.0.0
HG004vGRCh38_wm_50md_PBCCS_sniffles_0_86846	0.266.0.0
HG004vGRCh38_wm_50md_PBCCS_sniffles_0_86847	0.267.0.0
HG002vGRCh38_wm_50md_PBCCS_sniffles_0_90953	0.269.0.0
HG003vGRCh38_wm_50md_PBCCS_sniffles_0_88915	0.269.0.0
HG002vGRCh38_wm_50md_PBCCS_sniffles_0_90480	0.27.0.0
HG002vGRCh38_wm_50md_PBCCS_sniffles_0_90954	0.270.0.0
HG003vGRCh38_wm_50md_PBCCS_sniffles_0_88916	0.270.0.0
HG004vGRCh38_wm_50md_PBCCS_sniffles_0_86853	0.270.0.0
HG004vGRCh38_wm_50md_PBCCS_sniffles_0_86854	0.271.0.0
HG002vGRCh38_wm_50md_PBCCS_sniffles_0_90956	0.273.0.0
HG003vGRCh38_wm_50md_PBCCS_sniffles_0_88918	0.273.0.0
HG004vGRCh38_wm_50md_PBCCS_sniffles_0_86856	0.273.0.0
HG002vGRCh38_wm_50md_PBCCS_sniffles_0_90957	0.274.0.0
HG003vGRCh38_wm_50md_PBCCS_sniffles_0_88919	0.274.0.0
HG004vGRCh38_wm_50md_PBCCS_sniffles_0_86857	0.274.0.0
HG002vGRCh38_wm_50md_PBCCS_sniffles_0_90961	0.277.0.0
HG003vGRCh38_wm_50md_PBCCS_sniffles_0_88921	0.278.0.0
HG002vGRCh38_wm_50md_PBCCS_sniffles_0_90483	0.28.0.0
HG003vGRCh38_wm_50md_PBCCS_sniffles_0_88431	0.28.0.0
HG002vGRCh38_wm_50md_PBCCS_sniffles_0_90963	0.280.0.0
HG003vGRCh38_wm_50md_PBCCS_sniffles_0_88924	0.280.0.0
HG002vGRCh38_wm_50md_PBCCS_sniffles_0_90964	0.281.0.0
HG004vGRCh38_wm_50md_PBCCS_sniffles_0_86863	0.281.0.0
HG004vGRCh38_wm_50md_PBCCS_sniffles_0_86864	0.282.0.0
HG004vGRCh38_wm_50md_PBCCS_sniffles_0_86866	0.284.0.0
HG002vGRCh38_wm_50md_PBCCS_sniffles_0_90966	0.285.0.0
HG003vGRCh38_wm_50md_PBCCS_sniffles_0_88926	0.285.0.0
HG004vGRCh38_wm_50md_PBCCS_sniffles_0_86871	0.286.0.0
HG003vGRCh38_wm_50md_PBCCS_sniffles_0_88929	0.286.0.0
HG004vGRCh38_wm_50md_PBCCS_sniffles_0_86872	0.286.0.0
HG004vGRCh38_wm_50md_PBCCS_sniffles_0_86873	0.286.0.0
HG003vGRCh38_wm_50md_PBCCS_sniffles_0_88937	0.288.0.0
HG004vGRCh38_wm_50md_PBCCS_sniffles_0_86878	0.288.0.0
HG002vGRCh38_wm_50md_PBCCS_sniffles_0_90970	0.289.0.0
HG003vGRCh38_wm_50md_PBCCS_sniffles_0_88938	0.289.0.0
HG004vGRCh38_wm_50md_PBCCS_sniffles_0_86879	0.289.0.0
HG003vGRCh38_wm_50md_PBCCS_sniffles_0_88942	0.291.0.0
HG003vGRCh38_wm_50md_PBCCS_sniffles_0_88943	0.292.0.0
HG004vGRCh38_wm_50md_PBCCS_sniffles_0_86888	0.292.0.0
HG004vGRCh38_wm_50md_PBCCS_sniffles_0_86893	0.294.0.0
HG003vGRCh38_wm_50md_PBCCS_sniffles_0_88951	0.297.0.0
HG004vGRCh38_wm_50md_PBCCS_sniffles_0_86373	0.3.0.0
HG002vGRCh38_wm_50md_PBCCS_sniffles_0_90405	0.3.0.0
HG004vGRCh38_wm_50md_PBCCS_sniffles_0_86903	0.304.0.0
HG004vGRCh38_wm_50md_PBCCS_sniffles_0_86904	0.305.0.0
HG002vGRCh38_wm_50md_PBCCS_sniffles_0_90980	0.308.0.0
HG004vGRCh38_wm_50md_PBCCS_sniffles_0_86914	0.308.0.0
HG004vGRCh38_wm_50md_PBCCS_sniffles_0_86915	0.309.0.0
HG002vGRCh38_wm_50md_PBCCS_sniffles_0_90501	0.31.0.0
HG004vGRCh38_wm_50md_PBCCS_sniffles_0_86445	0.31.0.0
HG004vGRCh38_wm_50md_PBCCS_sniffles_0_86917	0.310.0.0
HG002vGRCh38_wm_50md_PBCCS_sniffles_0_90984	0.311.0.0
HG004vGRCh38_wm_50md_PBCCS_sniffles_0_86922	0.311.0.0
HG002vGRCh38_wm_50md_PBCCS_sniffles_0_90987	0.314.0.0
HG004vGRCh38_wm_50md_PBCCS_sniffles_0_86925	0.314.0.0
HG003vGRCh38_wm_50md_PBCCS_sniffles_0_88963	0.316.0.0
HG002vGRCh38_wm_50md_PBCCS_sniffles_0_90992	0.317.0.0
HG003vGRCh38_wm_50md_PBCCS_sniffles_0_88965	0.317.0.0
HG004vGRCh38_wm_50md_PBCCS_sniffles_0_86931	0.317.0.0
HG003vGRCh38_wm_50md_PBCCS_sniffles_0_88970	0.319.0.0
HG004vGRCh38_wm_50md_PBCCS_sniffles_0_86446	0.32.0.0
HG004vGRCh38_wm_50md_PBCCS_sniffles_0_86936	0.321.1.0.0
HG004vGRCh38_wm_50md_PBCCS_sniffles_0_86940	0.323.0.0
HG003vGRCh38_wm_50md_PBCCS_sniffles_0_88974	0.324.0.0
HG004vGRCh38_wm_50md_PBCCS_sniffles_0_86955	0.326.0.0
HG004vGRCh38_wm_50md_PBCCS_sniffles_0_86956	0.327.0.0
HG002vGRCh38_wm_50md_PBCCS_sniffles_0_91011	0.328.0.0
HG003vGRCh38_wm_50md_PBCCS_sniffles_0_88994	0.329.0.1.0.0
HG004vGRCh38_wm_50md_PBCCS_sniffles_0_86972	0.329.0.2.0.0
HG004vGRCh38_wm_50md_PBCCS_sniffles_0_86981	0.329.0.4.0.0
HG004vGRCh38_wm_50md_PBCCS_sniffles_0_86980	0.329.1.1.0.0
HG003vGRCh38_wm_50md_PBCCS_sniffles_0_88987	0.329.2.0.0
HG002vGRCh38_wm_50md_PBCCS_sniffles_0_91014	0.329.2.0.0
HG004vGRCh38_wm_50md_PBCCS_sniffles_0_86964	0.329.2.0.0
HG002vGRCh38_wm_50md_PBCCS_sniffles_0_90502	0.33.0.0
HG004vGRCh38_wm_50md_PBCCS_sniffles_0_86992	0.331.0.0
HG004vGRCh38_wm_50md_PBCCS_sniffles_0_87004	0.336.0.0
HG003vGRCh38_wm_50md_PBCCS_sniffles_0_89010	0.337.0.0
HG002vGRCh38_wm_50md_PBCCS_sniffles_0_91037	0.338.0.0
HG004vGRCh38_wm_50md_PBCCS_sniffles_0_87007	0.338.0.0
HG002vGRCh38_wm_50md_PBCCS_sniffles_0_91043	0.339.0.0
HG002vGRCh38_wm_50md_PBCCS_sniffles_0_90503	0.34.0.0
HG004vGRCh38_wm_50md_PBCCS_sniffles_0_87019	0.340.3.0.0
HG004vGRCh38_wm_50md_PBCCS_sniffles_0_87027	0.341.0.0
HG002vGRCh38_wm_50md_PBCCS_sniffles_0_91047	0.342.0.0
HG003vGRCh38_wm_50md_PBCCS_sniffles_0_89025	0.342.0.0
HG004vGRCh38_wm_50md_PBCCS_sniffles_0_87028	0.342.0.0
HG002vGRCh38_wm_50md_PBCCS_sniffles_0_91048	0.343.0.0
HG004vGRCh38_wm_50md_PBCCS_sniffles_0_87030	0.343.0.0
HG002vGRCh38_wm_50md_PBCCS_sniffles_0_91050	0.344.0.0
HG003vGRCh38_wm_50md_PBCCS_sniffles_0_89026	0.345.0.0
HG003vGRCh38_wm_50md_PBCCS_sniffles_0_89027	0.347.0.0
HG003vGRCh38_wm_50md_PBCCS_sniffles_0_89028	0.348.0.0
HG004vGRCh38_wm_50md_PBCCS_sniffles_0_87034	0.348.0.0
HG003vGRCh38_wm_50md_PBCCS_sniffles_0_89029	0.349.0.0
HG004vGRCh38_wm_50md_PBCCS_sniffles_0_86448	0.35.0.0
HG004vGRCh38_wm_50md_PBCCS_sniffles_0_87035	0.350.0.0
HG003vGRCh38_wm_50md_PBCCS_sniffles_0_89030	0.350.0.1
HG004vGRCh38_wm_50md_PBCCS_sniffles_0_87041	0.352.0.0
HG002vGRCh38_wm_50md_PBCCS_sniffles_0_91057	0.354.0.0
HG002vGRCh38_wm_50md_PBCCS_sniffles_0_90506	0.36.0.0
HG002vGRCh38_wm_50md_PBCCS_sniffles_0_91068	0.360.0.0
HG004vGRCh38_wm_50md_PBCCS_sniffles_0_87061	0.360.0.0
HG002vGRCh38_wm_50md_PBCCS_sniffles_0_91071	0.361.0.0
HG004vGRCh38_wm_50md_PBCCS_sniffles_0_87065	0.363.0.0
HG002vGRCh38_wm_50md_PBCCS_sniffles_0_91074	0.364.0.0
HG003vGRCh38_wm_50md_PBCCS_sniffles_0_89038	0.364.0.0
HG004vGRCh38_wm_50md_PBCCS_sniffles_0_87067	0.364.0.0
HG003vGRCh38_wm_50md_PBCCS_sniffles_0_89044	0.365.0.0
HG003vGRCh38_wm_50md_PBCCS_sniffles_0_89045	0.366.0.0
HG002vGRCh38_wm_50md_PBCCS_sniffles_0_91079	0.366.0.0
HG004vGRCh38_wm_50md_PBCCS_sniffles_0_87072	0.366.0.0
HG004vGRCh38_wm_50md_PBCCS_sniffles_0_87073	0.366.0.0
HG002vGRCh38_wm_50md_PBCCS_sniffles_0_91080	0.366.0.0
HG004vGRCh38_wm_50md_PBCCS_sniffles_0_87074	0.366.0.0
HG004vGRCh38_wm_50md_PBCCS_sniffles_0_87075	0.367.0.0
HG002vGRCh38_wm_50md_PBCCS_sniffles_0_91081	0.368.0.0
HG004vGRCh38_wm_50md_PBCCS_sniffles_0_87076	0.368.0.0
HG004vGRCh38_wm_50md_PBCCS_sniffles_0_87080	0.369.0.0
HG003vGRCh38_wm_50md_PBCCS_sniffles_0_88450	0.37.0.0
HG002vGRCh38_wm_50md_PBCCS_sniffles_0_90510	0.37.0.0
HG004vGRCh38_wm_50md_PBCCS_sniffles_0_87082	0.371.0.0
HG003vGRCh38_wm_50md_PBCCS_sniffles_0_89054	0.374.0.0
HG003vGRCh38_wm_50md_PBCCS_sniffles_0_89055	0.375.0.0
HG004vGRCh38_wm_50md_PBCCS_sniffles_0_87091	0.375.0.0
HG002vGRCh38_wm_50md_PBCCS_sniffles_0_91091	0.376.0.0
HG003vGRCh38_wm_50md_PBCCS_sniffles_0_89057	0.376.0.0
HG004vGRCh38_wm_50md_PBCCS_sniffles_0_87094	0.376.0.0
HG003vGRCh38_wm_50md_PBCCS_sniffles_0_89059	0.376.0.0
HG004vGRCh38_wm_50md_PBCCS_sniffles_0_87096	0.376.0.0
HG002vGRCh38_wm_50md_PBCCS_sniffles_0_91092	0.376.0.0
HG003vGRCh38_wm_50md_PBCCS_sniffles_0_89060	0.376.0.0
HG004vGRCh38_wm_50md_PBCCS_sniffles_0_87097	0.376.0.0
HG004vGRCh38_wm_50md_PBCCS_sniffles_0_87100	0.377.0.0
HG002vGRCh38_wm_50md_PBCCS_sniffles_0_91095	0.377.0.1
HG004vGRCh38_wm_50md_PBCCS_sniffles_0_87104	0.379.0.0
HG003vGRCh38_wm_50md_PBCCS_sniffles_0_88452	0.38.0.0
HG002vGRCh38_wm_50md_PBCCS_sniffles_0_91099	0.380.0.0
HG003vGRCh38_wm_50md_PBCCS_sniffles_0_89065	0.382.0.0
HG003vGRCh38_wm_50md_PBCCS_sniffles_0_89067	0.384.0.0
HG004vGRCh38_wm_50md_PBCCS_sniffles_0_86455	0.39.0.0
HG003vGRCh38_wm_50md_PBCCS_sniffles_0_89078	0.390.0.0
HG002vGRCh38_wm_50md_PBCCS_sniffles_0_91109	0.392.0.0
HG003vGRCh38_wm_50md_PBCCS_sniffles_0_89082	0.392.0.0
HG004vGRCh38_wm_50md_PBCCS_sniffles_0_87125	0.392.0.0
HG002vGRCh38_wm_50md_PBCCS_sniffles_0_91110	0.393.0.0
HG003vGRCh38_wm_50md_PBCCS_sniffles_0_89083	0.393.0.0
HG004vGRCh38_wm_50md_PBCCS_sniffles_0_87126	0.393.0.0
HG003vGRCh38_wm_50md_PBCCS_sniffles_0_89084	0.394.0.0
HG004vGRCh38_wm_50md_PBCCS_sniffles_0_87130	0.395.0.0
HG002vGRCh38_wm_50md_PBCCS_sniffles_0_91113	0.396.0.0
HG004vGRCh38_wm_50md_PBCCS_sniffles_0_87131	0.396.0.0
HG004vGRCh38_wm_50md_PBCCS_sniffles_0_87132	0.397.0.0
HG002vGRCh38_wm_50md_PBCCS_sniffles_0_91114	0.397.0.1
HG004vGRCh38_wm_50md_PBCCS_sniffles_0_87139	0.400.0.0
HG003vGRCh38_wm_50md_PBCCS_sniffles_0_89088	0.403.0.0
HG003vGRCh38_wm_50md_PBCCS_sniffles_0_89090	0.404.0.0
HG003vGRCh38_wm_50md_PBCCS_sniffles_0_89091	0.405.0.0
HG003vGRCh38_wm_50md_PBCCS_sniffles_0_89094	0.407.0.0
HG004vGRCh38_wm_50md_PBCCS_sniffles_0_87145	0.408.0.0
HG002vGRCh38_wm_50md_PBCCS_sniffles_0_91126	0.409.0.0
HG003vGRCh38_wm_50md_PBCCS_sniffles_0_88458	0.41.0.0
HG004vGRCh38_wm_50md_PBCCS_sniffles_0_87148	0.410.0.0
HG002vGRCh38_wm_50md_PBCCS_sniffles_0_91127	0.411.0.0
HG004vGRCh38_wm_50md_PBCCS_sniffles_0_87149	0.411.0.0
HG004vGRCh38_wm_50md_PBCCS_sniffles_0_87150	0.412.0.0
HG002vGRCh38_wm_50md_PBCCS_sniffles_0_91128	0.413.0.0
HG002vGRCh38_wm_50md_PBCCS_sniffles_0_91131	0.415.0.0
HG003vGRCh38_wm_50md_PBCCS_sniffles_0_89101	0.416.0.0
HG004vGRCh38_wm_50md_PBCCS_sniffles_0_87155	0.416.0.0
HG002vGRCh38_wm_50md_PBCCS_sniffles_0_91132	0.417.0.0
HG004vGRCh38_wm_50md_PBCCS_sniffles_0_87156	0.417.0.0
HG003vGRCh38_wm_50md_PBCCS_sniffles_0_89102	0.417.0.0
HG004vGRCh38_wm_50md_PBCCS_sniffles_0_87168	0.423.0.0
HG004vGRCh38_wm_50md_PBCCS_sniffles_0_87171	0.424.0.0
HG002vGRCh38_wm_50md_PBCCS_sniffles_0_91137	0.425.0.0
HG002vGRCh38_wm_50md_PBCCS_sniffles_0_91140	0.428.0.0
HG004vGRCh38_wm_50md_PBCCS_sniffles_0_87180	0.428.0.0
HG002vGRCh38_wm_50md_PBCCS_sniffles_0_91142	0.429.0.0
HG002vGRCh38_wm_50md_PBCCS_sniffles_0_90519	0.43.0.0
HG003vGRCh38_wm_50md_PBCCS_sniffles_0_88464	0.43.0.0
HG004vGRCh38_wm_50md_PBCCS_sniffles_0_87182	0.430.0.0
HG004vGRCh38_wm_50md_PBCCS_sniffles_0_87183	0.431.0.0
HG002vGRCh38_wm_50md_PBCCS_sniffles_0_91146	0.433.0.0
HG004vGRCh38_wm_50md_PBCCS_sniffles_0_87187	0.433.0.0
HG003vGRCh38_wm_50md_PBCCS_sniffles_0_89111	0.433.0.0
HG004vGRCh38_wm_50md_PBCCS_sniffles_0_87188	0.434.0.0
HG002vGRCh38_wm_50md_PBCCS_sniffles_0_91147	0.435.0.0
HG002vGRCh38_wm_50md_PBCCS_sniffles_0_91149	0.437.0.0
HG003vGRCh38_wm_50md_PBCCS_sniffles_0_89113	0.437.0.0
HG004vGRCh38_wm_50md_PBCCS_sniffles_0_87190	0.437.0.0
HG004vGRCh38_wm_50md_PBCCS_sniffles_0_87193	0.440.0.0
HG004vGRCh38_wm_50md_PBCCS_sniffles_0_87194	0.441.0.0
HG004vGRCh38_wm_50md_PBCCS_sniffles_0_87195	0.442.0.0
HG004vGRCh38_wm_50md_PBCCS_sniffles_0_87198	0.443.0.0
HG004vGRCh38_wm_50md_PBCCS_sniffles_0_87204	0.444.0.0
HG003vGRCh38_wm_50md_PBCCS_sniffles_0_89120	0.447.0.0
HG004vGRCh38_wm_50md_PBCCS_sniffles_0_87213	0.448.0.0
HG002vGRCh38_wm_50md_PBCCS_sniffles_0_91161	0.449.0.0
HG002vGRCh38_wm_50md_PBCCS_sniffles_0_90523	0.45.0.0
HG002vGRCh38_wm_50md_PBCCS_sniffles_0_91162	0.450.0.0
HG002vGRCh38_wm_50md_PBCCS_sniffles_0_91168	0.453.0.0
HG004vGRCh38_wm_50md_PBCCS_sniffles_0_87220	0.453.0.0
HG003vGRCh38_wm_50md_PBCCS_sniffles_0_89130	0.455.0.0
HG004vGRCh38_wm_50md_PBCCS_sniffles_0_87223	0.456.0.0
HG004vGRCh38_wm_50md_PBCCS_sniffles_0_87225	0.457.0.0
HG002vGRCh38_wm_50md_PBCCS_sniffles_0_91171	0.458.0.0
HG003vGRCh38_wm_50md_PBCCS_sniffles_0_89133	0.458.0.0
HG004vGRCh38_wm_50md_PBCCS_sniffles_0_87226	0.458.0.0
HG004vGRCh38_wm_50md_PBCCS_sniffles_0_87227	0.459.0.0
HG004vGRCh38_wm_50md_PBCCS_sniffles_0_87229	0.460.0.0
HG003vGRCh38_wm_50md_PBCCS_sniffles_0_89135	0.461.0.0
HG003vGRCh38_wm_50md_PBCCS_sniffles_0_89136	0.462.0.0
HG004vGRCh38_wm_50md_PBCCS_sniffles_0_87251	0.468.0.0
HG004vGRCh38_wm_50md_PBCCS_sniffles_0_87256	0.470.0.0
HG002vGRCh38_wm_50md_PBCCS_sniffles_0_91191	0.471.0.0
HG004vGRCh38_wm_50md_PBCCS_sniffles_0_87257	0.471.0.0
HG004vGRCh38_wm_50md_PBCCS_sniffles_0_87272	0.475.0.0
HG002vGRCh38_wm_50md_PBCCS_sniffles_0_91201	0.476.0.0
HG004vGRCh38_wm_50md_PBCCS_sniffles_0_87273	0.476.0.0
HG002vGRCh38_wm_50md_PBCCS_sniffles_0_91207	0.478.0.0
HG004vGRCh38_wm_50md_PBCCS_sniffles_0_87279	0.478.0.0
HG003vGRCh38_wm_50md_PBCCS_sniffles_0_89160	0.478.0.1
HG003vGRCh38_wm_50md_PBCCS_sniffles_0_89161	0.479.0.0
HG004vGRCh38_wm_50md_PBCCS_sniffles_0_87280	0.479.0.0
HG004vGRCh38_wm_50md_PBCCS_sniffles_0_87282	0.480.0.0
HG004vGRCh38_wm_50md_PBCCS_sniffles_0_87283	0.481.0.0
HG003vGRCh38_wm_50md_PBCCS_sniffles_0_89162	0.483.0.0
HG002vGRCh38_wm_50md_PBCCS_sniffles_0_91208	0.485.0.0
HG002vGRCh38_wm_50md_PBCCS_sniffles_0_91209	0.486.0.0
HG003vGRCh38_wm_50md_PBCCS_sniffles_0_89164	0.486.0.0
HG004vGRCh38_wm_50md_PBCCS_sniffles_0_87286	0.486.0.0
HG002vGRCh38_wm_50md_PBCCS_sniffles_0_91212	0.488.0.0
HG003vGRCh38_wm_50md_PBCCS_sniffles_0_89166	0.488.0.1
HG002vGRCh38_wm_50md_PBCCS_sniffles_0_90536	0.49.0.0
HG004vGRCh38_wm_50md_PBCCS_sniffles_0_86472	0.49.0.0
HG003vGRCh38_wm_50md_PBCCS_sniffles_0_88479	0.49.0.1
HG004vGRCh38_wm_50md_PBCCS_sniffles_0_87294	0.491.0.0
HG002vGRCh38_wm_50md_PBCCS_sniffles_0_91217	0.494.0.0
HG004vGRCh38_wm_50md_PBCCS_sniffles_0_87296	0.495.0.0
HG002vGRCh38_wm_50md_PBCCS_sniffles_0_91219	0.496.0.0
HG004vGRCh38_wm_50md_PBCCS_sniffles_0_87304	0.499.0.0
HG003vGRCh38_wm_50md_PBCCS_sniffles_0_89174	0.499.0.0
HG002vGRCh38_wm_50md_PBCCS_sniffles_0_90537	0.50.0.0
HG004vGRCh38_wm_50md_PBCCS_sniffles_0_86473	0.50.0.0
HG003vGRCh38_wm_50md_PBCCS_sniffles_0_89175	0.500.0.0
HG004vGRCh38_wm_50md_PBCCS_sniffles_0_87305	0.500.0.0
HG004vGRCh38_wm_50md_PBCCS_sniffles_0_87306	0.501.0.0
HG003vGRCh38_wm_50md_PBCCS_sniffles_0_89176	0.502.0.0
HG004vGRCh38_wm_50md_PBCCS_sniffles_0_87308	0.503.0.0
HG003vGRCh38_wm_50md_PBCCS_sniffles_0_89178	0.504.0.0
HG003vGRCh38_wm_50md_PBCCS_sniffles_0_89179	0.505.0.0
HG004vGRCh38_wm_50md_PBCCS_sniffles_0_87316	0.507.0.0
HG003vGRCh38_wm_50md_PBCCS_sniffles_0_89185	0.510.0.0
HG004vGRCh38_wm_50md_PBCCS_sniffles_0_87321	0.512.0.0
HG003vGRCh38_wm_50md_PBCCS_sniffles_0_89192	0.514.0.0
HG002vGRCh38_wm_50md_PBCCS_sniffles_0_91232	0.515.0.0
HG003vGRCh38_wm_50md_PBCCS_sniffles_0_89194	0.517.1.0.0
HG004vGRCh38_wm_50md_PBCCS_sniffles_0_87324	0.517.1.0.0
HG004vGRCh38_wm_50md_PBCCS_sniffles_0_87325	0.517.1.0.0
HG003vGRCh38_wm_50md_PBCCS_sniffles_0_89195	0.517.1.0.0
HG004vGRCh38_wm_50md_PBCCS_sniffles_0_87326	0.517.1.0.0
HG004vGRCh38_wm_50md_PBCCS_sniffles_0_87330	0.518.0.0
HG003vGRCh38_wm_50md_PBCCS_sniffles_0_89196	0.519.0.0
HG002vGRCh38_wm_50md_PBCCS_sniffles_0_91236	0.519.0.1
HG004vGRCh38_wm_50md_PBCCS_sniffles_0_87357	0.525.0.0
HG003vGRCh38_wm_50md_PBCCS_sniffles_0_88484	0.53.0.0
HG003vGRCh38_wm_50md_PBCCS_sniffles_0_89220	0.530.0.0
HG004vGRCh38_wm_50md_PBCCS_sniffles_0_87364	0.531.0.0
HG004vGRCh38_wm_50md_PBCCS_sniffles_0_87365	0.532.0.0
HG003vGRCh38_wm_50md_PBCCS_sniffles_0_89223	0.535.0.0
HG002vGRCh38_wm_50md_PBCCS_sniffles_0_91254	0.537.1.0.0
HG002vGRCh38_wm_50md_PBCCS_sniffles_0_91255	0.537.1.0.0
HG002vGRCh38_wm_50md_PBCCS_sniffles_0_91256	0.537.1.0.0
HG004vGRCh38_wm_50md_PBCCS_sniffles_0_87370	0.537.1.0.0
HG003vGRCh38_wm_50md_PBCCS_sniffles_0_89230	0.539.0.0
HG004vGRCh38_wm_50md_PBCCS_sniffles_0_86484	0.54.0.0
HG002vGRCh38_wm_50md_PBCCS_sniffles_0_91266	0.541.0.0
HG004vGRCh38_wm_50md_PBCCS_sniffles_0_87384	0.541.0.0
HG004vGRCh38_wm_50md_PBCCS_sniffles_0_87385	0.541.0.0
HG002vGRCh38_wm_50md_PBCCS_sniffles_0_91267	0.541.0.0
HG004vGRCh38_wm_50md_PBCCS_sniffles_0_87387	0.541.0.0
HG002vGRCh38_wm_50md_PBCCS_sniffles_0_91268	0.541.0.0
HG002vGRCh38_wm_50md_PBCCS_sniffles_0_91269	0.542.1.0.0
HG004vGRCh38_wm_50md_PBCCS_sniffles_0_87388	0.542.1.0.0
HG004vGRCh38_wm_50md_PBCCS_sniffles_0_87389	0.542.1.0.1
HG002vGRCh38_wm_50md_PBCCS_sniffles_0_91271	0.544.0.0
HG003vGRCh38_wm_50md_PBCCS_sniffles_0_89238	0.544.0.0
HG004vGRCh38_wm_50md_PBCCS_sniffles_0_87398	0.544.0.0
HG002vGRCh38_wm_50md_PBCCS_sniffles_0_91275	0.545.0.0
HG004vGRCh38_wm_50md_PBCCS_sniffles_0_87403	0.545.0.0
HG003vGRCh38_wm_50md_PBCCS_sniffles_0_89241	0.546.0.0
HG002vGRCh38_wm_50md_PBCCS_sniffles_0_91277	0.547.0.0
HG004vGRCh38_wm_50md_PBCCS_sniffles_0_87405	0.547.0.0
HG002vGRCh38_wm_50md_PBCCS_sniffles_0_91278	0.549.0.0
HG003vGRCh38_wm_50md_PBCCS_sniffles_0_88493	0.55.0.0
HG002vGRCh38_wm_50md_PBCCS_sniffles_0_91281	0.551.0.0
HG004vGRCh38_wm_50md_PBCCS_sniffles_0_87411	0.552.0.0
HG002vGRCh38_wm_50md_PBCCS_sniffles_0_91284	0.552.0.0
HG004vGRCh38_wm_50md_PBCCS_sniffles_0_87412	0.552.0.0
HG004vGRCh38_wm_50md_PBCCS_sniffles_0_87413	0.552.0.0
HG002vGRCh38_wm_50md_PBCCS_sniffles_0_91286	0.553.0.0
HG004vGRCh38_wm_50md_PBCCS_sniffles_0_87415	0.553.0.0
HG004vGRCh38_wm_50md_PBCCS_sniffles_0_87425	0.556.0.0
HG004vGRCh38_wm_50md_PBCCS_sniffles_0_87436	0.560.0.0
HG002vGRCh38_wm_50md_PBCCS_sniffles_0_91301	0.562.0.0
HG003vGRCh38_wm_50md_PBCCS_sniffles_0_89258	0.562.0.0
HG004vGRCh38_wm_50md_PBCCS_sniffles_0_87441	0.562.0.0
HG004vGRCh38_wm_50md_PBCCS_sniffles_0_87444	0.564.0.0
HG004vGRCh38_wm_50md_PBCCS_sniffles_0_87445	0.565.0.0
HG004vGRCh38_wm_50md_PBCCS_sniffles_0_87446	0.566.0.0
HG004vGRCh38_wm_50md_PBCCS_sniffles_0_87451	0.567.0.0
HG003vGRCh38_wm_50md_PBCCS_sniffles_0_89268	0.568.0.0
HG002vGRCh38_wm_50md_PBCCS_sniffles_0_91311	0.570.0.0
HG002vGRCh38_wm_50md_PBCCS_sniffles_0_91312	0.571.0.0
HG003vGRCh38_wm_50md_PBCCS_sniffles_0_89274	0.574.0.0
HG002vGRCh38_wm_50md_PBCCS_sniffles_0_91320	0.576.0.0
HG004vGRCh38_wm_50md_PBCCS_sniffles_0_87465	0.576.0.0
HG002vGRCh38_wm_50md_PBCCS_sniffles_0_91324	0.577.0.0
HG003vGRCh38_wm_50md_PBCCS_sniffles_0_89279	0.577.0.0
HG004vGRCh38_wm_50md_PBCCS_sniffles_0_87470	0.577.0.0
HG004vGRCh38_wm_50md_PBCCS_sniffles_0_87471	0.578.0.0
HG003vGRCh38_wm_50md_PBCCS_sniffles_0_89280	0.579.0.0
HG004vGRCh38_wm_50md_PBCCS_sniffles_0_87472	0.580.0.0
HG002vGRCh38_wm_50md_PBCCS_sniffles_0_91325	0.581.0.0
HG003vGRCh38_wm_50md_PBCCS_sniffles_0_89281	0.581.0.0
HG004vGRCh38_wm_50md_PBCCS_sniffles_0_87482	0.586.0.0
HG002vGRCh38_wm_50md_PBCCS_sniffles_0_91330	0.587.0.0
HG004vGRCh38_wm_50md_PBCCS_sniffles_0_87483	0.587.0.0
HG002vGRCh38_wm_50md_PBCCS_sniffles_0_91331	0.588.0.0
HG003vGRCh38_wm_50md_PBCCS_sniffles_0_88504	0.59.0.0
HG004vGRCh38_wm_50md_PBCCS_sniffles_0_87486	0.591.0.0
HG002vGRCh38_wm_50md_PBCCS_sniffles_0_91334	0.592.0.0
HG003vGRCh38_wm_50md_PBCCS_sniffles_0_89297	0.594.0.1.0.0
HG004vGRCh38_wm_50md_PBCCS_sniffles_0_87511	0.594.0.10.0.0
HG002vGRCh38_wm_50md_PBCCS_sniffles_0_91350	0.594.0.10.0.0
HG004vGRCh38_wm_50md_PBCCS_sniffles_0_87512	0.594.0.10.0.0
HG004vGRCh38_wm_50md_PBCCS_sniffles_0_87650	0.594.0.100.0.0
HG003vGRCh38_wm_50md_PBCCS_sniffles_0_89387	0.594.0.102.0.0
HG002vGRCh38_wm_50md_PBCCS_sniffles_0_91432	0.594.0.103.0.0
HG003vGRCh38_wm_50md_PBCCS_sniffles_0_89388	0.594.0.103.0.0
HG004vGRCh38_wm_50md_PBCCS_sniffles_0_87653	0.594.0.103.0.0
HG002vGRCh38_wm_50md_PBCCS_sniffles_0_91433	0.594.0.104.0.0
HG004vGRCh38_wm_50md_PBCCS_sniffles_0_87662	0.594.0.106.0.0
HG002vGRCh38_wm_50md_PBCCS_sniffles_0_91443	0.594.0.107.0.0
HG003vGRCh38_wm_50md_PBCCS_sniffles_0_89396	0.594.0.107.0.0
HG004vGRCh38_wm_50md_PBCCS_sniffles_0_87663	0.594.0.108.0.0
HG004vGRCh38_wm_50md_PBCCS_sniffles_0_87665	0.594.0.110.0.0
HG003vGRCh38_wm_50md_PBCCS_sniffles_0_89398	0.594.0.112.0.0
HG004vGRCh38_wm_50md_PBCCS_sniffles_0_87667	0.594.0.112.0.1
HG003vGRCh38_wm_50md_PBCCS_sniffles_0_89401	0.594.0.113.0.0
HG002vGRCh38_wm_50md_PBCCS_sniffles_0_91448	0.594.0.113.0.0
HG004vGRCh38_wm_50md_PBCCS_sniffles_0_87670	0.594.0.113.0.0
HG003vGRCh38_wm_50md_PBCCS_sniffles_0_89402	0.594.0.115.0.0
HG003vGRCh38_wm_50md_PBCCS_sniffles_0_89403	0.594.0.116.0.0
HG004vGRCh38_wm_50md_PBCCS_sniffles_0_87673	0.594.0.116.0.0
HG004vGRCh38_wm_50md_PBCCS_sniffles_0_87680	0.594.0.118.0.0
HG004vGRCh38_wm_50md_PBCCS_sniffles_0_87682	0.594.0.119.0.0
HG003vGRCh38_wm_50md_PBCCS_sniffles_0_89407	0.594.0.119.0.0
HG002vGRCh38_wm_50md_PBCCS_sniffles_0_91455	0.594.0.119.0.0
HG004vGRCh38_wm_50md_PBCCS_sniffles_0_87514	0.594.0.12.0.0
HG002vGRCh38_wm_50md_PBCCS_sniffles_0_91352	0.594.0.12.0.0
HG002vGRCh38_wm_50md_PBCCS_sniffles_0_91459	0.594.0.120.0.0
HG002vGRCh38_wm_50md_PBCCS_sniffles_0_91463	0.594.0.122.0.0
HG004vGRCh38_wm_50md_PBCCS_sniffles_0_87708	0.594.0.123.0.0
HG003vGRCh38_wm_50md_PBCCS_sniffles_0_89429	0.594.0.126.0.0
HG004vGRCh38_wm_50md_PBCCS_sniffles_0_87729	0.594.0.127.0.0
HG003vGRCh38_wm_50md_PBCCS_sniffles_0_89440	0.594.0.127.0.0
HG004vGRCh38_wm_50md_PBCCS_sniffles_0_87730	0.594.0.127.0.0
HG002vGRCh38_wm_50md_PBCCS_sniffles_0_91487	0.594.0.129.0.0
HG004vGRCh38_wm_50md_PBCCS_sniffles_0_87732	0.594.0.129.0.0
HG002vGRCh38_wm_50md_PBCCS_sniffles_0_91353	0.594.0.13.0.0
HG004vGRCh38_wm_50md_PBCCS_sniffles_0_87743	0.594.0.132.0.0
HG003vGRCh38_wm_50md_PBCCS_sniffles_0_89450	0.594.0.134.0.0
HG004vGRCh38_wm_50md_PBCCS_sniffles_0_87745	0.594.0.135.0.0
HG002vGRCh38_wm_50md_PBCCS_sniffles_0_91499	0.594.0.137.0.0
HG004vGRCh38_wm_50md_PBCCS_sniffles_0_87749	0.594.0.137.0.0
HG003vGRCh38_wm_50md_PBCCS_sniffles_0_89453	0.594.0.137.0.0
HG002vGRCh38_wm_50md_PBCCS_sniffles_0_91506	0.594.0.139.0.0
HG004vGRCh38_wm_50md_PBCCS_sniffles_0_87761	0.594.0.140.0.0
HG003vGRCh38_wm_50md_PBCCS_sniffles_0_89460	0.594.0.140.0.0
HG002vGRCh38_wm_50md_PBCCS_sniffles_0_91508	0.594.0.141.0.0
HG003vGRCh38_wm_50md_PBCCS_sniffles_0_89461	0.594.0.141.0.0
HG004vGRCh38_wm_50md_PBCCS_sniffles_0_87762	0.594.0.141.0.0
HG004vGRCh38_wm_50md_PBCCS_sniffles_0_87770	0.594.0.144.0.0
HG003vGRCh38_wm_50md_PBCCS_sniffles_0_89465	0.594.0.145.0.0
HG004vGRCh38_wm_50md_PBCCS_sniffles_0_87774	0.594.0.148.0.0
HG003vGRCh38_wm_50md_PBCCS_sniffles_0_89471	0.594.0.149.0.0
HG004vGRCh38_wm_50md_PBCCS_sniffles_0_87777	0.594.0.149.0.0
HG002vGRCh38_wm_50md_PBCCS_sniffles_0_91355	0.594.0.15.0.0
HG004vGRCh38_wm_50md_PBCCS_sniffles_0_87519	0.594.0.15.0.0
HG004vGRCh38_wm_50md_PBCCS_sniffles_0_87782	0.594.0.150.0.0
HG002vGRCh38_wm_50md_PBCCS_sniffles_0_91519	0.594.0.150.0.0
HG002vGRCh38_wm_50md_PBCCS_sniffles_0_91526	0.594.0.152.0.0
HG002vGRCh38_wm_50md_PBCCS_sniffles_0_91527	0.594.0.153.0.0
HG003vGRCh38_wm_50md_PBCCS_sniffles_0_89481	0.594.0.154.0.0
HG002vGRCh38_wm_50md_PBCCS_sniffles_0_91528	0.594.0.154.0.0
HG004vGRCh38_wm_50md_PBCCS_sniffles_0_87789	0.594.0.154.0.0
HG002vGRCh38_wm_50md_PBCCS_sniffles_0_91531	0.594.0.155.0.0
HG003vGRCh38_wm_50md_PBCCS_sniffles_0_89484	0.594.0.156.0.0
HG004vGRCh38_wm_50md_PBCCS_sniffles_0_87793	0.594.0.156.0.0
HG002vGRCh38_wm_50md_PBCCS_sniffles_0_91356	0.594.0.16.0.0
HG004vGRCh38_wm_50md_PBCCS_sniffles_0_87520	0.594.0.16.0.0
HG003vGRCh38_wm_50md_PBCCS_sniffles_0_89312	0.594.0.16.0.0
HG004vGRCh38_wm_50md_PBCCS_sniffles_0_87521	0.594.0.17.0.0
HG002vGRCh38_wm_50md_PBCCS_sniffles_0_91612	0.594.0.170.0.0
HG002vGRCh38_wm_50md_PBCCS_sniffles_0_91618	0.594.0.173.0.0
HG004vGRCh38_wm_50md_PBCCS_sniffles_0_87951	0.594.0.177.0.0
HG004vGRCh38_wm_50md_PBCCS_sniffles_0_87955	0.594.0.179.0.0
HG004vGRCh38_wm_50md_PBCCS_sniffles_0_87522	0.594.0.18.0.0
HG002vGRCh38_wm_50md_PBCCS_sniffles_0_91630	0.594.0.180.0.0
HG002vGRCh38_wm_50md_PBCCS_sniffles_0_91631	0.594.0.181.0.0
HG003vGRCh38_wm_50md_PBCCS_sniffles_0_89583	0.594.0.182.0.0
HG004vGRCh38_wm_50md_PBCCS_sniffles_0_87956	0.594.0.182.0.0
HG004vGRCh38_wm_50md_PBCCS_sniffles_0_87959	0.594.0.184.0.0
HG002vGRCh38_wm_50md_PBCCS_sniffles_0_91633	0.594.0.185.0.0
HG004vGRCh38_wm_50md_PBCCS_sniffles_0_87960	0.594.0.185.0.0
HG004vGRCh38_wm_50md_PBCCS_sniffles_0_87961	0.594.0.186.0.0
HG004vGRCh38_wm_50md_PBCCS_sniffles_0_87963	0.594.0.188.0.0
HG002vGRCh38_wm_50md_PBCCS_sniffles_0_91635	0.594.0.188.0.1
HG003vGRCh38_wm_50md_PBCCS_sniffles_0_89313	0.594.0.19.0.0
HG004vGRCh38_wm_50md_PBCCS_sniffles_0_87523	0.594.0.19.0.0
HG002vGRCh38_wm_50md_PBCCS_sniffles_0_91357	0.594.0.19.0.0
HG002vGRCh38_wm_50md_PBCCS_sniffles_0_91637	0.594.0.190.0.0
HG002vGRCh38_wm_50md_PBCCS_sniffles_0_91641	0.594.0.191.0.0
HG003vGRCh38_wm_50md_PBCCS_sniffles_0_89592	0.594.0.191.0.0
HG004vGRCh38_wm_50md_PBCCS_sniffles_0_87971	0.594.0.191.0.0
HG002vGRCh38_wm_50md_PBCCS_sniffles_0_91642	0.594.0.193.0.0
HG003vGRCh38_wm_50md_PBCCS_sniffles_0_89593	0.594.0.193.0.0
HG004vGRCh38_wm_50md_PBCCS_sniffles_0_87973	0.594.0.193.0.0
HG002vGRCh38_wm_50md_PBCCS_sniffles_0_91644	0.594.0.195.0.0
HG004vGRCh38_wm_50md_PBCCS_sniffles_0_87974	0.594.0.195.0.0
HG002vGRCh38_wm_50md_PBCCS_sniffles_0_91654	0.594.0.199.0.0
HG003vGRCh38_wm_50md_PBCCS_sniffles_0_89298	0.594.0.2.0.0
HG002vGRCh38_wm_50md_PBCCS_sniffles_0_91360	0.594.0.20.0.0
HG004vGRCh38_wm_50md_PBCCS_sniffles_0_87993	0.594.0.200.0.0
HG002vGRCh38_wm_50md_PBCCS_sniffles_0_91655	0.594.0.200.0.0
HG003vGRCh38_wm_50md_PBCCS_sniffles_0_89603	0.594.0.200.0.0
HG002vGRCh38_wm_50md_PBCCS_sniffles_0_91661	0.594.0.203.0.0
HG004vGRCh38_wm_50md_PBCCS_sniffles_0_87999	0.594.0.203.0.0
HG004vGRCh38_wm_50md_PBCCS_sniffles_0_88002	0.594.0.205.0.0
HG002vGRCh38_wm_50md_PBCCS_sniffles_0_91666	0.594.0.208.0.0
HG004vGRCh38_wm_50md_PBCCS_sniffles_0_87526	0.594.0.21.0.0
HG002vGRCh38_wm_50md_PBCCS_sniffles_0_91361	0.594.0.21.0.0
HG004vGRCh38_wm_50md_PBCCS_sniffles_0_88012	0.594.0.210.0.0
HG003vGRCh38_wm_50md_PBCCS_sniffles_0_89615	0.594.0.212.0.0
HG004vGRCh38_wm_50md_PBCCS_sniffles_0_88014	0.594.0.212.0.0
HG002vGRCh38_wm_50md_PBCCS_sniffles_0_91671	0.594.0.214.0.0
HG004vGRCh38_wm_50md_PBCCS_sniffles_0_88016	0.594.0.214.0.0
HG002vGRCh38_wm_50md_PBCCS_sniffles_0_91672	0.594.0.216.0.0
HG004vGRCh38_wm_50md_PBCCS_sniffles_0_88018	0.594.0.217.0.0
HG002vGRCh38_wm_50md_PBCCS_sniffles_0_91675	0.594.0.218.0.0
HG002vGRCh38_wm_50md_PBCCS_sniffles_0_91676	0.594.0.219.0.0
HG004vGRCh38_wm_50md_PBCCS_sniffles_0_88021	0.594.0.219.0.1
HG004vGRCh38_wm_50md_PBCCS_sniffles_0_87527	0.594.0.22.0.0
HG002vGRCh38_wm_50md_PBCCS_sniffles_0_91678	0.594.0.220.0.0
HG004vGRCh38_wm_50md_PBCCS_sniffles_0_88022	0.594.0.220.0.0
HG003vGRCh38_wm_50md_PBCCS_sniffles_0_89618	0.594.0.221.0.0
HG004vGRCh38_wm_50md_PBCCS_sniffles_0_88023	0.594.0.222.0.0
HG003vGRCh38_wm_50md_PBCCS_sniffles_0_89619	0.594.0.223.0.0
HG002vGRCh38_wm_50md_PBCCS_sniffles_0_91679	0.594.0.223.0.0
HG004vGRCh38_wm_50md_PBCCS_sniffles_0_88024	0.594.0.223.0.0
HG004vGRCh38_wm_50md_PBCCS_sniffles_0_88026	0.594.0.225.0.0
HG002vGRCh38_wm_50md_PBCCS_sniffles_0_91681	0.594.0.226.0.0
HG002vGRCh38_wm_50md_PBCCS_sniffles_0_91684	0.594.0.228.0.0
HG004vGRCh38_wm_50md_PBCCS_sniffles_0_88029	0.594.0.228.0.0
HG003vGRCh38_wm_50md_PBCCS_sniffles_0_89623	0.594.0.228.0.0
HG003vGRCh38_wm_50md_PBCCS_sniffles_0_89626	0.594.0.230.0.0
HG003vGRCh38_wm_50md_PBCCS_sniffles_0_89629	0.594.0.231.0.0
HG004vGRCh38_wm_50md_PBCCS_sniffles_0_88032	0.594.0.233.0.0
HG004vGRCh38_wm_50md_PBCCS_sniffles_0_88033	0.594.0.233.0.0
HG002vGRCh38_wm_50md_PBCCS_sniffles_0_91693	0.594.0.236.0.0
HG002vGRCh38_wm_50md_PBCCS_sniffles_0_91701	0.594.0.243.0.0
HG003vGRCh38_wm_50md_PBCCS_sniffles_0_89649	0.594.0.243.0.0
HG004vGRCh38_wm_50md_PBCCS_sniffles_0_88065	0.594.0.243.0.0
HG003vGRCh38_wm_50md_PBCCS_sniffles_0_89650	0.594.0.244.0.0
HG002vGRCh38_wm_50md_PBCCS_sniffles_0_91706	0.594.0.247.0.0
HG002vGRCh38_wm_50md_PBCCS_sniffles_0_91707	0.594.0.248.0.0
HG004vGRCh38_wm_50md_PBCCS_sniffles_0_88070	0.594.0.248.0.0
HG003vGRCh38_wm_50md_PBCCS_sniffles_0_89653	0.594.0.248.0.0
HG002vGRCh38_wm_50md_PBCCS_sniffles_0_91708	0.594.0.249.0.0
HG004vGRCh38_wm_50md_PBCCS_sniffles_0_88071	0.594.0.249.0.0
HG004vGRCh38_wm_50md_PBCCS_sniffles_0_87531	0.594.0.25.0.0
HG003vGRCh38_wm_50md_PBCCS_sniffles_0_89655	0.594.0.250.0.0
HG003vGRCh38_wm_50md_PBCCS_sniffles_0_89656	0.594.0.251.0.0
HG004vGRCh38_wm_50md_PBCCS_sniffles_0_88072	0.594.0.251.0.0
HG003vGRCh38_wm_50md_PBCCS_sniffles_0_89658	0.594.0.253.0.0
HG003vGRCh38_wm_50md_PBCCS_sniffles_0_89661	0.594.0.256.0.0
HG002vGRCh38_wm_50md_PBCCS_sniffles_0_91716	0.594.0.259.0.0
HG004vGRCh38_wm_50md_PBCCS_sniffles_0_88088	0.594.0.259.0.0
HG002vGRCh38_wm_50md_PBCCS_sniffles_0_91366	0.594.0.26.0.0
HG003vGRCh38_wm_50md_PBCCS_sniffles_0_89316	0.594.0.26.0.0
HG004vGRCh38_wm_50md_PBCCS_sniffles_0_87532	0.594.0.26.0.0
HG004vGRCh38_wm_50md_PBCCS_sniffles_0_88098	0.594.0.261.0.0
HG003vGRCh38_wm_50md_PBCCS_sniffles_0_89670	0.594.0.263.0.0
HG002vGRCh38_wm_50md_PBCCS_sniffles_0_91722	0.594.0.263.0.0
HG002vGRCh38_wm_50md_PBCCS_sniffles_0_91724	0.594.0.265.0.0
HG004vGRCh38_wm_50md_PBCCS_sniffles_0_88101	0.594.0.265.0.0
HG002vGRCh38_wm_50md_PBCCS_sniffles_0_91730	0.594.0.268.0.0
HG004vGRCh38_wm_50md_PBCCS_sniffles_0_88111	0.594.0.268.0.0
HG002vGRCh38_wm_50md_PBCCS_sniffles_0_91371	0.594.0.27.0.0
HG002vGRCh38_wm_50md_PBCCS_sniffles_0_91734	0.594.0.270.0.0
HG002vGRCh38_wm_50md_PBCCS_sniffles_0_91736	0.594.0.271.0.0
HG004vGRCh38_wm_50md_PBCCS_sniffles_0_88115	0.594.0.271.0.0
HG003vGRCh38_wm_50md_PBCCS_sniffles_0_89681	0.594.0.272.0.0
HG002vGRCh38_wm_50md_PBCCS_sniffles_0_91742	0.594.0.274.0.0
HG004vGRCh38_wm_50md_PBCCS_sniffles_0_88124	0.594.0.274.0.0
HG003vGRCh38_wm_50md_PBCCS_sniffles_0_89684	0.594.0.274.0.0
HG003vGRCh38_wm_50md_PBCCS_sniffles_0_89686	0.594.0.276.0.0
HG004vGRCh38_wm_50md_PBCCS_sniffles_0_88125	0.594.0.276.0.0
HG003vGRCh38_wm_50md_PBCCS_sniffles_0_89689	0.594.0.277.0.0
HG002vGRCh38_wm_50md_PBCCS_sniffles_0_91372	0.594.0.28.0.0
HG002vGRCh38_wm_50md_PBCCS_sniffles_0_91748	0.594.0.281.0.0
HG003vGRCh38_wm_50md_PBCCS_sniffles_0_89696	0.594.0.281.0.0
HG004vGRCh38_wm_50md_PBCCS_sniffles_0_88136	0.594.0.281.0.0
HG004vGRCh38_wm_50md_PBCCS_sniffles_0_88137	0.594.0.281.0.0
HG003vGRCh38_wm_50md_PBCCS_sniffles_0_89697	0.594.0.281.0.0
HG002vGRCh38_wm_50md_PBCCS_sniffles_0_91749	0.594.0.281.0.0
HG004vGRCh38_wm_50md_PBCCS_sniffles_0_88139	0.594.0.282.0.0
HG002vGRCh38_wm_50md_PBCCS_sniffles_0_91756	0.594.0.284.0.0
HG003vGRCh38_wm_50md_PBCCS_sniffles_0_89704	0.594.0.284.0.0
HG004vGRCh38_wm_50md_PBCCS_sniffles_0_88148	0.594.0.284.0.0
HG002vGRCh38_wm_50md_PBCCS_sniffles_0_91759	0.594.0.286.1.0.0
HG003vGRCh38_wm_50md_PBCCS_sniffles_0_89706	0.594.0.287.0.0
HG002vGRCh38_wm_50md_PBCCS_sniffles_0_91762	0.594.0.289.0.0
HG002vGRCh38_wm_50md_PBCCS_sniffles_0_91373	0.594.0.29.0.0
HG002vGRCh38_wm_50md_PBCCS_sniffles_0_91763	0.594.0.290.0.0
HG004vGRCh38_wm_50md_PBCCS_sniffles_0_88158	0.594.0.290.0.0
HG004vGRCh38_wm_50md_PBCCS_sniffles_0_88159	0.594.0.291.0.0
HG002vGRCh38_wm_50md_PBCCS_sniffles_0_91766	0.594.0.293.0.0
HG003vGRCh38_wm_50md_PBCCS_sniffles_0_89709	0.594.0.293.0.0
HG002vGRCh38_wm_50md_PBCCS_sniffles_0_91767	0.594.0.293.0.0
HG004vGRCh38_wm_50md_PBCCS_sniffles_0_88161	0.594.0.293.0.0
HG004vGRCh38_wm_50md_PBCCS_sniffles_0_88167	0.594.0.294.0.0
HG002vGRCh38_wm_50md_PBCCS_sniffles_0_91772	0.594.0.296.0.0
HG004vGRCh38_wm_50md_PBCCS_sniffles_0_88169	0.594.0.296.0.0
HG002vGRCh38_wm_50md_PBCCS_sniffles_0_91775	0.594.0.298.0.0
HG004vGRCh38_wm_50md_PBCCS_sniffles_0_88173	0.594.0.298.0.0
HG002vGRCh38_wm_50md_PBCCS_sniffles_0_91340	0.594.0.3.0.0
HG003vGRCh38_wm_50md_PBCCS_sniffles_0_89299	0.594.0.3.0.0
HG004vGRCh38_wm_50md_PBCCS_sniffles_0_87498	0.594.0.3.0.0
HG002vGRCh38_wm_50md_PBCCS_sniffles_0_91777	0.594.0.300.0.0
HG004vGRCh38_wm_50md_PBCCS_sniffles_0_88175	0.594.0.300.0.0
HG004vGRCh38_wm_50md_PBCCS_sniffles_0_88176	0.594.0.301.0.0
HG002vGRCh38_wm_50md_PBCCS_sniffles_0_91778	0.594.0.302.0.0
HG004vGRCh38_wm_50md_PBCCS_sniffles_0_88178	0.594.0.302.0.0
HG004vGRCh38_wm_50md_PBCCS_sniffles_0_88182	0.594.0.303.0.0
HG003vGRCh38_wm_50md_PBCCS_sniffles_0_89723	0.594.0.306.0.0
HG004vGRCh38_wm_50md_PBCCS_sniffles_0_88205	0.594.0.308.0.0
HG003vGRCh38_wm_50md_PBCCS_sniffles_0_89731	0.594.0.310.0.0
HG004vGRCh38_wm_50md_PBCCS_sniffles_0_88210	0.594.0.310.0.0
HG002vGRCh38_wm_50md_PBCCS_sniffles_0_91796	0.594.0.310.0.0
HG002vGRCh38_wm_50md_PBCCS_sniffles_0_91800	0.594.0.312.0.0
HG002vGRCh38_wm_50md_PBCCS_sniffles_0_91801	0.594.0.313.0.0
HG003vGRCh38_wm_50md_PBCCS_sniffles_0_89734	0.594.0.313.0.0
HG004vGRCh38_wm_50md_PBCCS_sniffles_0_88214	0.594.0.313.0.0
HG004vGRCh38_wm_50md_PBCCS_sniffles_0_88218	0.594.0.315.0.0
HG004vGRCh38_wm_50md_PBCCS_sniffles_0_88219	0.594.0.316.0.0
HG004vGRCh38_wm_50md_PBCCS_sniffles_0_88223	0.594.0.317.0.0
HG004vGRCh38_wm_50md_PBCCS_sniffles_0_88226	0.594.0.317.0.0
HG003vGRCh38_wm_50md_PBCCS_sniffles_0_89743	0.594.0.319.0.0
HG004vGRCh38_wm_50md_PBCCS_sniffles_0_87549	0.594.0.32.0.0
HG003vGRCh38_wm_50md_PBCCS_sniffles_0_89744	0.594.0.320.0.0
HG003vGRCh38_wm_50md_PBCCS_sniffles_0_89749	0.594.0.322.0.0
HG003vGRCh38_wm_50md_PBCCS_sniffles_0_89750	0.594.0.323.0.0
HG003vGRCh38_wm_50md_PBCCS_sniffles_0_89751	0.594.0.324.0.0
HG003vGRCh38_wm_50md_PBCCS_sniffles_0_89756	0.594.0.325.0.0
HG003vGRCh38_wm_50md_PBCCS_sniffles_0_89758	0.594.0.326.0.0
HG003vGRCh38_wm_50md_PBCCS_sniffles_0_89762	0.594.0.327.0.0
HG003vGRCh38_wm_50md_PBCCS_sniffles_0_89763	0.594.0.328.0.0
HG003vGRCh38_wm_50md_PBCCS_sniffles_0_89324	0.594.0.33.0.0
HG004vGRCh38_wm_50md_PBCCS_sniffles_0_88245	0.594.0.330.0.0
HG002vGRCh38_wm_50md_PBCCS_sniffles_0_91818	0.594.0.330.0.0
HG002vGRCh38_wm_50md_PBCCS_sniffles_0_91825	0.594.0.333.1.0.0
HG004vGRCh38_wm_50md_PBCCS_sniffles_0_88258	0.594.0.334.0.0
HG004vGRCh38_wm_50md_PBCCS_sniffles_0_88260	0.594.0.336.0.0
HG004vGRCh38_wm_50md_PBCCS_sniffles_0_88263	0.594.0.337.0.0
HG002vGRCh38_wm_50md_PBCCS_sniffles_0_91830	0.594.0.337.0.1
HG004vGRCh38_wm_50md_PBCCS_sniffles_0_88264	0.594.0.338.0.0
HG002vGRCh38_wm_50md_PBCCS_sniffles_0_91831	0.594.0.339.0.0
HG003vGRCh38_wm_50md_PBCCS_sniffles_0_89775	0.594.0.339.0.0
HG004vGRCh38_wm_50md_PBCCS_sniffles_0_87550	0.594.0.34.0.0
HG003vGRCh38_wm_50md_PBCCS_sniffles_0_89777	0.594.0.340.0.0
HG004vGRCh38_wm_50md_PBCCS_sniffles_0_88267	0.594.0.340.0.1
HG002vGRCh38_wm_50md_PBCCS_sniffles_0_91833	0.594.0.341.0.0
HG004vGRCh38_wm_50md_PBCCS_sniffles_0_88268	0.594.0.341.0.0
HG002vGRCh38_wm_50md_PBCCS_sniffles_0_91834	0.594.0.343.0.0
HG004vGRCh38_wm_50md_PBCCS_sniffles_0_88270	0.594.0.344.0.0
HG002vGRCh38_wm_50md_PBCCS_sniffles_0_91839	0.594.0.346.0.0
HG004vGRCh38_wm_50md_PBCCS_sniffles_0_88279	0.594.0.347.0.0
HG002vGRCh38_wm_50md_PBCCS_sniffles_0_91848	0.594.0.350.0.0
HG004vGRCh38_wm_50md_PBCCS_sniffles_0_88291	0.594.0.351.0.0
HG002vGRCh38_wm_50md_PBCCS_sniffles_0_91849	0.594.0.351.0.0
HG004vGRCh38_wm_50md_PBCCS_sniffles_0_88292	0.594.0.352.0.0
HG003vGRCh38_wm_50md_PBCCS_sniffles_0_89788	0.594.0.352.0.0
HG004vGRCh38_wm_50md_PBCCS_sniffles_0_88293	0.594.0.353.0.0
HG002vGRCh38_wm_50md_PBCCS_sniffles_0_91850	0.594.0.353.0.0
HG003vGRCh38_wm_50md_PBCCS_sniffles_0_89789	0.594.0.353.0.0
HG002vGRCh38_wm_50md_PBCCS_sniffles_0_91851	0.594.0.354.0.0
HG003vGRCh38_wm_50md_PBCCS_sniffles_0_89790	0.594.0.354.0.0
HG004vGRCh38_wm_50md_PBCCS_sniffles_0_88294	0.594.0.354.0.0
HG003vGRCh38_wm_50md_PBCCS_sniffles_0_89791	0.594.0.355.0.0
HG002vGRCh38_wm_50md_PBCCS_sniffles_0_91852	0.594.0.356.0.0
HG004vGRCh38_wm_50md_PBCCS_sniffles_0_88295	0.594.0.356.0.0
HG003vGRCh38_wm_50md_PBCCS_sniffles_0_89795	0.594.0.357.0.0
HG003vGRCh38_wm_50md_PBCCS_sniffles_0_89796	0.594.0.358.0.0
HG003vGRCh38_wm_50md_PBCCS_sniffles_0_89798	0.594.0.359.0.0
HG003vGRCh38_wm_50md_PBCCS_sniffles_0_89799	0.594.0.360.0.0
HG004vGRCh38_wm_50md_PBCCS_sniffles_0_88301	0.594.0.361.0.0
HG002vGRCh38_wm_50md_PBCCS_sniffles_0_91857	0.594.0.362.0.0
HG003vGRCh38_wm_50md_PBCCS_sniffles_0_89811	0.594.0.364.0.0
HG004vGRCh38_wm_50md_PBCCS_sniffles_0_88313	0.594.0.364.0.0
HG003vGRCh38_wm_50md_PBCCS_sniffles_0_89816	0.594.0.368.0.0
HG004vGRCh38_wm_50md_PBCCS_sniffles_0_88323	0.594.0.369.0.0
HG002vGRCh38_wm_50md_PBCCS_sniffles_0_91868	0.594.0.369.0.0
HG003vGRCh38_wm_50md_PBCCS_sniffles_0_89819	0.594.0.369.0.0
HG002vGRCh38_wm_50md_PBCCS_sniffles_0_91871	0.594.0.371.0.0
HG004vGRCh38_wm_50md_PBCCS_sniffles_0_88328	0.594.0.371.0.0
HG004vGRCh38_wm_50md_PBCCS_sniffles_0_88337	0.594.0.373.0.0
HG003vGRCh38_wm_50md_PBCCS_sniffles_0_89830	0.594.0.376.0.0
HG004vGRCh38_wm_50md_PBCCS_sniffles_0_88342	0.594.0.378.0.0
HG002vGRCh38_wm_50md_PBCCS_sniffles_0_91879	0.594.0.379.0.0
HG004vGRCh38_wm_50md_PBCCS_sniffles_0_88343	0.594.0.379.0.0
HG004vGRCh38_wm_50md_PBCCS_sniffles_0_87557	0.594.0.38.0.0
HG002vGRCh38_wm_50md_PBCCS_sniffles_0_91881	0.594.0.380.0.0
HG004vGRCh38_wm_50md_PBCCS_sniffles_0_88345	0.594.0.380.0.0
HG002vGRCh38_wm_50md_PBCCS_sniffles_0_91882	0.594.0.381.0.0
HG004vGRCh38_wm_50md_PBCCS_sniffles_0_88346	0.594.0.382.0.0
HG003vGRCh38_wm_50md_PBCCS_sniffles_0_89850	0.594.0.389.0.0
HG004vGRCh38_wm_50md_PBCCS_sniffles_0_87558	0.594.0.39.0.0
HG004vGRCh38_wm_50md_PBCCS_sniffles_0_88379	0.594.0.390.0.0
HG004vGRCh38_wm_50md_PBCCS_sniffles_0_88383	0.594.0.392.0.0
HG002vGRCh38_wm_50md_PBCCS_sniffles_0_91908	0.594.0.393.0.0
HG002vGRCh38_wm_50md_PBCCS_sniffles_0_91909	0.594.0.394.0.0
HG003vGRCh38_wm_50md_PBCCS_sniffles_0_89858	0.594.0.394.0.0
HG003vGRCh38_wm_50md_PBCCS_sniffles_0_89859	0.594.0.395.0.0
HG004vGRCh38_wm_50md_PBCCS_sniffles_0_88385	0.594.0.395.0.0
HG003vGRCh38_wm_50md_PBCCS_sniffles_0_89860	0.594.0.396.0.0
HG003vGRCh38_wm_50md_PBCCS_sniffles_0_89861	0.594.0.397.0.0
HG003vGRCh38_wm_50md_PBCCS_sniffles_0_89862	0.594.0.398.0.0
HG002vGRCh38_wm_50md_PBCCS_sniffles_0_91912	0.594.0.400.1.0.0
HG004vGRCh38_wm_50md_PBCCS_sniffles_0_88388	0.594.0.400.1.0.0
HG002vGRCh38_wm_50md_PBCCS_sniffles_0_91914	0.594.0.400.1.0.0
HG003vGRCh38_wm_50md_PBCCS_sniffles_0_89865	0.594.0.401.0.0
HG003vGRCh38_wm_50md_PBCCS_sniffles_0_89866	0.594.0.402.0.0
HG003vGRCh38_wm_50md_PBCCS_sniffles_0_89867	0.594.0.403.0.0
HG002vGRCh38_wm_50md_PBCCS_sniffles_0_91918	0.594.0.404.0.0
HG004vGRCh38_wm_50md_PBCCS_sniffles_0_88398	0.594.0.404.0.0
HG003vGRCh38_wm_50md_PBCCS_sniffles_0_89870	0.594.0.404.0.0
HG004vGRCh38_wm_50md_PBCCS_sniffles_0_88399	0.594.0.404.0.0
HG002vGRCh38_wm_50md_PBCCS_sniffles_0_91921	0.594.0.405.0.0
HG002vGRCh38_wm_50md_PBCCS_sniffles_0_91922	0.594.0.406.0.0
HG002vGRCh38_wm_50md_PBCCS_sniffles_0_91930	0.594.0.410.0.0
HG004vGRCh38_wm_50md_PBCCS_sniffles_0_88412	0.594.0.410.0.0
HG004vGRCh38_wm_50md_PBCCS_sniffles_0_88413	0.594.0.411.0.0
HG002vGRCh38_wm_50md_PBCCS_sniffles_0_91931	0.594.0.411.0.0
HG002vGRCh38_wm_50md_PBCCS_sniffles_0_91932	0.594.0.412.0.0
HG003vGRCh38_wm_50md_PBCCS_sniffles_0_89876	0.594.0.412.0.0
HG004vGRCh38_wm_50md_PBCCS_sniffles_0_88414	0.594.0.412.0.0
HG004vGRCh38_wm_50md_PBCCS_sniffles_0_88415	0.594.0.413.0.0
HG004vGRCh38_wm_50md_PBCCS_sniffles_0_88417	0.594.0.414.0.0
HG004vGRCh38_wm_50md_PBCCS_sniffles_0_88419	0.594.0.415.1.0.0
HG003vGRCh38_wm_50md_PBCCS_sniffles_0_89879	0.594.0.418.0.0
HG004vGRCh38_wm_50md_PBCCS_sniffles_0_88424	0.594.0.418.0.0
HG002vGRCh38_wm_50md_PBCCS_sniffles_0_91936	0.594.0.419.0.0
HG003vGRCh38_wm_50md_PBCCS_sniffles_0_89882	0.594.0.419.0.0
HG004vGRCh38_wm_50md_PBCCS_sniffles_0_88426	0.594.0.419.0.0
HG004vGRCh38_wm_50md_PBCCS_sniffles_0_87564	0.594.0.42.0.0
HG002vGRCh38_wm_50md_PBCCS_sniffles_0_91939	0.594.0.420.0.0
HG003vGRCh38_wm_50md_PBCCS_sniffles_0_89887	0.594.0.423.0.0
HG004vGRCh38_wm_50md_PBCCS_sniffles_0_88432	0.594.0.424.0.0
HG003vGRCh38_wm_50md_PBCCS_sniffles_0_89888	0.594.0.425.0.0
HG002vGRCh38_wm_50md_PBCCS_sniffles_0_91942	0.594.0.425.0.0
HG004vGRCh38_wm_50md_PBCCS_sniffles_0_88433	0.594.0.425.0.0
HG002vGRCh38_wm_50md_PBCCS_sniffles_0_91954	0.594.0.428.0.0
HG003vGRCh38_wm_50md_PBCCS_sniffles_0_89901	0.594.0.428.0.0
HG004vGRCh38_wm_50md_PBCCS_sniffles_0_88458	0.594.0.428.0.0
HG003vGRCh38_wm_50md_PBCCS_sniffles_0_89905	0.594.0.430.0.0
HG004vGRCh38_wm_50md_PBCCS_sniffles_0_88465	0.594.0.430.0.0
HG004vGRCh38_wm_50md_PBCCS_sniffles_0_88468	0.594.0.431.0.0
HG002vGRCh38_wm_50md_PBCCS_sniffles_0_91962	0.594.0.432.0.0
HG003vGRCh38_wm_50md_PBCCS_sniffles_0_89907	0.594.0.434.0.0
HG004vGRCh38_wm_50md_PBCCS_sniffles_0_88470	0.594.0.434.0.0
HG004vGRCh38_wm_50md_PBCCS_sniffles_0_88474	0.594.0.437.0.0
HG003vGRCh38_wm_50md_PBCCS_sniffles_0_89909	0.594.0.438.0.0
HG004vGRCh38_wm_50md_PBCCS_sniffles_0_88475	0.594.0.438.0.0
HG002vGRCh38_wm_50md_PBCCS_sniffles_0_91966	0.594.0.439.0.0
HG004vGRCh38_wm_50md_PBCCS_sniffles_0_88476	0.594.0.439.0.0
HG002vGRCh38_wm_50md_PBCCS_sniffles_0_91967	0.594.0.440.0.0
HG004vGRCh38_wm_50md_PBCCS_sniffles_0_88477	0.594.0.441.0.0
HG004vGRCh38_wm_50md_PBCCS_sniffles_0_88481	0.594.0.442.0.0
HG003vGRCh38_wm_50md_PBCCS_sniffles_0_89911	0.594.0.443.0.0
HG002vGRCh38_wm_50md_PBCCS_sniffles_0_91969	0.594.0.444.0.0
HG002vGRCh38_wm_50md_PBCCS_sniffles_0_91972	0.594.0.447.0.0
HG003vGRCh38_wm_50md_PBCCS_sniffles_0_89915	0.594.0.448.0.0
HG004vGRCh38_wm_50md_PBCCS_sniffles_0_88487	0.594.0.451.0.0
HG004vGRCh38_wm_50md_PBCCS_sniffles_0_88493	0.594.0.452.0.0
HG003vGRCh38_wm_50md_PBCCS_sniffles_0_89921	0.594.0.453.0.0
HG004vGRCh38_wm_50md_PBCCS_sniffles_0_88495	0.594.0.454.0.0
HG004vGRCh38_wm_50md_PBCCS_sniffles_0_88496	0.594.0.455.0.0
HG004vGRCh38_wm_50md_PBCCS_sniffles_0_88499	0.594.0.457.0.0
HG003vGRCh38_wm_50md_PBCCS_sniffles_0_89924	0.594.0.458.0.0
HG002vGRCh38_wm_50md_PBCCS_sniffles_0_91978	0.594.0.458.0.0
HG004vGRCh38_wm_50md_PBCCS_sniffles_0_88510	0.594.0.460.0.0
HG004vGRCh38_wm_50md_PBCCS_sniffles_0_88516	0.594.0.462.0.0
HG002vGRCh38_wm_50md_PBCCS_sniffles_0_91987	0.594.0.462.0.0
HG004vGRCh38_wm_50md_PBCCS_sniffles_0_88517	0.594.0.463.0.0
HG002vGRCh38_wm_50md_PBCCS_sniffles_0_91990	0.594.0.465.0.0
HG004vGRCh38_wm_50md_PBCCS_sniffles_0_88518	0.594.0.466.0.0
HG002vGRCh38_wm_50md_PBCCS_sniffles_0_91994	0.594.0.468.0.0
HG003vGRCh38_wm_50md_PBCCS_sniffles_0_89931	0.594.0.471.0.0
HG002vGRCh38_wm_50md_PBCCS_sniffles_0_91997	0.594.0.471.0.0
HG003vGRCh38_wm_50md_PBCCS_sniffles_0_89932	0.594.0.472.0.0
HG002vGRCh38_wm_50md_PBCCS_sniffles_0_91998	0.594.0.473.0.0
HG004vGRCh38_wm_50md_PBCCS_sniffles_0_88528	0.594.0.473.0.0
HG002vGRCh38_wm_50md_PBCCS_sniffles_0_91999	0.594.0.474.0.0
HG003vGRCh38_wm_50md_PBCCS_sniffles_0_89935	0.594.0.475.0.0
HG004vGRCh38_wm_50md_PBCCS_sniffles_0_88532	0.594.0.475.0.0
HG003vGRCh38_wm_50md_PBCCS_sniffles_0_89936	0.594.0.476.0.0
HG004vGRCh38_wm_50md_PBCCS_sniffles_0_88534	0.594.0.476.0.0
HG002vGRCh38_wm_50md_PBCCS_sniffles_0_92004	0.594.0.477.0.0
HG004vGRCh38_wm_50md_PBCCS_sniffles_0_87575	0.594.0.48.0.0
HG003vGRCh38_wm_50md_PBCCS_sniffles_0_89943	0.594.0.480.0.0
HG004vGRCh38_wm_50md_PBCCS_sniffles_0_88552	0.594.0.480.0.1
HG002vGRCh38_wm_50md_PBCCS_sniffles_0_92017	0.594.0.483.0.0
HG002vGRCh38_wm_50md_PBCCS_sniffles_0_92018	0.594.0.484.0.0
HG003vGRCh38_wm_50md_PBCCS_sniffles_0_89947	0.594.0.484.0.0
HG004vGRCh38_wm_50md_PBCCS_sniffles_0_88556	0.594.0.484.0.0
HG002vGRCh38_wm_50md_PBCCS_sniffles_0_92019	0.594.0.485.0.0
HG003vGRCh38_wm_50md_PBCCS_sniffles_0_89948	0.594.0.485.0.0
HG004vGRCh38_wm_50md_PBCCS_sniffles_0_88557	0.594.0.485.0.0
HG004vGRCh38_wm_50md_PBCCS_sniffles_0_88558	0.594.0.486.0.0
HG002vGRCh38_wm_50md_PBCCS_sniffles_0_92020	0.594.0.487.0.0
HG002vGRCh38_wm_50md_PBCCS_sniffles_0_92021	0.594.0.488.0.0
HG003vGRCh38_wm_50md_PBCCS_sniffles_0_89949	0.594.0.488.0.0
HG004vGRCh38_wm_50md_PBCCS_sniffles_0_88560	0.594.0.488.0.0
HG004vGRCh38_wm_50md_PBCCS_sniffles_0_87576	0.594.0.49.0.0
HG002vGRCh38_wm_50md_PBCCS_sniffles_0_92026	0.594.0.493.0.0
HG002vGRCh38_wm_50md_PBCCS_sniffles_0_92027	0.594.0.494.0.0
HG004vGRCh38_wm_50md_PBCCS_sniffles_0_88573	0.594.0.494.0.0
HG003vGRCh38_wm_50md_PBCCS_sniffles_0_89963	0.594.0.496.0.0
HG003vGRCh38_wm_50md_PBCCS_sniffles_0_89964	0.594.0.497.0.0
HG004vGRCh38_wm_50md_PBCCS_sniffles_0_88578	0.594.0.497.0.0
HG004vGRCh38_wm_50md_PBCCS_sniffles_0_87507	0.594.0.5.0.0
HG004vGRCh38_wm_50md_PBCCS_sniffles_0_88582	0.594.0.500.0.0
HG004vGRCh38_wm_50md_PBCCS_sniffles_0_88583	0.594.0.500.0.0
HG002vGRCh38_wm_50md_PBCCS_sniffles_0_92033	0.594.0.501.0.0
HG003vGRCh38_wm_50md_PBCCS_sniffles_0_89966	0.594.0.501.0.0
HG004vGRCh38_wm_50md_PBCCS_sniffles_0_88585	0.594.0.501.0.0
HG002vGRCh38_wm_50md_PBCCS_sniffles_0_92035	0.594.0.502.0.0
HG003vGRCh38_wm_50md_PBCCS_sniffles_0_89967	0.594.0.502.0.0
HG004vGRCh38_wm_50md_PBCCS_sniffles_0_88589	0.594.0.502.0.0
HG002vGRCh38_wm_50md_PBCCS_sniffles_0_92036	0.594.0.503.0.0
HG003vGRCh38_wm_50md_PBCCS_sniffles_0_89968	0.594.0.503.0.0
HG004vGRCh38_wm_50md_PBCCS_sniffles_0_88591	0.594.0.503.0.0
HG003vGRCh38_wm_50md_PBCCS_sniffles_0_89969	0.594.0.503.0.0
HG002vGRCh38_wm_50md_PBCCS_sniffles_0_92037	0.594.0.504.0.0
HG004vGRCh38_wm_50md_PBCCS_sniffles_0_88593	0.594.0.505.0.0
HG003vGRCh38_wm_50md_PBCCS_sniffles_0_89348	0.594.0.51.0.0
HG002vGRCh38_wm_50md_PBCCS_sniffles_0_91387	0.594.0.51.0.0
HG004vGRCh38_wm_50md_PBCCS_sniffles_0_88606	0.594.0.512.0.0
HG003vGRCh38_wm_50md_PBCCS_sniffles_0_89983	0.594.0.514.0.0
HG003vGRCh38_wm_50md_PBCCS_sniffles_0_89988	0.594.0.517.0.0
HG002vGRCh38_wm_50md_PBCCS_sniffles_0_92062	0.594.0.520.0.0
HG004vGRCh38_wm_50md_PBCCS_sniffles_0_88634	0.594.0.523.0.0
HG003vGRCh38_wm_50md_PBCCS_sniffles_0_90001	0.594.0.525.0.0
HG004vGRCh38_wm_50md_PBCCS_sniffles_0_88645	0.594.0.527.0.0
HG004vGRCh38_wm_50md_PBCCS_sniffles_0_87586	0.594.0.53.0.0
HG004vGRCh38_wm_50md_PBCCS_sniffles_0_88652	0.594.0.530.1.0.0
HG003vGRCh38_wm_50md_PBCCS_sniffles_0_90010	0.594.0.532.0.0
HG002vGRCh38_wm_50md_PBCCS_sniffles_0_92079	0.594.0.532.0.0
HG002vGRCh38_wm_50md_PBCCS_sniffles_0_92080	0.594.0.533.0.0
HG003vGRCh38_wm_50md_PBCCS_sniffles_0_90011	0.594.0.533.0.0
HG004vGRCh38_wm_50md_PBCCS_sniffles_0_88659	0.594.0.533.0.0
HG002vGRCh38_wm_50md_PBCCS_sniffles_0_92084	0.594.0.536.0.0
HG003vGRCh38_wm_50md_PBCCS_sniffles_0_90015	0.594.0.537.0.0
HG002vGRCh38_wm_50md_PBCCS_sniffles_0_92087	0.594.0.539.0.0.0
HG004vGRCh38_wm_50md_PBCCS_sniffles_0_88668	0.594.0.539.0.0.0
HG003vGRCh38_wm_50md_PBCCS_sniffles_0_90018	0.594.0.539.0.0.0
HG002vGRCh38_wm_50md_PBCCS_sniffles_0_92088	0.594.0.539.1.0.0
HG004vGRCh38_wm_50md_PBCCS_sniffles_0_87587	0.594.0.54.0.0
HG003vGRCh38_wm_50md_PBCCS_sniffles_0_90022	0.594.0.541.0.0
HG003vGRCh38_wm_50md_PBCCS_sniffles_0_90024	0.594.0.543.0.0
HG003vGRCh38_wm_50md_PBCCS_sniffles_0_90025	0.594.0.544.0.0
HG003vGRCh38_wm_50md_PBCCS_sniffles_0_90030	0.594.0.545.0.0
HG003vGRCh38_wm_50md_PBCCS_sniffles_0_90031	0.594.0.546.0.0
HG004vGRCh38_wm_50md_PBCCS_sniffles_0_88680	0.594.0.547.0.0
HG004vGRCh38_wm_50md_PBCCS_sniffles_0_87595	0.594.0.55.0.0
HG002vGRCh38_wm_50md_PBCCS_sniffles_0_92100	0.594.0.550.0.0.0
HG004vGRCh38_wm_50md_PBCCS_sniffles_0_88690	0.594.0.550.0.0.0
HG002vGRCh38_wm_50md_PBCCS_sniffles_0_92101	0.594.0.550.1.0.0
HG003vGRCh38_wm_50md_PBCCS_sniffles_0_90035	0.594.0.550.1.0.0
HG004vGRCh38_wm_50md_PBCCS_sniffles_0_88691	0.594.0.551.0.0
HG004vGRCh38_wm_50md_PBCCS_sniffles_0_88696	0.594.0.553.0.0
HG004vGRCh38_wm_50md_PBCCS_sniffles_0_88705	0.594.0.556.0.0
HG004vGRCh38_wm_50md_PBCCS_sniffles_0_88706	0.594.0.557.0.0
HG002vGRCh38_wm_50md_PBCCS_sniffles_0_92108	0.594.0.558.0.0
HG002vGRCh38_wm_50md_PBCCS_sniffles_0_92111	0.594.0.559.0.0
HG004vGRCh38_wm_50md_PBCCS_sniffles_0_88712	0.594.0.559.0.0
HG004vGRCh38_wm_50md_PBCCS_sniffles_0_87596	0.594.0.56.0.0
HG002vGRCh38_wm_50md_PBCCS_sniffles_0_92116	0.594.0.562.0.0
HG004vGRCh38_wm_50md_PBCCS_sniffles_0_88721	0.594.0.562.0.0
HG002vGRCh38_wm_50md_PBCCS_sniffles_0_92117	0.594.0.563.0.0
HG003vGRCh38_wm_50md_PBCCS_sniffles_0_90050	0.594.0.563.0.0
HG004vGRCh38_wm_50md_PBCCS_sniffles_0_88723	0.594.0.563.0.0
HG004vGRCh38_wm_50md_PBCCS_sniffles_0_88724	0.594.0.564.0.0
HG002vGRCh38_wm_50md_PBCCS_sniffles_0_92118	0.594.0.565.0.0
HG003vGRCh38_wm_50md_PBCCS_sniffles_0_90051	0.594.0.566.0.0
HG002vGRCh38_wm_50md_PBCCS_sniffles_0_92119	0.594.0.567.0.0
HG003vGRCh38_wm_50md_PBCCS_sniffles_0_90052	0.594.0.567.0.0
HG004vGRCh38_wm_50md_PBCCS_sniffles_0_88725	0.594.0.567.0.0
HG003vGRCh38_wm_50md_PBCCS_sniffles_0_90053	0.594.0.568.0.0
HG002vGRCh38_wm_50md_PBCCS_sniffles_0_91396	0.594.0.57.0.0
HG004vGRCh38_wm_50md_PBCCS_sniffles_0_87597	0.594.0.57.0.0
HG004vGRCh38_wm_50md_PBCCS_sniffles_0_88727	0.594.0.571.1.0.0
HG004vGRCh38_wm_50md_PBCCS_sniffles_0_88726	0.594.0.571.1.0.0
HG002vGRCh38_wm_50md_PBCCS_sniffles_0_92120	0.594.0.571.1.0.0
HG004vGRCh38_wm_50md_PBCCS_sniffles_0_88728	0.594.0.571.1.0.0
HG002vGRCh38_wm_50md_PBCCS_sniffles_0_92121	0.594.0.571.1.0.1
HG002vGRCh38_wm_50md_PBCCS_sniffles_0_92123	0.594.0.572.0.0
HG004vGRCh38_wm_50md_PBCCS_sniffles_0_88731	0.594.0.573.0.0
HG002vGRCh38_wm_50md_PBCCS_sniffles_0_92124	0.594.0.573.0.1
HG002vGRCh38_wm_50md_PBCCS_sniffles_0_92125	0.594.0.574.0.0
HG004vGRCh38_wm_50md_PBCCS_sniffles_0_88733	0.594.0.574.0.0
HG004vGRCh38_wm_50md_PBCCS_sniffles_0_88734	0.594.0.575.0.0
HG002vGRCh38_wm_50md_PBCCS_sniffles_0_92128	0.594.0.577.0.0
HG003vGRCh38_wm_50md_PBCCS_sniffles_0_90059	0.594.0.578.0.0
HG002vGRCh38_wm_50md_PBCCS_sniffles_0_92129	0.594.0.579.0.0
HG004vGRCh38_wm_50md_PBCCS_sniffles_0_88737	0.594.0.579.0.0
HG004vGRCh38_wm_50md_PBCCS_sniffles_0_88740	0.594.0.580.0.0
HG003vGRCh38_wm_50md_PBCCS_sniffles_0_90062	0.594.0.580.0.0
HG003vGRCh38_wm_50md_PBCCS_sniffles_0_90063	0.594.0.581.0.0
HG003vGRCh38_wm_50md_PBCCS_sniffles_0_90074	0.594.0.584.0.0
HG004vGRCh38_wm_50md_PBCCS_sniffles_0_88755	0.594.0.585.0.0
HG004vGRCh38_wm_50md_PBCCS_sniffles_0_88754	0.594.0.585.0.0
HG002vGRCh38_wm_50md_PBCCS_sniffles_0_92142	0.594.0.585.0.0
HG002vGRCh38_wm_50md_PBCCS_sniffles_0_92141	0.594.0.585.0.0
HG002vGRCh38_wm_50md_PBCCS_sniffles_0_92144	0.594.0.585.0.0
HG004vGRCh38_wm_50md_PBCCS_sniffles_0_88759	0.594.0.585.0.0
HG004vGRCh38_wm_50md_PBCCS_sniffles_0_88767	0.594.0.589.0.0
HG004vGRCh38_wm_50md_PBCCS_sniffles_0_87599	0.594.0.59.0.0
HG002vGRCh38_wm_50md_PBCCS_sniffles_0_92152	0.594.0.591.0.0
HG003vGRCh38_wm_50md_PBCCS_sniffles_0_90080	0.594.0.591.0.0
HG004vGRCh38_wm_50md_PBCCS_sniffles_0_88769	0.594.0.591.0.0
HG004vGRCh38_wm_50md_PBCCS_sniffles_0_88770	0.594.0.592.0.0
HG002vGRCh38_wm_50md_PBCCS_sniffles_0_92153	0.594.0.592.0.0
HG002vGRCh38_wm_50md_PBCCS_sniffles_0_92154	0.594.0.593.0.0
HG003vGRCh38_wm_50md_PBCCS_sniffles_0_90081	0.594.0.593.0.0
HG002vGRCh38_wm_50md_PBCCS_sniffles_0_92166	0.594.0.594.0.0
HG002vGRCh38_wm_50md_PBCCS_sniffles_0_92169	0.594.0.595.0.0
HG004vGRCh38_wm_50md_PBCCS_sniffles_0_88787	0.594.0.596.0.0
HG004vGRCh38_wm_50md_PBCCS_sniffles_0_88790	0.594.0.599.0.0
HG004vGRCh38_wm_50md_PBCCS_sniffles_0_87509	0.594.0.6.0.0
HG002vGRCh38_wm_50md_PBCCS_sniffles_0_92172	0.594.0.600.0.0
HG004vGRCh38_wm_50md_PBCCS_sniffles_0_88791	0.594.0.601.0.0
HG002vGRCh38_wm_50md_PBCCS_sniffles_0_92184	0.594.0.607.0.0
HG002vGRCh38_wm_50md_PBCCS_sniffles_0_92185	0.594.0.608.0.0
HG004vGRCh38_wm_50md_PBCCS_sniffles_0_88809	0.594.0.608.0.0
HG004vGRCh38_wm_50md_PBCCS_sniffles_0_87605	0.594.0.61.0.0
HG002vGRCh38_wm_50md_PBCCS_sniffles_0_92187	0.594.0.610.0.0
HG003vGRCh38_wm_50md_PBCCS_sniffles_0_90111	0.594.0.610.0.0
HG004vGRCh38_wm_50md_PBCCS_sniffles_0_88812	0.594.0.612.0.0
HG004vGRCh38_wm_50md_PBCCS_sniffles_0_88814	0.594.0.614.0.0
HG002vGRCh38_wm_50md_PBCCS_sniffles_0_92190	0.594.0.615.0.0
HG004vGRCh38_wm_50md_PBCCS_sniffles_0_88816	0.594.0.616.0.0
HG002vGRCh38_wm_50md_PBCCS_sniffles_0_92191	0.594.0.617.0.0
HG004vGRCh38_wm_50md_PBCCS_sniffles_0_88817	0.594.0.617.0.0
HG004vGRCh38_wm_50md_PBCCS_sniffles_0_87606	0.594.0.62.0.0
HG004vGRCh38_wm_50md_PBCCS_sniffles_0_88827	0.594.0.621.0.0
HG003vGRCh38_wm_50md_PBCCS_sniffles_0_90122	0.594.0.622.0.0
HG004vGRCh38_wm_50md_PBCCS_sniffles_0_88828	0.594.0.622.0.0
HG002vGRCh38_wm_50md_PBCCS_sniffles_0_92196	0.594.0.623.0.0
HG004vGRCh38_wm_50md_PBCCS_sniffles_0_88833	0.594.0.623.0.1
HG003vGRCh38_wm_50md_PBCCS_sniffles_0_90126	0.594.0.624.0.0
HG004vGRCh38_wm_50md_PBCCS_sniffles_0_88834	0.594.0.624.0.0
HG002vGRCh38_wm_50md_PBCCS_sniffles_0_92197	0.594.0.624.0.0
HG004vGRCh38_wm_50md_PBCCS_sniffles_0_88835	0.594.0.625.0.0
HG003vGRCh38_wm_50md_PBCCS_sniffles_0_90128	0.594.0.626.0.0
HG004vGRCh38_wm_50md_PBCCS_sniffles_0_88837	0.594.0.626.0.0
HG003vGRCh38_wm_50md_PBCCS_sniffles_0_90133	0.594.0.628.0.0
HG004vGRCh38_wm_50md_PBCCS_sniffles_0_87607	0.594.0.63.0.0
HG002vGRCh38_wm_50md_PBCCS_sniffles_0_91402	0.594.0.63.0.1
HG004vGRCh38_wm_50md_PBCCS_sniffles_0_88845	0.594.0.631.0.0
HG004vGRCh38_wm_50md_PBCCS_sniffles_0_88849	0.594.0.634.0.0
HG003vGRCh38_wm_50md_PBCCS_sniffles_0_90151	0.594.0.634.0.0
HG004vGRCh38_wm_50md_PBCCS_sniffles_0_88856	0.594.0.637.0.0
HG004vGRCh38_wm_50md_PBCCS_sniffles_0_88859	0.594.0.639.0.0
HG002vGRCh38_wm_50md_PBCCS_sniffles_0_91404	0.594.0.64.0.0
HG004vGRCh38_wm_50md_PBCCS_sniffles_0_87609	0.594.0.64.0.0
HG002vGRCh38_wm_50md_PBCCS_sniffles_0_92209	0.594.0.640.0.0
HG003vGRCh38_wm_50md_PBCCS_sniffles_0_90158	0.594.0.640.0.0
HG004vGRCh38_wm_50md_PBCCS_sniffles_0_88860	0.594.0.640.0.0
HG002vGRCh38_wm_50md_PBCCS_sniffles_0_92210	0.594.0.640.0.0
HG004vGRCh38_wm_50md_PBCCS_sniffles_0_88862	0.594.0.640.0.0
HG003vGRCh38_wm_50md_PBCCS_sniffles_0_90160	0.594.0.640.0.0
HG004vGRCh38_wm_50md_PBCCS_sniffles_0_88864	0.594.0.641.0.0
HG003vGRCh38_wm_50md_PBCCS_sniffles_0_90163	0.594.0.643.0.0
HG002vGRCh38_wm_50md_PBCCS_sniffles_0_92213	0.594.0.644.0.0
HG004vGRCh38_wm_50md_PBCCS_sniffles_0_88866	0.594.0.644.0.0
HG003vGRCh38_wm_50md_PBCCS_sniffles_0_90166	0.594.0.645.0.0
HG002vGRCh38_wm_50md_PBCCS_sniffles_0_92220	0.594.0.647.0.0
HG004vGRCh38_wm_50md_PBCCS_sniffles_0_88877	0.594.0.647.0.0
HG004vGRCh38_wm_50md_PBCCS_sniffles_0_88880	0.594.0.648.0.0
HG004vGRCh38_wm_50md_PBCCS_sniffles_0_88883	0.594.0.649.0.0
HG003vGRCh38_wm_50md_PBCCS_sniffles_0_89355	0.594.0.65.0.0
HG002vGRCh38_wm_50md_PBCCS_sniffles_0_92225	0.594.0.651.0.0
HG002vGRCh38_wm_50md_PBCCS_sniffles_0_92227	0.594.0.653.0.0
HG004vGRCh38_wm_50md_PBCCS_sniffles_0_88888	0.594.0.653.0.0
HG002vGRCh38_wm_50md_PBCCS_sniffles_0_92233	0.594.0.658.0.0
HG004vGRCh38_wm_50md_PBCCS_sniffles_0_88897	0.594.0.659.0.0
HG003vGRCh38_wm_50md_PBCCS_sniffles_0_89356	0.594.0.66.0.0
HG002vGRCh38_wm_50md_PBCCS_sniffles_0_92241	0.594.0.661.0.0
HG002vGRCh38_wm_50md_PBCCS_sniffles_0_92243	0.594.0.664.0.0
HG003vGRCh38_wm_50md_PBCCS_sniffles_0_90179	0.594.0.664.0.0
HG004vGRCh38_wm_50md_PBCCS_sniffles_0_88911	0.594.0.664.0.0
HG002vGRCh38_wm_50md_PBCCS_sniffles_0_92246	0.594.0.665.0.0
HG003vGRCh38_wm_50md_PBCCS_sniffles_0_90182	0.594.0.665.0.0
HG004vGRCh38_wm_50md_PBCCS_sniffles_0_88916	0.594.0.665.0.0
HG004vGRCh38_wm_50md_PBCCS_sniffles_0_88921	0.594.0.667.0.0
HG002vGRCh38_wm_50md_PBCCS_sniffles_0_92251	0.594.0.668.0.0
HG002vGRCh38_wm_50md_PBCCS_sniffles_0_92253	0.594.0.669.0.0
HG003vGRCh38_wm_50md_PBCCS_sniffles_0_89357	0.594.0.67.0.0
HG004vGRCh38_wm_50md_PBCCS_sniffles_0_88927	0.594.0.672.0.0
HG004vGRCh38_wm_50md_PBCCS_sniffles_0_88928	0.594.0.673.0.0
HG002vGRCh38_wm_50md_PBCCS_sniffles_0_92257	0.594.0.674.0.0
HG004vGRCh38_wm_50md_PBCCS_sniffles_0_88932	0.594.0.675.0.0
HG003vGRCh38_wm_50md_PBCCS_sniffles_0_90194	0.594.0.677.0.0
HG003vGRCh38_wm_50md_PBCCS_sniffles_0_90199	0.594.0.679.0.0
HG002vGRCh38_wm_50md_PBCCS_sniffles_0_92267	0.594.0.682.0.0
HG003vGRCh38_wm_50md_PBCCS_sniffles_0_90209	0.594.0.684.0.0
HG003vGRCh38_wm_50md_PBCCS_sniffles_0_90210	0.594.0.685.0.0
HG004vGRCh38_wm_50md_PBCCS_sniffles_0_88945	0.594.0.686.0.0
HG002vGRCh38_wm_50md_PBCCS_sniffles_0_92270	0.594.0.687.0.0
HG003vGRCh38_wm_50md_PBCCS_sniffles_0_90211	0.594.0.687.0.0
HG004vGRCh38_wm_50md_PBCCS_sniffles_0_88946	0.594.0.687.0.1
HG002vGRCh38_wm_50md_PBCCS_sniffles_0_92272	0.594.0.689.0.0
HG004vGRCh38_wm_50md_PBCCS_sniffles_0_88949	0.594.0.689.0.0
HG003vGRCh38_wm_50md_PBCCS_sniffles_0_89358	0.594.0.69.0.0
HG004vGRCh38_wm_50md_PBCCS_sniffles_0_88950	0.594.0.690.0.0
HG004vGRCh38_wm_50md_PBCCS_sniffles_0_88952	0.594.0.692.0.0
HG004vGRCh38_wm_50md_PBCCS_sniffles_0_88953	0.594.0.693.0.0
HG004vGRCh38_wm_50md_PBCCS_sniffles_0_88956	0.594.0.695.0.0
HG002vGRCh38_wm_50md_PBCCS_sniffles_0_92277	0.594.0.697.0.0
HG002vGRCh38_wm_50md_PBCCS_sniffles_0_92279	0.594.0.699.0.0
HG004vGRCh38_wm_50md_PBCCS_sniffles_0_88960	0.594.0.699.0.0
HG003vGRCh38_wm_50md_PBCCS_sniffles_0_89307	0.594.0.7.0.0
HG003vGRCh38_wm_50md_PBCCS_sniffles_0_90215	0.594.0.701.0.0
HG004vGRCh38_wm_50md_PBCCS_sniffles_0_88965	0.594.0.703.0.0
HG002vGRCh38_wm_50md_PBCCS_sniffles_0_92284	0.594.0.704.0.0
HG002vGRCh38_wm_50md_PBCCS_sniffles_0_92289	0.594.0.705.0.0
HG004vGRCh38_wm_50md_PBCCS_sniffles_0_88973	0.594.0.706.0.0
HG004vGRCh38_wm_50md_PBCCS_sniffles_0_88975	0.594.0.708.0.0
HG004vGRCh38_wm_50md_PBCCS_sniffles_0_88978	0.594.0.710.0.0
HG002vGRCh38_wm_50md_PBCCS_sniffles_0_92293	0.594.0.712.0.0
HG002vGRCh38_wm_50md_PBCCS_sniffles_0_92294	0.594.0.713.0.0
HG003vGRCh38_wm_50md_PBCCS_sniffles_0_90222	0.594.0.714.0.0
HG004vGRCh38_wm_50md_PBCCS_sniffles_0_88987	0.594.0.718.0.0
HG004vGRCh38_wm_50md_PBCCS_sniffles_0_87613	0.594.0.72.0.0
HG004vGRCh38_wm_50md_PBCCS_sniffles_0_88990	0.594.0.720.0.0
HG003vGRCh38_wm_50md_PBCCS_sniffles_0_90229	0.594.0.721.0.0
HG002vGRCh38_wm_50md_PBCCS_sniffles_0_92307	0.594.0.723.0.0
HG004vGRCh38_wm_50md_PBCCS_sniffles_0_88994	0.594.0.723.0.0
HG004vGRCh38_wm_50md_PBCCS_sniffles_0_88996	0.594.0.725.0.0
HG004vGRCh38_wm_50md_PBCCS_sniffles_0_88997	0.594.0.726.0.0
HG004vGRCh38_wm_50md_PBCCS_sniffles_0_88998	0.594.0.727.0.0
HG004vGRCh38_wm_50md_PBCCS_sniffles_0_89007	0.594.0.729.0.0
HG002vGRCh38_wm_50md_PBCCS_sniffles_0_92327	0.594.0.733.0.0
HG004vGRCh38_wm_50md_PBCCS_sniffles_0_89026	0.594.0.734.0.0
HG002vGRCh38_wm_50md_PBCCS_sniffles_0_92330	0.594.0.736.0.0
HG004vGRCh38_wm_50md_PBCCS_sniffles_0_89029	0.594.0.736.0.0
HG004vGRCh38_wm_50md_PBCCS_sniffles_0_89053	0.594.0.743.0.0
HG002vGRCh38_wm_50md_PBCCS_sniffles_0_92341	0.594.0.744.0.0
HG004vGRCh38_wm_50md_PBCCS_sniffles_0_89057	0.594.0.745.0.0
HG004vGRCh38_wm_50md_PBCCS_sniffles_0_89059	0.594.0.746.0.0
HG002vGRCh38_wm_50md_PBCCS_sniffles_0_92345	0.594.0.748.0.0
HG004vGRCh38_wm_50md_PBCCS_sniffles_0_89066	0.594.0.748.0.1
HG002vGRCh38_wm_50md_PBCCS_sniffles_0_91412	0.594.0.75.0.0
HG003vGRCh38_wm_50md_PBCCS_sniffles_0_89366	0.594.0.75.0.0
HG004vGRCh38_wm_50md_PBCCS_sniffles_0_87624	0.594.0.75.0.0
HG004vGRCh38_wm_50md_PBCCS_sniffles_0_89069	0.594.0.750.0.0
HG004vGRCh38_wm_50md_PBCCS_sniffles_0_89076	0.594.0.754.0.0
HG002vGRCh38_wm_50md_PBCCS_sniffles_0_92357	0.594.0.755.0.0
HG004vGRCh38_wm_50md_PBCCS_sniffles_0_89085	0.594.0.757.0.0
HG003vGRCh38_wm_50md_PBCCS_sniffles_0_90266	0.594.0.759.0.0
HG004vGRCh38_wm_50md_PBCCS_sniffles_0_87625	0.594.0.76.0.0
HG004vGRCh38_wm_50md_PBCCS_sniffles_0_89087	0.594.0.760.0.0
HG003vGRCh38_wm_50md_PBCCS_sniffles_0_90267	0.594.0.760.0.1
HG004vGRCh38_wm_50md_PBCCS_sniffles_0_89088	0.594.0.761.0.0
HG004vGRCh38_wm_50md_PBCCS_sniffles_0_89089	0.594.0.762.0.0
HG002vGRCh38_wm_50md_PBCCS_sniffles_0_92361	0.594.0.762.0.1
HG003vGRCh38_wm_50md_PBCCS_sniffles_0_90273	0.594.0.764.0.0
HG004vGRCh38_wm_50md_PBCCS_sniffles_0_89096	0.594.0.765.0.0
HG002vGRCh38_wm_50md_PBCCS_sniffles_0_92366	0.594.0.766.0.0
HG003vGRCh38_wm_50md_PBCCS_sniffles_0_90276	0.594.0.766.0.0
HG004vGRCh38_wm_50md_PBCCS_sniffles_0_89097	0.594.0.766.0.0
HG002vGRCh38_wm_50md_PBCCS_sniffles_0_92367	0.594.0.767.0.0
HG004vGRCh38_wm_50md_PBCCS_sniffles_0_89098	0.594.0.768.0.0
HG002vGRCh38_wm_50md_PBCCS_sniffles_0_92368	0.594.0.769.0.0
HG002vGRCh38_wm_50md_PBCCS_sniffles_0_91413	0.594.0.77.0.0
HG004vGRCh38_wm_50md_PBCCS_sniffles_0_89101	0.594.0.770.0.0
HG002vGRCh38_wm_50md_PBCCS_sniffles_0_92374	0.594.0.773.0.0
HG004vGRCh38_wm_50md_PBCCS_sniffles_0_89109	0.594.0.773.0.0
HG004vGRCh38_wm_50md_PBCCS_sniffles_0_89113	0.594.0.774.0.0
HG003vGRCh38_wm_50md_PBCCS_sniffles_0_90283	0.594.0.775.0.0
HG004vGRCh38_wm_50md_PBCCS_sniffles_0_89117	0.594.0.775.0.0
HG004vGRCh38_wm_50md_PBCCS_sniffles_0_89118	0.594.0.776.0.0
HG004vGRCh38_wm_50md_PBCCS_sniffles_0_89119	0.594.0.777.0.0
HG003vGRCh38_wm_50md_PBCCS_sniffles_0_90284	0.594.0.778.0.0
HG003vGRCh38_wm_50md_PBCCS_sniffles_0_90285	0.594.0.779.0.0
HG004vGRCh38_wm_50md_PBCCS_sniffles_0_89125	0.594.0.781.0.0
HG002vGRCh38_wm_50md_PBCCS_sniffles_0_92382	0.594.0.782.0.0
HG003vGRCh38_wm_50md_PBCCS_sniffles_0_90290	0.594.0.782.0.0
HG004vGRCh38_wm_50md_PBCCS_sniffles_0_89128	0.594.0.783.0.0
HG002vGRCh38_wm_50md_PBCCS_sniffles_0_92385	0.594.0.785.0.0
HG003vGRCh38_wm_50md_PBCCS_sniffles_0_90291	0.594.0.785.0.0
HG004vGRCh38_wm_50md_PBCCS_sniffles_0_89131	0.594.0.785.0.0
HG004vGRCh38_wm_50md_PBCCS_sniffles_0_89139	0.594.0.788.0.0
HG004vGRCh38_wm_50md_PBCCS_sniffles_0_89140	0.594.0.789.0.0
HG004vGRCh38_wm_50md_PBCCS_sniffles_0_87631	0.594.0.79.0.0
HG003vGRCh38_wm_50md_PBCCS_sniffles_0_90307	0.594.0.794.0.0
HG004vGRCh38_wm_50md_PBCCS_sniffles_0_89155	0.594.0.796.0.0
HG002vGRCh38_wm_50md_PBCCS_sniffles_0_92404	0.594.0.798.0.0
HG004vGRCh38_wm_50md_PBCCS_sniffles_0_89157	0.594.0.798.0.0
HG003vGRCh38_wm_50md_PBCCS_sniffles_0_90310	0.594.0.799.0.0
HG003vGRCh38_wm_50md_PBCCS_sniffles_0_90311	0.594.0.800.0.0
HG003vGRCh38_wm_50md_PBCCS_sniffles_0_90314	0.594.0.801.0.0
HG003vGRCh38_wm_50md_PBCCS_sniffles_0_90315	0.594.0.802.0.0
HG004vGRCh38_wm_50md_PBCCS_sniffles_0_89160	0.594.0.802.0.0
HG002vGRCh38_wm_50md_PBCCS_sniffles_0_92408	0.594.0.803.0.0
HG003vGRCh38_wm_50md_PBCCS_sniffles_0_90317	0.594.0.804.0.0
HG002vGRCh38_wm_50md_PBCCS_sniffles_0_92409	0.594.0.805.0.0
HG004vGRCh38_wm_50md_PBCCS_sniffles_0_89162	0.594.0.806.0.0
HG002vGRCh38_wm_50md_PBCCS_sniffles_0_92410	0.594.0.806.0.0
HG003vGRCh38_wm_50md_PBCCS_sniffles_0_90319	0.594.0.806.0.0
HG004vGRCh38_wm_50md_PBCCS_sniffles_0_89163	0.594.0.807.0.0
HG003vGRCh38_wm_50md_PBCCS_sniffles_0_90321	0.594.0.809.0.0
HG004vGRCh38_wm_50md_PBCCS_sniffles_0_89165	0.594.0.809.0.0
HG003vGRCh38_wm_50md_PBCCS_sniffles_0_90322	0.594.0.810.0.0
HG002vGRCh38_wm_50md_PBCCS_sniffles_0_92411	0.594.0.811.0.0
HG003vGRCh38_wm_50md_PBCCS_sniffles_0_90323	0.594.0.811.0.0
HG004vGRCh38_wm_50md_PBCCS_sniffles_0_89166	0.594.0.811.0.0
HG004vGRCh38_wm_50md_PBCCS_sniffles_0_89168	0.594.0.812.0.0
HG003vGRCh38_wm_50md_PBCCS_sniffles_0_90325	0.594.0.813.0.0
HG004vGRCh38_wm_50md_PBCCS_sniffles_0_89169	0.594.0.813.0.0
HG004vGRCh38_wm_50md_PBCCS_sniffles_0_89172	0.594.0.815.0.0.0.0
HG002vGRCh38_wm_50md_PBCCS_sniffles_0_92415	0.594.0.815.1.0.0
HG003vGRCh38_wm_50md_PBCCS_sniffles_0_89372	0.594.0.82.0.0
HG004vGRCh38_wm_50md_PBCCS_sniffles_0_87634	0.594.0.82.0.0
HG003vGRCh38_wm_50md_PBCCS_sniffles_0_89373	0.594.0.83.0.0
HG002vGRCh38_wm_50md_PBCCS_sniffles_0_91420	0.594.0.84.0.0
HG003vGRCh38_wm_50md_PBCCS_sniffles_0_89374	0.594.0.84.0.0
HG002vGRCh38_wm_50md_PBCCS_sniffles_0_91421	0.594.0.85.0.0
HG003vGRCh38_wm_50md_PBCCS_sniffles_0_89375	0.594.0.85.0.0
HG004vGRCh38_wm_50md_PBCCS_sniffles_0_87636	0.594.0.85.0.0
HG002vGRCh38_wm_50md_PBCCS_sniffles_0_91424	0.594.0.87.0.0
HG003vGRCh38_wm_50md_PBCCS_sniffles_0_89378	0.594.0.87.0.0
HG004vGRCh38_wm_50md_PBCCS_sniffles_0_87640	0.594.0.88.0.0
HG004vGRCh38_wm_50md_PBCCS_sniffles_0_87641	0.594.0.89.0.0
HG002vGRCh38_wm_50md_PBCCS_sniffles_0_91426	0.594.0.91.0.0
HG003vGRCh38_wm_50md_PBCCS_sniffles_0_89380	0.594.0.91.0.0
HG002vGRCh38_wm_50md_PBCCS_sniffles_0_91427	0.594.0.92.0.0
HG003vGRCh38_wm_50md_PBCCS_sniffles_0_89381	0.594.0.92.0.0
HG004vGRCh38_wm_50md_PBCCS_sniffles_0_87643	0.594.0.92.0.0
HG004vGRCh38_wm_50md_PBCCS_sniffles_0_87644	0.594.0.93.0.0
HG004vGRCh38_wm_50md_PBCCS_sniffles_0_87646	0.594.0.95.0.0
HG003vGRCh38_wm_50md_PBCCS_sniffles_0_89383	0.594.0.96.0.0
HG004vGRCh38_wm_50md_PBCCS_sniffles_0_87647	0.594.0.96.0.0
HG002vGRCh38_wm_50md_PBCCS_sniffles_0_91429	0.594.0.98.0.0
HG004vGRCh38_wm_50md_PBCCS_sniffles_0_87649	0.594.0.99.0.0
HG004vGRCh38_wm_50md_PBCCS_sniffles_0_87639	0.594.1.0.0.0
HG004vGRCh38_wm_50md_PBCCS_sniffles_0_88738	0.594.1.1.0.0
HG002vGRCh38_wm_50md_PBCCS_sniffles_0_92159	0.594.1.2.0.0
HG003vGRCh38_wm_50md_PBCCS_sniffles_0_90085	0.594.1.2.0.0
HG004vGRCh38_wm_50md_PBCCS_sniffles_0_88776	0.594.1.2.0.0
HG004vGRCh38_wm_50md_PBCCS_sniffles_0_88783	0.594.1.2.0.0
HG002vGRCh38_wm_50md_PBCCS_sniffles_0_92222	0.594.1.3.0.0
HG004vGRCh38_wm_50md_PBCCS_sniffles_0_88881	0.594.1.3.0.0
HG003vGRCh38_wm_50md_PBCCS_sniffles_0_89426	0.594.3.0.0
HG004vGRCh38_wm_50md_PBCCS_sniffles_0_87490	0.594.4.0.0.0
HG004vGRCh38_wm_50md_PBCCS_sniffles_0_87492	0.594.4.0.0.0
HG003vGRCh38_wm_50md_PBCCS_sniffles_0_89294	0.594.4.0.0.0
HG003vGRCh38_wm_50md_PBCCS_sniffles_0_90083	0.594.4.1.0.0
HG004vGRCh38_wm_50md_PBCCS_sniffles_0_87756	0.594.5.0.0
HG002vGRCh38_wm_50md_PBCCS_sniffles_0_91503	0.594.5.0.0
HG004vGRCh38_wm_50md_PBCCS_sniffles_0_87757	0.594.5.0.0
HG004vGRCh38_wm_50md_PBCCS_sniffles_0_88310	0.594.5.0.0
HG004vGRCh38_wm_50md_PBCCS_sniffles_0_88276	0.594.5.0.1
HG003vGRCh38_wm_50md_PBCCS_sniffles_0_89805	0.594.5.0.1
HG004vGRCh38_wm_50md_PBCCS_sniffles_0_88307	0.594.5.0.1
HG004vGRCh38_wm_50md_PBCCS_sniffles_0_88311	0.594.5.0.1
HG004vGRCh38_wm_50md_PBCCS_sniffles_0_89180	0.596.0.0
HG004vGRCh38_wm_50md_PBCCS_sniffles_0_89181	0.597.0.0
HG002vGRCh38_wm_50md_PBCCS_sniffles_0_92423	0.597.0.0
HG003vGRCh38_wm_50md_PBCCS_sniffles_0_88505	0.60.0.0
HG002vGRCh38_wm_50md_PBCCS_sniffles_0_92430	0.600.0.0
HG004vGRCh38_wm_50md_PBCCS_sniffles_0_89194	0.602.0.0
HG002vGRCh38_wm_50md_PBCCS_sniffles_0_92432	0.603.0.0
HG003vGRCh38_wm_50md_PBCCS_sniffles_0_90341	0.604.0.0
HG002vGRCh38_wm_50md_PBCCS_sniffles_0_92435	0.609.0.0.0
HG004vGRCh38_wm_50md_PBCCS_sniffles_0_89201	0.609.0.0.0
HG004vGRCh38_wm_50md_PBCCS_sniffles_0_89200	0.609.1.0.0
HG004vGRCh38_wm_50md_PBCCS_sniffles_0_86494	0.61.0.0
HG002vGRCh38_wm_50md_PBCCS_sniffles_0_92436	0.610.0.0
HG004vGRCh38_wm_50md_PBCCS_sniffles_0_89202	0.610.0.0
HG003vGRCh38_wm_50md_PBCCS_sniffles_0_90346	0.612.0.0
HG004vGRCh38_wm_50md_PBCCS_sniffles_0_89204	0.612.0.0
HG002vGRCh38_wm_50md_PBCCS_sniffles_0_92438	0.613.0.0
HG003vGRCh38_wm_50md_PBCCS_sniffles_0_90347	0.613.0.0
HG004vGRCh38_wm_50md_PBCCS_sniffles_0_89208	0.615.0.0
HG002vGRCh38_wm_50md_PBCCS_sniffles_0_92440	0.616.0.0
HG004vGRCh38_wm_50md_PBCCS_sniffles_0_89209	0.617.0.0
HG003vGRCh38_wm_50md_PBCCS_sniffles_0_90349	0.617.0.1
HG003vGRCh38_wm_50md_PBCCS_sniffles_0_90352	0.619.0.0
HG004vGRCh38_wm_50md_PBCCS_sniffles_0_89229	0.623.0.0
HG004vGRCh38_wm_50md_PBCCS_sniffles_0_89233	0.624.0.0
HG002vGRCh38_wm_50md_PBCCS_sniffles_0_92455	0.624.0.0
HG002vGRCh38_wm_50md_PBCCS_sniffles_0_92456	0.625.0.0
HG002vGRCh38_wm_50md_PBCCS_sniffles_0_92457	0.626.0.0
HG004vGRCh38_wm_50md_PBCCS_sniffles_0_89234	0.626.0.0
HG004vGRCh38_wm_50md_PBCCS_sniffles_0_89235	0.627.0.0
HG004vGRCh38_wm_50md_PBCCS_sniffles_0_89236	0.628.0.0
HG002vGRCh38_wm_50md_PBCCS_sniffles_0_92458	0.628.0.0
HG002vGRCh38_wm_50md_PBCCS_sniffles_0_92461	0.630.0.0
HG002vGRCh38_wm_50md_PBCCS_sniffles_0_92462	0.631.0.0
HG004vGRCh38_wm_50md_PBCCS_sniffles_0_89239	0.631.0.0
HG004vGRCh38_wm_50md_PBCCS_sniffles_0_89244	0.634.0.0
HG004vGRCh38_wm_50md_PBCCS_sniffles_0_89250	0.636.0.0
HG002vGRCh38_wm_50md_PBCCS_sniffles_0_92469	0.638.0.0
HG004vGRCh38_wm_50md_PBCCS_sniffles_0_89254	0.638.0.0
HG003vGRCh38_wm_50md_PBCCS_sniffles_0_88509	0.64.0.0
HG002vGRCh38_wm_50md_PBCCS_sniffles_0_92472	0.640.0.0
HG002vGRCh38_wm_50md_PBCCS_sniffles_0_92473	0.641.0.0
HG002vGRCh38_wm_50md_PBCCS_sniffles_0_92474	0.642.0.0
HG004vGRCh38_wm_50md_PBCCS_sniffles_0_89258	0.642.0.0
HG004vGRCh38_wm_50md_PBCCS_sniffles_0_89270	0.643.0.1.0.0
HG003vGRCh38_wm_50md_PBCCS_sniffles_0_90374	0.643.0.1.0.0
HG004vGRCh38_wm_50md_PBCCS_sniffles_0_89271	0.643.0.1.0.0
HG004vGRCh38_wm_50md_PBCCS_sniffles_0_89263	0.643.1.0.0
HG002vGRCh38_wm_50md_PBCCS_sniffles_0_92479	0.643.1.0.0
HG003vGRCh38_wm_50md_PBCCS_sniffles_0_90373	0.643.1.0.0
HG004vGRCh38_wm_50md_PBCCS_sniffles_0_89268	0.643.1.0.0
HG004vGRCh38_wm_50md_PBCCS_sniffles_0_89269	0.643.1.0.0
HG002vGRCh38_wm_50md_PBCCS_sniffles_0_92482	0.644.0.0
HG004vGRCh38_wm_50md_PBCCS_sniffles_0_89276	0.644.0.0
HG002vGRCh38_wm_50md_PBCCS_sniffles_0_92483	0.645.0.0
HG003vGRCh38_wm_50md_PBCCS_sniffles_0_90380	0.647.0.0
HG002vGRCh38_wm_50md_PBCCS_sniffles_0_92485	0.647.0.0
HG004vGRCh38_wm_50md_PBCCS_sniffles_0_89280	0.647.0.0
HG003vGRCh38_wm_50md_PBCCS_sniffles_0_90381	0.649.0.0
HG002vGRCh38_wm_50md_PBCCS_sniffles_0_90553	0.65.0.0.0.0
HG003vGRCh38_wm_50md_PBCCS_sniffles_0_88510	0.65.0.0.0.0
HG004vGRCh38_wm_50md_PBCCS_sniffles_0_86498	0.65.0.0.0.0
HG004vGRCh38_wm_50md_PBCCS_sniffles_0_86499	0.65.1.0.0
HG003vGRCh38_wm_50md_PBCCS_sniffles_0_90385	0.652.0.0
HG004vGRCh38_wm_50md_PBCCS_sniffles_0_89284	0.652.0.0
HG004vGRCh38_wm_50md_PBCCS_sniffles_0_89285	0.653.0.0
HG002vGRCh38_wm_50md_PBCCS_sniffles_0_92488	0.655.0.0
HG004vGRCh38_wm_50md_PBCCS_sniffles_0_89289	0.657.0.0
HG002vGRCh38_wm_50md_PBCCS_sniffles_0_92490	0.658.0.0
HG004vGRCh38_wm_50md_PBCCS_sniffles_0_89291	0.660.0.0
HG004vGRCh38_wm_50md_PBCCS_sniffles_0_89292	0.662.0.0
HG003vGRCh38_wm_50md_PBCCS_sniffles_0_90390	0.663.0.0
HG004vGRCh38_wm_50md_PBCCS_sniffles_0_89293	0.663.0.0
HG002vGRCh38_wm_50md_PBCCS_sniffles_0_92494	0.665.0.0
HG003vGRCh38_wm_50md_PBCCS_sniffles_0_90392	0.665.0.0
HG004vGRCh38_wm_50md_PBCCS_sniffles_0_89296	0.665.0.0
HG003vGRCh38_wm_50md_PBCCS_sniffles_0_90394	0.667.0.0
HG002vGRCh38_wm_50md_PBCCS_sniffles_0_90556	0.67.0.0.0
HG004vGRCh38_wm_50md_PBCCS_sniffles_0_86502	0.67.0.0.0
HG004vGRCh38_wm_50md_PBCCS_sniffles_0_86501	0.67.1.0.0
HG004vGRCh38_wm_50md_PBCCS_sniffles_0_89307	0.670.0.0
HG004vGRCh38_wm_50md_PBCCS_sniffles_0_89310	0.672.0.0
HG003vGRCh38_wm_50md_PBCCS_sniffles_0_90402	0.673.0.0
HG004vGRCh38_wm_50md_PBCCS_sniffles_0_89315	0.673.0.1
HG002vGRCh38_wm_50md_PBCCS_sniffles_0_92506	0.673.0.1
HG004vGRCh38_wm_50md_PBCCS_sniffles_0_89320	0.674.0.0
HG002vGRCh38_wm_50md_PBCCS_sniffles_0_92510	0.674.0.1
HG002vGRCh38_wm_50md_PBCCS_sniffles_0_92513	0.676.0.0
HG004vGRCh38_wm_50md_PBCCS_sniffles_0_89323	0.676.0.0
HG004vGRCh38_wm_50md_PBCCS_sniffles_0_89325	0.677.0.0
HG002vGRCh38_wm_50md_PBCCS_sniffles_0_92516	0.678.0.0
HG004vGRCh38_wm_50md_PBCCS_sniffles_0_89326	0.678.0.0
HG004vGRCh38_wm_50md_PBCCS_sniffles_0_89333	0.679.0.0
HG002vGRCh38_wm_50md_PBCCS_sniffles_0_92521	0.680.0.0
HG004vGRCh38_wm_50md_PBCCS_sniffles_0_89338	0.681.0.0
HG002vGRCh38_wm_50md_PBCCS_sniffles_0_92523	0.682.0.0
HG002vGRCh38_wm_50md_PBCCS_sniffles_0_92524	0.683.0.0
HG004vGRCh38_wm_50md_PBCCS_sniffles_0_89340	0.683.0.0
HG002vGRCh38_wm_50md_PBCCS_sniffles_0_92525	0.684.0.0
HG004vGRCh38_wm_50md_PBCCS_sniffles_0_89341	0.684.0.0
HG002vGRCh38_wm_50md_PBCCS_sniffles_0_92526	0.685.0.0
HG004vGRCh38_wm_50md_PBCCS_sniffles_0_89342	0.686.0.0
HG002vGRCh38_wm_50md_PBCCS_sniffles_0_92527	0.687.0.0
HG002vGRCh38_wm_50md_PBCCS_sniffles_0_92528	0.688.0.0
HG004vGRCh38_wm_50md_PBCCS_sniffles_0_89343	0.688.0.0
HG004vGRCh38_wm_50md_PBCCS_sniffles_0_89359	0.691.0.0
HG002vGRCh38_wm_50md_PBCCS_sniffles_0_92536	0.692.0.0
HG003vGRCh38_wm_50md_PBCCS_sniffles_0_90416	0.692.0.0
HG004vGRCh38_wm_50md_PBCCS_sniffles_0_89360	0.692.0.0
HG003vGRCh38_wm_50md_PBCCS_sniffles_0_90417	0.693.0.0
HG003vGRCh38_wm_50md_PBCCS_sniffles_0_90421	0.694.1.0.0
HG003vGRCh38_wm_50md_PBCCS_sniffles_0_90425	0.695.0.0
HG003vGRCh38_wm_50md_PBCCS_sniffles_0_90431	0.697.0.0
HG002vGRCh38_wm_50md_PBCCS_sniffles_0_92538	0.699.0.0
HG003vGRCh38_wm_50md_PBCCS_sniffles_0_90434	0.699.0.0
HG004vGRCh38_wm_50md_PBCCS_sniffles_0_89363	0.699.0.0
HG002vGRCh38_wm_50md_PBCCS_sniffles_0_90568	0.70.0.0
HG004vGRCh38_wm_50md_PBCCS_sniffles_0_89364	0.700.0.0
HG003vGRCh38_wm_50md_PBCCS_sniffles_0_90436	0.704.0.0
HG003vGRCh38_wm_50md_PBCCS_sniffles_0_90441	0.709.0.0
HG003vGRCh38_wm_50md_PBCCS_sniffles_0_90443	0.711.0.0
HG002vGRCh38_wm_50md_PBCCS_sniffles_0_92545	0.713.0.0
HG004vGRCh38_wm_50md_PBCCS_sniffles_0_89381	0.715.0.0
HG003vGRCh38_wm_50md_PBCCS_sniffles_0_90451	0.716.0.0
HG004vGRCh38_wm_50md_PBCCS_sniffles_0_89384	0.716.0.0
HG002vGRCh38_wm_50md_PBCCS_sniffles_0_92551	0.718.0.0
HG003vGRCh38_wm_50md_PBCCS_sniffles_0_90455	0.718.0.0
HG004vGRCh38_wm_50md_PBCCS_sniffles_0_89389	0.718.0.0
HG002vGRCh38_wm_50md_PBCCS_sniffles_0_92552	0.719.0.0
HG003vGRCh38_wm_50md_PBCCS_sniffles_0_90456	0.719.0.0
HG004vGRCh38_wm_50md_PBCCS_sniffles_0_89390	0.719.0.0
HG002vGRCh38_wm_50md_PBCCS_sniffles_0_92553	0.720.0.0
HG004vGRCh38_wm_50md_PBCCS_sniffles_0_89391	0.721.0.0
HG003vGRCh38_wm_50md_PBCCS_sniffles_0_90461	0.724.0.0
HG004vGRCh38_wm_50md_PBCCS_sniffles_0_89403	0.726.0.0
HG002vGRCh38_wm_50md_PBCCS_sniffles_0_92561	0.726.0.1
HG003vGRCh38_wm_50md_PBCCS_sniffles_0_90468	0.726.0.1
HG002vGRCh38_wm_50md_PBCCS_sniffles_0_92568	0.728.0.0
HG002vGRCh38_wm_50md_PBCCS_sniffles_0_92572	0.732.0.0
HG002vGRCh38_wm_50md_PBCCS_sniffles_0_92573	0.733.0.0
HG003vGRCh38_wm_50md_PBCCS_sniffles_0_90476	0.733.0.0
HG003vGRCh38_wm_50md_PBCCS_sniffles_0_90477	0.734.0.0
HG002vGRCh38_wm_50md_PBCCS_sniffles_0_92575	0.736.0.0
HG003vGRCh38_wm_50md_PBCCS_sniffles_0_90479	0.736.0.0
HG004vGRCh38_wm_50md_PBCCS_sniffles_0_89427	0.736.0.0
HG003vGRCh38_wm_50md_PBCCS_sniffles_0_90486	0.738.0.0
HG003vGRCh38_wm_50md_PBCCS_sniffles_0_90488	0.739.0.0
HG003vGRCh38_wm_50md_PBCCS_sniffles_0_88529	0.74.0.0
HG003vGRCh38_wm_50md_PBCCS_sniffles_0_90489	0.740.0.0
HG004vGRCh38_wm_50md_PBCCS_sniffles_0_89431	0.742.0.0
HG002vGRCh38_wm_50md_PBCCS_sniffles_0_92583	0.745.0.0
HG004vGRCh38_wm_50md_PBCCS_sniffles_0_89440	0.745.0.0
HG003vGRCh38_wm_50md_PBCCS_sniffles_0_90496	0.746.0.0
HG004vGRCh38_wm_50md_PBCCS_sniffles_0_89442	0.746.0.0
HG004vGRCh38_wm_50md_PBCCS_sniffles_0_89443	0.747.0.0
HG002vGRCh38_wm_50md_PBCCS_sniffles_0_92585	0.748.0.0
HG004vGRCh38_wm_50md_PBCCS_sniffles_0_89444	0.748.0.0
HG002vGRCh38_wm_50md_PBCCS_sniffles_0_90574	0.75.0.0
HG004vGRCh38_wm_50md_PBCCS_sniffles_0_86518	0.75.0.1
HG004vGRCh38_wm_50md_PBCCS_sniffles_0_89446	0.750.0.0
HG004vGRCh38_wm_50md_PBCCS_sniffles_0_89450	0.752.0.0
HG002vGRCh38_wm_50md_PBCCS_sniffles_0_92587	0.752.0.0
HG002vGRCh38_wm_50md_PBCCS_sniffles_0_92588	0.753.0.0
HG004vGRCh38_wm_50md_PBCCS_sniffles_0_89451	0.753.0.0
HG002vGRCh38_wm_50md_PBCCS_sniffles_0_92592	0.756.0.0
HG002vGRCh38_wm_50md_PBCCS_sniffles_0_92593	0.757.0.0
HG004vGRCh38_wm_50md_PBCCS_sniffles_0_89455	0.757.0.0
HG002vGRCh38_wm_50md_PBCCS_sniffles_0_92594	0.758.0.0
HG002vGRCh38_wm_50md_PBCCS_sniffles_0_90575	0.76.0.0
HG004vGRCh38_wm_50md_PBCCS_sniffles_0_86519	0.76.0.0
HG004vGRCh38_wm_50md_PBCCS_sniffles_0_89459	0.760.0.0
HG004vGRCh38_wm_50md_PBCCS_sniffles_0_89462	0.761.0.0
HG004vGRCh38_wm_50md_PBCCS_sniffles_0_89465	0.763.0.0
HG004vGRCh38_wm_50md_PBCCS_sniffles_0_89466	0.764.0.0
HG002vGRCh38_wm_50md_PBCCS_sniffles_0_92599	0.765.0.0
HG002vGRCh38_wm_50md_PBCCS_sniffles_0_92602	0.767.0.0
HG004vGRCh38_wm_50md_PBCCS_sniffles_0_89474	0.768.0.0
HG002vGRCh38_wm_50md_PBCCS_sniffles_0_92606	0.771.0.0
HG004vGRCh38_wm_50md_PBCCS_sniffles_0_89479	0.771.0.0
HG002vGRCh38_wm_50md_PBCCS_sniffles_0_92607	0.772.0.0
HG004vGRCh38_wm_50md_PBCCS_sniffles_0_89480	0.772.0.0
HG003vGRCh38_wm_50md_PBCCS_sniffles_0_90507	0.774.0.0
HG004vGRCh38_wm_50md_PBCCS_sniffles_0_89482	0.774.0.0
HG002vGRCh38_wm_50md_PBCCS_sniffles_0_92611	0.775.0.0
HG004vGRCh38_wm_50md_PBCCS_sniffles_0_89491	0.778.0.0
HG002vGRCh38_wm_50md_PBCCS_sniffles_0_92614	0.779.0.0
HG004vGRCh38_wm_50md_PBCCS_sniffles_0_89492	0.779.0.0
HG004vGRCh38_wm_50md_PBCCS_sniffles_0_89493	0.780.0.0
HG002vGRCh38_wm_50md_PBCCS_sniffles_0_92616	0.782.0.0
HG004vGRCh38_wm_50md_PBCCS_sniffles_0_89498	0.782.0.0
HG002vGRCh38_wm_50md_PBCCS_sniffles_0_92617	0.783.0.0
HG004vGRCh38_wm_50md_PBCCS_sniffles_0_89499	0.783.0.0
HG004vGRCh38_wm_50md_PBCCS_sniffles_0_89501	0.784.0.0
HG002vGRCh38_wm_50md_PBCCS_sniffles_0_92619	0.785.0.0
HG004vGRCh38_wm_50md_PBCCS_sniffles_0_89502	0.785.0.0
HG004vGRCh38_wm_50md_PBCCS_sniffles_0_89505	0.786.0.0
HG004vGRCh38_wm_50md_PBCCS_sniffles_0_89506	0.787.0.0
HG002vGRCh38_wm_50md_PBCCS_sniffles_0_92625	0.789.0.0
HG002vGRCh38_wm_50md_PBCCS_sniffles_0_92626	0.790.0.0
HG004vGRCh38_wm_50md_PBCCS_sniffles_0_89515	0.791.0.0
HG003vGRCh38_wm_50md_PBCCS_sniffles_0_90518	0.794.0.0
HG004vGRCh38_wm_50md_PBCCS_sniffles_0_89518	0.795.0.0
HG004vGRCh38_wm_50md_PBCCS_sniffles_0_89521	0.796.0.0
HG002vGRCh38_wm_50md_PBCCS_sniffles_0_92631	0.796.0.0
HG004vGRCh38_wm_50md_PBCCS_sniffles_0_89523	0.797.0.0
HG004vGRCh38_wm_50md_PBCCS_sniffles_0_89524	0.797.0.0
HG003vGRCh38_wm_50md_PBCCS_sniffles_0_90520	0.798.0.0
HG002vGRCh38_wm_50md_PBCCS_sniffles_0_92637	0.803.0.0
HG003vGRCh38_wm_50md_PBCCS_sniffles_0_90531	0.805.0.0
HG003vGRCh38_wm_50md_PBCCS_sniffles_0_90532	0.806.0.0
HG004vGRCh38_wm_50md_PBCCS_sniffles_0_89538	0.807.0.0
HG004vGRCh38_wm_50md_PBCCS_sniffles_0_89543	0.809.0.0
HG002vGRCh38_wm_50md_PBCCS_sniffles_0_92646	0.811.0.0
HG004vGRCh38_wm_50md_PBCCS_sniffles_0_89545	0.811.0.0
HG003vGRCh38_wm_50md_PBCCS_sniffles_0_90537	0.812.0.0
HG003vGRCh38_wm_50md_PBCCS_sniffles_0_90538	0.813.0.0
HG002vGRCh38_wm_50md_PBCCS_sniffles_0_92649	0.814.0.0
HG002vGRCh38_wm_50md_PBCCS_sniffles_0_92650	0.815.0.0
HG004vGRCh38_wm_50md_PBCCS_sniffles_0_89550	0.815.0.0
HG004vGRCh38_wm_50md_PBCCS_sniffles_0_89557	0.817.0.0
HG002vGRCh38_wm_50md_PBCCS_sniffles_0_92654	0.818.0.0
HG004vGRCh38_wm_50md_PBCCS_sniffles_0_89558	0.818.0.0
HG004vGRCh38_wm_50md_PBCCS_sniffles_0_89559	0.819.0.0
HG003vGRCh38_wm_50md_PBCCS_sniffles_0_88544	0.82.0.0
HG002vGRCh38_wm_50md_PBCCS_sniffles_0_92663	0.822.0.0
HG003vGRCh38_wm_50md_PBCCS_sniffles_0_90552	0.822.0.0
HG004vGRCh38_wm_50md_PBCCS_sniffles_0_89573	0.822.0.0
HG003vGRCh38_wm_50md_PBCCS_sniffles_0_90553	0.823.0.0
HG004vGRCh38_wm_50md_PBCCS_sniffles_0_89576	0.824.0.0
HG002vGRCh38_wm_50md_PBCCS_sniffles_0_92667	0.826.0.0.0
HG003vGRCh38_wm_50md_PBCCS_sniffles_0_90561	0.826.0.0.0
HG004vGRCh38_wm_50md_PBCCS_sniffles_0_89579	0.826.0.0.0
HG003vGRCh38_wm_50md_PBCCS_sniffles_0_90559	0.826.1.0.0
HG002vGRCh38_wm_50md_PBCCS_sniffles_0_92669	0.826.2.0.0
HG003vGRCh38_wm_50md_PBCCS_sniffles_0_90562	0.826.2.0.0
HG004vGRCh38_wm_50md_PBCCS_sniffles_0_89581	0.826.2.0.0
HG003vGRCh38_wm_50md_PBCCS_sniffles_0_90564	0.827.0.0
HG002vGRCh38_wm_50md_PBCCS_sniffles_0_92671	0.827.0.0
HG004vGRCh38_wm_50md_PBCCS_sniffles_0_89583	0.827.0.0
HG002vGRCh38_wm_50md_PBCCS_sniffles_0_90590	0.84.0.0
HG004vGRCh38_wm_50md_PBCCS_sniffles_0_86531	0.85.0.0
HG004vGRCh38_wm_50md_PBCCS_sniffles_0_86390	0.9.0.0
HG002vGRCh38_wm_50md_PBCCS_sniffles_0_90432	0.9.0.0
HG004vGRCh38_wm_50md_PBCCS_sniffles_0_86550	0.94.0.0
HG003vGRCh38_wm_50md_PBCCS_sniffles_0_88564	0.97.0.0
