HG004vGRCh38_wm_50md_PBCCS_sniffles_0_86984	0.0.0.0.0
HG003vGRCh38_wm_50md_PBCCS_sniffles_0_88985	0.0.1.0.0
HG002vGRCh38_wm_50md_PBCCS_sniffles_0_91013	0.0.1.0.0
HG004vGRCh38_wm_50md_PBCCS_sniffles_0_86962	0.0.1.0.0
HG003vGRCh38_wm_50md_PBCCS_sniffles_0_89418	0.1.0.0.0.0
HG004vGRCh38_wm_50md_PBCCS_sniffles_0_87698	0.1.0.0.0.0
HG002vGRCh38_wm_50md_PBCCS_sniffles_0_91464	0.1.0.0.0.0
HG002vGRCh38_wm_50md_PBCCS_sniffles_0_92162	0.1.0.1.0.0
HG004vGRCh38_wm_50md_PBCCS_sniffles_0_88781	0.1.0.1.0.0
HG002vGRCh38_wm_50md_PBCCS_sniffles_0_91442	0.1.1.0.0
HG002vGRCh38_wm_50md_PBCCS_sniffles_0_91471	0.1.1.0.1
HG003vGRCh38_wm_50md_PBCCS_sniffles_0_89427	0.1.1.0.1
HG004vGRCh38_wm_50md_PBCCS_sniffles_0_87711	0.1.1.0.1
HG003vGRCh38_wm_50md_PBCCS_sniffles_0_90098	0.1.2.0.0
HG004vGRCh38_wm_50md_PBCCS_sniffles_0_88796	0.1.2.0.0
HG004vGRCh38_wm_50md_PBCCS_sniffles_0_88273	0.1.3.0.0
HG004vGRCh38_wm_50md_PBCCS_sniffles_0_88275	0.1.3.0.0
HG003vGRCh38_wm_50md_PBCCS_sniffles_0_89803	0.1.3.0.0
HG003vGRCh38_wm_50md_PBCCS_sniffles_0_89455	0.1.4.0.0
HG004vGRCh38_wm_50md_PBCCS_sniffles_0_87750	0.1.4.0.0
HG004vGRCh38_wm_50md_PBCCS_sniffles_0_89197	0.2.0.0
HG003vGRCh38_wm_50md_PBCCS_sniffles_0_90343	0.2.0.0
